[command] D:\python311\python311.exe D:\研一上\研究课题\bld\bld_new\scip_v_by_y_parallel+timelimit_force\bld_main.py --mode solve --input D:\研一上\研究课题\bld\bld_new\scip_v_by_y_parallel+timelimit_force\parallel_runs\inputs\i200v5t300_input.xlsx --output D:\研一上\研究课题\bld\bld_new\scip_v_by_y_parallel+timelimit_force\parallel_runs\outputs\i200v5t300.xlsx

正在读取数据(Excel).

========== Params 读取回显（input.xlsx -> Params） ==========
  B1 | num_of_SKUs     = 200
  B2 | num_of_Vehicles = 5
  B3 | num_of_Batches  = 40
  B4 | B_LB            = 3
  B5 | B_UB            = 10
  B6 | b_v             = 5
  B7 | M_vk            = 10
  B8 | W_v_min         = 28.5
  B9 | W_v_max         = 32.5
 B10 | run_epagap      = 0.005
 B11 | run_epgap       = 0.003
 B12 | run_tilim       = 300.0
===========================================================

数据读取成功!
Prices 原始批次数: 40；启用批次数(进入模型): 20；Active=0 已被过滤: 20
=== 数据验证 ===
beta_min 样本: [0.35, 0.35, 0.35, 0.35, 0.35]
beta_max 样本: [0.4, 0.4, 0.4, 0.4, 0.4]
alpha_min 样本: [0.0, 0.005, 0.01, 0.015, 0.025]
alpha_max 样本: [0.005, 0.01, 0.015, 0.025, 0.07]
SKU beta 样本: [0.5247999999999999, 0.42469999999999997, 0.30635, 0.29864999999999997, 0.29864999999999997]
SKU alpha 样本: [0.013295, 0.068285, 0.1168, 0.1219, 0.1219]
[success]订单参数预检查通过。
进入优化模型求解.
构建顺序配矿模型（按车辆逐车求解，不再一次性联立求解）...

================ 当前求解车辆 1/5 ================
[SEQ-TIME] 全局总预算=300.000s，已用=0.000s，剩余=300.000s，剩余车辆数=5，本车 SCIP time limit=60.000s
配置 SCIP 求解参数 ...
[SEQ-TIME] 已禁用单车 run_epgap / run_epagap 提前停机；本车仅受 time limit 或最优性证明等 SCIP 自然终止条件影响。
presolving:
   (0.0s) symmetry computation started: requiring (bin +, int +, cont +), (fixed: bin -, int -, cont -)
   (0.0s) symmetry computation finished: 1 generators found (max: 1500, log10 of symmetry group size: 0.00) (symcode time: 0.00)
dynamic symmetry handling statistics:
   orbitopal reduction:       no components
   orbital reduction:         no components
   lexicographic reduction:    1 permutations with support sizes 40
handled 1 out of 1 symmetry components
presolving (0 rounds: 0 fast, 0 medium, 0 exhaustive):
 0 deleted vars, 0 deleted constraints, 0 added constraints, 0 tightened bounds, 0 added holes, 0 changed sides, 0 changed coefficients
 0 implications, 0 cliques
presolved problem has 4020 variables (4020 bin, 0 int, 0 impl, 0 cont) and 304 constraints
    304 constraints of type <linear>
Presolving Time: 0.00

 time | node  | left  |LP iter|LP it/n|mem/heur|mdpt |vars |cons |rows |cuts |sepa|confs|strbr|  dualbound   | primalbound  |  gap   | compl. 
  0.0s|     1 |     0 |    53 |     - |    59M |   0 |4020 | 331 | 295 |   0 |  0 |  36 |   0 | 6.928231e+04 |      --      |    Inf | unknown
r 0.0s|     1 |     0 |    53 |     - |shifting|   0 |4020 | 331 | 295 |   0 |  0 |  36 |   0 | 6.928231e+04 | 6.021774e+04 |  15.05%| unknown
  0.0s|     1 |     0 |    61 |     - |    62M |   0 |4020 | 331 | 298 |   3 |  1 |  36 |   0 | 6.928171e+04 | 6.021774e+04 |  15.05%| unknown
i 0.0s|     1 |     0 |    61 |     - |  oneopt|   0 |4020 | 331 | 298 |   3 |  1 |  36 |   0 | 6.928171e+04 | 6.844237e+04 |   1.23%| unknown
  0.0s|     1 |     0 |    76 |     - |    63M |   0 |4020 | 331 | 301 |   6 |  2 |  36 |   0 | 6.928077e+04 | 6.844237e+04 |   1.22%| unknown
  0.0s|     1 |     0 |    76 |     - |    64M |   0 |4020 | 331 | 277 |   6 |  2 |  36 |   0 | 6.928077e+04 | 6.844237e+04 |   1.22%| unknown
  0.0s|     1 |     0 |    86 |     - |    64M |   0 |4020 | 331 | 280 |   9 |  3 |  36 |   0 | 6.928057e+04 | 6.844237e+04 |   1.22%| unknown
  1.0s|     1 |     0 |    95 |     - |    66M |   0 |4020 | 331 | 283 |  12 |  4 |  36 |   0 | 6.928042e+04 | 6.844237e+04 |   1.22%| unknown
  1.0s|     1 |     0 |    98 |     - |    67M |   0 |4020 | 331 | 287 |  16 |  5 |  36 |   0 | 6.928035e+04 | 6.844237e+04 |   1.22%| unknown
  1.0s|     1 |     0 |   105 |     - |    67M |   0 |4020 | 331 | 290 |  19 |  6 |  36 |   0 | 6.928032e+04 | 6.844237e+04 |   1.22%| unknown
  1.0s|     1 |     0 |   113 |     - |    69M |   0 |4020 | 331 | 293 |  22 |  7 |  36 |   0 | 6.928029e+04 | 6.844237e+04 |   1.22%| unknown
  1.0s|     1 |     0 |   123 |     - |    70M |   0 |4020 | 331 | 296 |  25 |  8 |  36 |   0 | 6.928024e+04 | 6.844237e+04 |   1.22%| unknown
r 1.0s|     1 |     0 |   123 |     - |shifting|   0 |4020 | 331 | 296 |  25 |  8 |  36 |   0 | 6.928024e+04 | 6.889242e+04 |   0.56%| unknown
  1.0s|     1 |     0 |   127 |     - |    71M |   0 |4020 | 331 | 299 |  28 |  9 |  36 |   0 | 6.928020e+04 | 6.889242e+04 |   0.56%| unknown
  1.0s|     1 |     0 |   127 |     - |    71M |   0 |4020 | 331 | 238 |  28 |  9 |  36 |   0 | 6.928020e+04 | 6.889242e+04 |   0.56%| unknown
 time | node  | left  |LP iter|LP it/n|mem/heur|mdpt |vars |cons |rows |cuts |sepa|confs|strbr|  dualbound   | primalbound  |  gap   | compl. 
  1.0s|     1 |     0 |   131 |     - |    71M |   0 |4020 | 300 | 241 |  31 | 10 |  36 |   0 | 6.928017e+04 | 6.889242e+04 |   0.56%| unknown
  1.0s|     1 |     0 |   140 |     - |    71M |   0 |4020 | 300 | 244 |  34 | 11 |  36 |   0 | 6.928011e+04 | 6.889242e+04 |   0.56%| unknown
L 1.0s|     1 |     0 |   466 |     - |    alns|   0 |4020 | 254 | 244 |  34 | 11 |  76 |   0 | 6.928011e+04 | 6.901371e+04 |   0.39%| unknown
  1.0s|     1 |     0 |   466 |     - |    71M |   0 |4020 | 254 | 244 |  34 | 11 |  76 |   0 | 6.928011e+04 | 6.901371e+04 |   0.39%| unknown
  1.0s|     1 |     0 |   466 |     - |    71M |   0 |4020 | 254 | 214 |  34 | 11 |  76 |   0 | 6.928011e+04 | 6.901371e+04 |   0.39%| unknown
  1.0s|     1 |     0 |   473 |     - |    71M |   0 |4020 | 253 | 216 |  36 | 12 |  76 |   0 | 6.928007e+04 | 6.901371e+04 |   0.39%| unknown
  1.0s|     1 |     0 |   485 |     - |    71M |   0 |4020 | 253 | 219 |  39 | 13 |  76 |   0 | 6.928003e+04 | 6.901371e+04 |   0.39%| unknown
  1.0s|     1 |     2 |   485 |     - |    71M |   0 |4020 | 219 | 219 |  39 | 13 |  76 |  28 | 6.927825e+04 | 6.901371e+04 |   0.38%| unknown
  5.0s|   100 |    87 |  1997 |  18.6 |    95M |  19 |4020 | 279 | 203 | 101 |  1 | 138 | 636 | 6.927814e+04 | 6.901371e+04 |   0.38%|   8.00%
d 6.0s|   170 |   146 |  3953 |  22.4 |conflict|  24 |4020 | 313 | 203 |   0 |  1 | 173 | 658 | 6.927814e+04 | 6.918869e+04 |   0.13%|  16.17%
  7.0s|   200 |   176 |  4129 |  19.9 |   108M |  24 |4020 | 301 | 202 | 153 |  1 | 173 | 664 | 6.927814e+04 | 6.918869e+04 |   0.13%|  16.17%
  7.0s|   300 |   272 |  4833 |  15.6 |   111M |  25 |4020 | 320 | 204 | 183 |  1 | 196 | 720 | 6.927813e+04 | 6.918869e+04 |   0.13%|  16.17%
L 8.0s|   370 |   299 |  5460 |  14.4 |crossove|  32 |4020 | 321 | 201 | 201 |  1 | 197 | 786 | 6.927813e+04 | 6.925664e+04 |   0.03%|  29.91%
  8.0s|   400 |   317 |  5679 |  13.8 |   114M |  32 |4020 | 311 | 203 | 204 |  1 | 202 | 806 | 6.927813e+04 | 6.925664e+04 |   0.03%|  29.93%
  9.0s|   500 |   413 |  6389 |  12.5 |   115M |  33 |4020 | 322 | 205 | 266 |  1 | 223 | 816 | 6.927812e+04 | 6.925664e+04 |   0.03%|  29.93%
 time | node  | left  |LP iter|LP it/n|mem/heur|mdpt |vars |cons |rows |cuts |sepa|confs|strbr|  dualbound   | primalbound  |  gap   | compl. 
  9.0s|   600 |   511 |  7206 |  11.8 |   115M |  34 |4020 | 374 | 203 | 314 |  1 | 281 | 836 | 6.927812e+04 | 6.925664e+04 |   0.03%|  29.94%
 10.0s|   700 |   601 |  7994 |  11.2 |   116M |  34 |4020 | 380 | 205 | 374 |  1 | 310 | 876 | 6.927812e+04 | 6.925664e+04 |   0.03%|  29.94%
 11.0s|   800 |   701 |  8493 |  10.4 |   117M |  34 |4020 | 395 | 201 | 390 |  1 | 339 | 928 | 6.927812e+04 | 6.925664e+04 |   0.03%|  29.94%
 11.0s|   900 |   796 |  9632 |  10.5 |   117M |  34 |4020 | 437 | 203 | 434 |  1 | 390 | 950 | 6.927812e+04 | 6.925664e+04 |   0.03%|  29.94%
 12.0s|  1000 |   890 | 10246 |  10.1 |   117M |  34 |4020 | 443 | 205 | 466 |  1 | 405 | 964 | 6.927810e+04 | 6.925664e+04 |   0.03%|  29.94%
 12.0s|  1100 |   988 | 10933 |   9.8 |   117M |  34 |4020 | 460 | 204 | 507 |  1 | 430 | 966 | 6.927809e+04 | 6.925664e+04 |   0.03%|  29.95%
 13.0s|  1200 |  1076 | 11626 |   9.6 |   117M |  34 |4020 | 475 | 207 | 542 |  1 | 460 | 985 | 6.927809e+04 | 6.925664e+04 |   0.03%|  29.95%
 13.0s|  1300 |  1166 | 12116 |   9.2 |   119M |  34 |4020 | 486 |   0 | 566 |  0 | 480 | 994 | 6.927809e+04 | 6.925664e+04 |   0.03%|  29.95%
 14.0s|  1400 |  1252 | 12668 |   8.9 |   119M |  38 |4020 | 511 | 204 | 595 |  1 | 537 |1071 | 6.927809e+04 | 6.925664e+04 |   0.03%|  29.95%
 15.0s|  1500 |  1342 | 13184 |   8.7 |   119M |  38 |4020 | 518 | 204 | 622 |  1 | 554 |1091 | 6.927808e+04 | 6.925664e+04 |   0.03%|  29.96%
 15.0s|  1600 |  1434 | 13773 |   8.5 |   119M |  38 |4020 | 530 |   0 | 646 |  0 | 570 |1093 | 6.927808e+04 | 6.925664e+04 |   0.03%|  29.96%
Restart triggered after 50 consecutive estimations that the remaining tree will be large
 16.0s|  1700 |  1520 | 14295 |   8.3 |   120M |  38 |4020 | 570 | 203 | 675 |  1 | 639 |1121 | 6.927808e+04 | 6.925664e+04 |   0.03%|  29.96%
 16.0s|  1800 |  1598 | 14741 |   8.1 |   120M |  40 |4020 | 580 |   0 | 694 |  0 | 664 |1134 | 6.927808e+04 | 6.925664e+04 |   0.03%|  29.96%
r16.0s|  1822 |  1480 | 14803 |   8.0 |ziroundi|  40 |4020 | 582 | 205 | 700 |  1 | 674 |1138 | 6.927808e+04 | 6.926652e+04 |   0.02%|  30.02%
r16.0s|  1847 |  1482 | 14896 |   8.0 |ziroundi|  40 |4020 | 579 | 206 | 702 |  3 | 680 |1141 | 6.927808e+04 | 6.926652e+04 |   0.02%|  30.07%
 time | node  | left  |LP iter|LP it/n|mem/heur|mdpt |vars |cons |rows |cuts |sepa|confs|strbr|  dualbound   | primalbound  |  gap   | compl. 
 16.0s|  1900 |  1529 | 15383 |   8.0 |   120M |  40 |4020 | 608 | 207 | 748 |  2 | 733 |1148 | 6.927807e+04 | 6.926652e+04 |   0.02%|  30.07%
 17.0s|  2000 |  1601 | 15976 |   7.9 |   120M |  40 |4020 | 658 | 203 | 767 |  1 | 812 |1154 | 6.927807e+04 | 6.926652e+04 |   0.02%|  30.10%
 17.0s|  2100 |  1645 | 16392 |   7.7 |   121M |  40 |4020 | 702 | 203 | 781 |  1 | 867 |1163 | 6.927807e+04 | 6.926652e+04 |   0.02%|  30.11%
 17.0s|  2200 |  1691 | 17104 |   7.7 |   121M |  46 |4020 | 762 | 203 | 796 |  1 | 938 |1175 | 6.927807e+04 | 6.926652e+04 |   0.02%|  30.12%
 18.0s|  2300 |  1767 | 17752 |   7.7 |   121M |  46 |4020 | 791 | 207 | 831 |  2 | 992 |1180 | 6.927807e+04 | 6.926652e+04 |   0.02%|  30.13%
 18.0s|  2400 |  1832 | 18183 |   7.5 |   121M |  46 |4020 | 864 | 203 | 842 |  1 |1074 |1189 | 6.927807e+04 | 6.926652e+04 |   0.02%|  30.13%
 19.0s|  2500 |  1886 | 18596 |   7.4 |   121M |  46 |4020 | 943 |   0 | 873 |  0 |1159 |1191 | 6.927806e+04 | 6.926652e+04 |   0.02%|  30.13%
 19.0s|  2600 |  1944 | 19127 |   7.3 |   121M |  46 |4020 | 954 | 206 | 899 |  1 |1201 |1194 | 6.927806e+04 | 6.926652e+04 |   0.02%|  30.14%
 19.0s|  2700 |  2026 | 19883 |   7.3 |   121M |  46 |4020 |1041 | 202 | 943 |  1 |1309 |1201 | 6.927805e+04 | 6.926652e+04 |   0.02%|  30.15%
 20.0s|  2800 |  2096 | 20382 |   7.2 |   121M |  46 |4020 |1067 | 203 | 946 |  1 |1355 |1209 | 6.927805e+04 | 6.926652e+04 |   0.02%|  30.20%
 20.0s|  2900 |  2166 | 20899 |   7.2 |   122M |  46 |4020 |1129 |   0 | 971 |  0 |1433 |1210 | 6.927805e+04 | 6.926652e+04 |   0.02%|  30.20%
 21.0s|  3000 |  2221 | 21313 |   7.1 |   122M |  47 |4020 |1180 | 201 |1006 |  0 |1493 |1211 | 6.927803e+04 | 6.926652e+04 |   0.02%|  30.21%
 21.0s|  3100 |  2302 | 21739 |   7.0 |   123M |  47 |4020 |1295 | 204 |1030 |  1 |1627 |1212 | 6.927803e+04 | 6.926652e+04 |   0.02%|  30.23%
 21.0s|  3200 |  2371 | 22140 |   6.9 |   123M |  47 |4020 |1337 | 201 |1033 |  1 |1695 |1213 | 6.927803e+04 | 6.926652e+04 |   0.02%|  30.23%
 21.0s|  3300 |  2420 | 22375 |   6.7 |   123M |  47 |4020 |1398 | 205 |1035 |  2 |1760 |1213 | 6.927803e+04 | 6.926652e+04 |   0.02%|  30.23%
 time | node  | left  |LP iter|LP it/n|mem/heur|mdpt |vars |cons |rows |cuts |sepa|confs|strbr|  dualbound   | primalbound  |  gap   | compl. 
 22.0s|  3400 |  2490 | 22841 |   6.7 |   123M |  47 |4020 |1452 | 204 |1047 |  1 |1842 |1216 | 6.927803e+04 | 6.926652e+04 |   0.02%|  30.24%
 22.0s|  3500 |  2567 | 23606 |   6.7 |   123M |  47 |4020 |1507 | 206 |1055 |  1 |1923 |1216 | 6.927803e+04 | 6.926652e+04 |   0.02%|  30.24%
 22.0s|  3600 |  2634 | 24103 |   6.7 |   124M |  47 |4020 |1562 | 205 |1079 |  1 |1993 |1216 | 6.927803e+04 | 6.926652e+04 |   0.02%|  30.24%
 23.0s|  3700 |  2724 | 24721 |   6.6 |   124M |  47 |4020 |1602 | 204 |1107 |  1 |2068 |1216 | 6.927803e+04 | 6.926652e+04 |   0.02%|  30.24%
r23.0s|  3746 |  2757 | 25010 |   6.6 |ziroundi|  47 |4020 |1606 | 204 |1110 |  1 |2090 |1216 | 6.927803e+04 | 6.926690e+04 |   0.02%|  30.25%
 23.0s|  3800 |  2771 | 25188 |   6.6 |   124M |  47 |4020 |1598 | 204 |1111 |  1 |2104 |1217 | 6.927803e+04 | 6.926690e+04 |   0.02%|  30.28%
 23.0s|  3900 |  2804 | 25473 |   6.5 |   124M |  47 |4020 |1598 | 204 |1113 |  1 |2122 |1219 | 6.927803e+04 | 6.926690e+04 |   0.02%|  30.28%
 24.0s|  4000 |  2852 | 25967 |   6.5 |   124M |  47 |4020 |1629 | 204 |1134 |  2 |2168 |1219 | 6.927802e+04 | 6.926690e+04 |   0.02%|  30.28%
 24.0s|  4100 |  2922 | 26555 |   6.4 |   124M |  47 |4020 |1666 |   0 |1177 |  0 |2240 |1219 | 6.927802e+04 | 6.926690e+04 |   0.02%|  30.28%
 25.0s|  4200 |  2979 | 27050 |   6.4 |   124M |  47 |4020 |1688 | 202 |1196 |  1 |2305 |1219 | 6.927801e+04 | 6.926690e+04 |   0.02%|  30.31%
 25.0s|  4300 |  3069 | 27577 |   6.4 |   124M |  47 |4020 |1749 | 208 |1220 |  1 |2407 |1219 | 6.927801e+04 | 6.926690e+04 |   0.02%|  30.34%
 26.0s|  4400 |  3134 | 28034 |   6.3 |   124M |  47 |4020 |1754 | 208 |1246 |  1 |2441 |1220 | 6.927801e+04 | 6.926690e+04 |   0.02%|  30.34%
 26.0s|  4500 |  3209 | 28691 |   6.3 |   125M |  47 |4020 |1802 | 201 |1274 |  1 |2519 |1220 | 6.927801e+04 | 6.926690e+04 |   0.02%|  30.35%
 27.0s|  4600 |  3255 | 29108 |   6.3 |   125M |  47 |4020 |1862 | 207 |1299 |  1 |2598 |1221 | 6.927801e+04 | 6.926690e+04 |   0.02%|  30.35%
 27.0s|  4700 |  3351 | 29843 |   6.3 |   125M |  47 |4020 |1840 | 204 |1354 |  1 |2654 |1221 | 6.927800e+04 | 6.926690e+04 |   0.02%|  30.35%
 time | node  | left  |LP iter|LP it/n|mem/heur|mdpt |vars |cons |rows |cuts |sepa|confs|strbr|  dualbound   | primalbound  |  gap   | compl. 
 28.0s|  4800 |  3440 | 30390 |   6.3 |   125M |  47 |4020 |1860 | 205 |1374 |  1 |2713 |1222 | 6.927800e+04 | 6.926690e+04 |   0.02%|  30.35%
 28.0s|  4900 |  3512 | 30941 |   6.3 |   126M |  47 |4020 |1885 |   0 |1399 |  0 |2772 |1222 | 6.927800e+04 | 6.926690e+04 |   0.02%|  30.35%
 29.0s|  5000 |  3584 | 31623 |   6.3 |   126M |  47 |4020 |1894 |   0 |1439 |  0 |2829 |1223 | 6.927800e+04 | 6.926690e+04 |   0.02%|  30.35%
 29.0s|  5100 |  3637 | 32088 |   6.3 |   127M |  47 |4020 |1932 | 207 |1447 |  1 |2891 |1223 | 6.927800e+04 | 6.926690e+04 |   0.02%|  30.35%
 29.0s|  5200 |  3708 | 32675 |   6.3 |   127M |  47 |4020 |1948 | 208 |1474 |  1 |2952 |1223 | 6.927799e+04 | 6.926690e+04 |   0.02%|  30.36%
L29.0s|  5212 |  3720 | 32730 |   6.3 |crossove|  47 |4020 |1958 | 207 |1474 |  1 |2962 |1223 | 6.927799e+04 | 6.926694e+04 |   0.02%|  30.36%
 30.0s|  5300 |  3766 | 33144 |   6.2 |   127M |  47 |4020 |1988 | 204 |1478 |  1 |3031 |1225 | 6.927799e+04 | 6.926694e+04 |   0.02%|  30.38%
 30.0s|  5400 |  3806 | 33447 |   6.2 |   127M |  47 |4020 |2035 |   0 |1492 |  0 |3090 |1227 | 6.927799e+04 | 6.926694e+04 |   0.02%|  30.38%
L30.0s|  5497 |  3884 | 34085 |   6.2 |crossove|  47 |4020 |2133 | 206 |1520 |  2 |3228 |1228 | 6.927799e+04 | 6.926696e+04 |   0.02%|  30.38%
 30.0s|  5500 |  3885 | 34095 |   6.2 |   128M |  47 |4020 |2133 | 206 |1520 |  1 |3228 |1228 | 6.927799e+04 | 6.926696e+04 |   0.02%|  30.38%
 31.0s|  5600 |  3926 | 34595 |   6.2 |   128M |  47 |4020 |2170 |   0 |1555 |  0 |3309 |1230 | 6.927798e+04 | 6.926696e+04 |   0.02%|  30.40%
 31.0s|  5700 |  3963 | 35039 |   6.1 |   128M |  47 |4020 |2187 | 213 |1599 |  3 |3353 |1231 | 6.927798e+04 | 6.926696e+04 |   0.02%|  30.42%
 32.0s|  5800 |  4026 | 35551 |   6.1 |   128M |  48 |4020 |2211 | 205 |1630 |  1 |3413 |1231 | 6.927798e+04 | 6.926696e+04 |   0.02%|  30.42%
 32.0s|  5900 |  4081 | 36168 |   6.1 |   129M |  48 |4020 |2217 | 209 |1652 |  1 |3474 |1232 | 6.927798e+04 | 6.926696e+04 |   0.02%|  30.47%
 32.0s|  6000 |  4175 | 36715 |   6.1 |   129M |  48 |4020 |2219 | 207 |1667 |  1 |3527 |1232 | 6.927798e+04 | 6.926696e+04 |   0.02%|  30.47%
 time | node  | left  |LP iter|LP it/n|mem/heur|mdpt |vars |cons |rows |cuts |sepa|confs|strbr|  dualbound   | primalbound  |  gap   | compl. 
 33.0s|  6100 |  4269 | 37426 |   6.1 |   129M |  48 |4020 |2211 | 206 |1692 |  1 |3594 |1232 | 6.927797e+04 | 6.926696e+04 |   0.02%|  30.47%
 33.0s|  6200 |  4351 | 37942 |   6.1 |   129M |  48 |4020 |2220 | 203 |1696 |  1 |3661 |1232 | 6.927797e+04 | 6.926696e+04 |   0.02%|  30.47%
 34.0s|  6300 |  4439 | 38872 |   6.1 |   129M |  48 |4020 |2214 | 204 |1706 |  1 |3691 |1232 | 6.927797e+04 | 6.926696e+04 |   0.02%|  30.48%
 34.0s|  6400 |  4513 | 39352 |   6.1 |   129M |  48 |4020 |2237 | 207 |1717 |  1 |3743 |1232 | 6.927797e+04 | 6.926696e+04 |   0.02%|  30.48%
 35.0s|  6500 |  4551 | 39747 |   6.1 |   129M |  48 |4020 |2260 |   0 |1748 |  0 |3796 |1232 | 6.927797e+04 | 6.926696e+04 |   0.02%|  30.50%
 35.0s|  6600 |  4587 | 40099 |   6.1 |   129M |  48 |4020 |2247 | 202 |1762 |  1 |3827 |1234 | 6.927797e+04 | 6.926696e+04 |   0.02%|  30.50%
 35.0s|  6700 |  4635 | 40527 |   6.0 |   129M |  48 |4020 |2286 | 202 |1779 |  1 |3893 |1235 | 6.927797e+04 | 6.926696e+04 |   0.02%|  30.50%
 36.0s|  6800 |  4689 | 40948 |   6.0 |   129M |  48 |4020 |2264 |   0 |1799 |  0 |3946 |1235 | 6.927796e+04 | 6.926696e+04 |   0.02%|  30.51%
 36.0s|  6900 |  4742 | 41283 |   6.0 |   131M |  48 |4020 |2359 | 204 |1802 |  1 |4067 |1235 | 6.927796e+04 | 6.926696e+04 |   0.02%|  30.52%
 36.0s|  7000 |  4801 | 41772 |   5.9 |   131M |  48 |4020 |2333 | 204 |1815 |  2 |4136 |1235 | 6.927796e+04 | 6.926696e+04 |   0.02%|  30.54%
 37.0s|  7100 |  4860 | 42361 |   5.9 |   131M |  48 |4020 |2362 |   0 |1854 |  0 |4211 |1237 | 6.927796e+04 | 6.926696e+04 |   0.02%|  30.54%
 37.0s|  7200 |  4917 | 42926 |   5.9 |   131M |  48 |4020 |2410 | 208 |1883 |  1 |4308 |1238 | 6.927796e+04 | 6.926696e+04 |   0.02%|  30.54%
 37.0s|  7300 |  4965 | 43315 |   5.9 |   131M |  48 |4020 |2458 | 201 |1898 |  2 |4378 |1240 | 6.927796e+04 | 6.926696e+04 |   0.02%|  30.54%
 37.0s|  7400 |  5019 | 43627 |   5.9 |   131M |  48 |4020 |2474 | 205 |1910 |  1 |4421 |1240 | 6.927796e+04 | 6.926696e+04 |   0.02%|  30.54%
 38.0s|  7500 |  5062 | 44010 |   5.8 |   131M |  48 |4020 |2547 |   0 |1927 |  0 |4503 |1240 | 6.927796e+04 | 6.926696e+04 |   0.02%|  30.54%
 time | node  | left  |LP iter|LP it/n|mem/heur|mdpt |vars |cons |rows |cuts |sepa|confs|strbr|  dualbound   | primalbound  |  gap   | compl. 
 38.0s|  7600 |  5113 | 44405 |   5.8 |   131M |  48 |4020 |2544 |   0 |1936 |  0 |4565 |1241 | 6.927796e+04 | 6.926696e+04 |   0.02%|  30.55%
 38.0s|  7700 |  5193 | 45396 |   5.9 |   131M |  48 |4020 |2455 | 206 |1962 |  1 |4595 |1243 | 6.927796e+04 | 6.926696e+04 |   0.02%|  30.57%
 39.0s|  7800 |  5273 | 45946 |   5.9 |   131M |  48 |4020 |2491 | 206 |1986 |  1 |4682 |1243 | 6.927795e+04 | 6.926696e+04 |   0.02%|  30.57%
r39.0s|  7804 |  5275 | 45959 |   5.9 |ziroundi|  48 |4020 |2492 | 206 |1986 |  1 |4683 |1243 | 6.927795e+04 | 6.926698e+04 |   0.02%|  30.57%
 39.0s|  7900 |  5313 | 46341 |   5.8 |   131M |  48 |4020 |2529 | 207 |2025 |  1 |4766 |1246 | 6.927795e+04 | 6.926698e+04 |   0.02%|  30.58%
 40.0s|  8000 |  5390 | 46945 |   5.8 |   131M |  48 |4020 |2563 | 206 |2063 |  1 |4877 |1247 | 6.927795e+04 | 6.926698e+04 |   0.02%|  30.58%
 40.0s|  8100 |  5468 | 47437 |   5.8 |   131M |  48 |4020 |2533 | 204 |2072 |  1 |4938 |1251 | 6.927795e+04 | 6.926698e+04 |   0.02%|  30.58%
 41.0s|  8200 |  5562 | 48071 |   5.8 |   132M |  48 |4020 |2581 | 207 |2091 |  1 |5035 |1251 | 6.927795e+04 | 6.926698e+04 |   0.02%|  30.58%
 41.0s|  8300 |  5650 | 48795 |   5.9 |   132M |  48 |4020 |2604 | 205 |2116 |  1 |5126 |1252 | 6.927795e+04 | 6.926698e+04 |   0.02%|  30.58%
 41.0s|  8400 |  5711 | 49248 |   5.8 |   132M |  48 |4020 |2670 | 206 |2137 |  1 |5218 |1259 | 6.927795e+04 | 6.926698e+04 |   0.02%|  30.58%
 42.0s|  8500 |  5779 | 49771 |   5.8 |   132M |  48 |4020 |2666 | 205 |2154 |  1 |5293 |1262 | 6.927795e+04 | 6.926698e+04 |   0.02%|  30.58%
 42.0s|  8600 |  5840 | 50247 |   5.8 |   132M |  48 |4020 |2661 | 210 |2175 |  1 |5375 |1262 | 6.927795e+04 | 6.926698e+04 |   0.02%|  30.58%
 42.0s|  8700 |  5905 | 50690 |   5.8 |   133M |  48 |4020 |2625 | 203 |2180 |  1 |5440 |1262 | 6.927795e+04 | 6.926698e+04 |   0.02%|  30.60%
 43.0s|  8800 |  5993 | 51305 |   5.8 |   133M |  48 |4020 |2554 | 210 |2215 |  1 |5494 |1262 | 6.927795e+04 | 6.926698e+04 |   0.02%|  30.60%
 43.0s|  8900 |  6057 | 51747 |   5.8 |   133M |  48 |4020 |2541 | 210 |2232 |  2 |5561 |1263 | 6.927795e+04 | 6.926698e+04 |   0.02%|  30.60%
 time | node  | left  |LP iter|LP it/n|mem/heur|mdpt |vars |cons |rows |cuts |sepa|confs|strbr|  dualbound   | primalbound  |  gap   | compl. 
 43.0s|  9000 |  6098 | 52102 |   5.8 |   133M |  48 |4020 |2575 | 210 |2245 |  1 |5639 |1264 | 6.927795e+04 | 6.926698e+04 |   0.02%|  30.60%
 44.0s|  9100 |  6143 | 52506 |   5.8 |   133M |  48 |4020 |2612 |   0 |2261 |  0 |5715 |1267 | 6.927795e+04 | 6.926698e+04 |   0.02%|  30.60%
 44.0s|  9200 |  6209 | 53093 |   5.8 |   134M |  48 |4020 |2603 | 211 |2304 |  1 |5783 |1274 | 6.927795e+04 | 6.926698e+04 |   0.02%|  30.60%
 44.0s|  9300 |  6280 | 53692 |   5.8 |   134M |  48 |4020 |2604 | 206 |2314 |  1 |5882 |1274 | 6.927794e+04 | 6.926698e+04 |   0.02%|  30.60%
 45.0s|  9400 |  6344 | 54215 |   5.8 |   135M |  48 |4020 |2646 | 212 |2329 |  2 |5951 |1279 | 6.927794e+04 | 6.926698e+04 |   0.02%|  30.60%
 45.0s|  9500 |  6410 | 54702 |   5.7 |   135M |  48 |4020 |2681 |   0 |2348 |  0 |6028 |1285 | 6.927794e+04 | 6.926698e+04 |   0.02%|  30.60%
 46.0s|  9600 |  6470 | 55221 |   5.7 |   135M |  48 |4020 |2638 | 204 |2386 |  1 |6075 |1288 | 6.927794e+04 | 6.926698e+04 |   0.02%|  30.60%
 46.0s|  9700 |  6547 | 55613 |   5.7 |   135M |  48 |4020 |2670 | 208 |2405 |  1 |6166 |1290 | 6.927794e+04 | 6.926698e+04 |   0.02%|  30.60%
 46.0s|  9800 |  6576 | 55958 |   5.7 |   135M |  48 |4020 |2668 | 213 |2435 |  1 |6197 |1298 | 6.927794e+04 | 6.926698e+04 |   0.02%|  30.60%
 47.0s|  9900 |  6645 | 56376 |   5.7 |   136M |  51 |4020 |2716 | 206 |2442 |  1 |6322 |1298 | 6.927794e+04 | 6.926698e+04 |   0.02%|  30.60%
 47.0s| 10000 |  6706 | 56789 |   5.7 |   136M |  51 |4020 |2798 |   0 |2449 |  0 |6434 |1300 | 6.927794e+04 | 6.926698e+04 |   0.02%|  30.60%
 47.0s| 10100 |  6774 | 57254 |   5.7 |   136M |  51 |4020 |2854 | 204 |2475 |  1 |6578 |1300 | 6.927794e+04 | 6.926698e+04 |   0.02%|  30.60%
 48.0s| 10200 |  6827 | 57611 |   5.6 |   136M |  51 |4020 |2806 | 203 |2486 |  1 |6656 |1303 | 6.927794e+04 | 6.926698e+04 |   0.02%|  30.60%
 48.0s| 10300 |  6875 | 58082 |   5.6 |   136M |  51 |4020 |2844 | 205 |2495 |  1 |6742 |1307 | 6.927794e+04 | 6.926698e+04 |   0.02%|  30.60%
 48.0s| 10400 |  6961 | 58690 |   5.6 |   136M |  51 |4020 |2837 | 207 |2510 |  1 |6849 |1307 | 6.927794e+04 | 6.926698e+04 |   0.02%|  30.60%
 time | node  | left  |LP iter|LP it/n|mem/heur|mdpt |vars |cons |rows |cuts |sepa|confs|strbr|  dualbound   | primalbound  |  gap   | compl. 
 49.0s| 10500 |  7003 | 59105 |   5.6 |   136M |  51 |4020 |2844 | 212 |2538 |  1 |6907 |1310 | 6.927794e+04 | 6.926698e+04 |   0.02%|  30.60%
 49.0s| 10600 |  7044 | 59509 |   5.6 |   136M |  51 |4020 |2862 | 208 |2565 |  1 |6986 |1315 | 6.927794e+04 | 6.926698e+04 |   0.02%|  30.60%
 50.0s| 10700 |  7082 | 59951 |   5.6 |   138M |  51 |4020 |2873 | 206 |2607 |  1 |7062 |1324 | 6.927794e+04 | 6.926698e+04 |   0.02%|  30.61%
 50.0s| 10800 |  7135 | 60432 |   5.6 |   138M |  51 |4020 |2873 | 206 |2612 |  2 |7120 |1326 | 6.927793e+04 | 6.926698e+04 |   0.02%|  30.61%
 50.0s| 10900 |  7215 | 61106 |   5.6 |   138M |  51 |4020 |2843 | 205 |2625 |  1 |7180 |1327 | 6.927793e+04 | 6.926698e+04 |   0.02%|  30.61%
 51.0s| 11000 |  7297 | 61636 |   5.6 |   139M |  51 |4020 |2803 | 207 |2645 |  1 |7235 |1327 | 6.927793e+04 | 6.926698e+04 |   0.02%|  30.61%
 51.0s| 11100 |  7363 | 62106 |   5.6 |   139M |  51 |4020 |2777 | 203 |2658 |  1 |7296 |1329 | 6.927793e+04 | 6.926698e+04 |   0.02%|  30.61%
 52.0s| 11200 |  7446 | 62597 |   5.6 |   139M |  51 |4020 |2727 | 206 |2666 |  1 |7370 |1330 | 6.927793e+04 | 6.926698e+04 |   0.02%|  30.61%
 52.0s| 11300 |  7497 | 62976 |   5.6 |   139M |  51 |4020 |2751 | 203 |2677 |  2 |7431 |1337 | 6.927793e+04 | 6.926698e+04 |   0.02%|  30.61%
 52.0s| 11400 |  7567 | 63487 |   5.6 |   139M |  51 |4020 |2683 | 205 |2688 |  1 |7468 |1338 | 6.927793e+04 | 6.926698e+04 |   0.02%|  30.61%
 53.0s| 11500 |  7621 | 64016 |   5.6 |   139M |  51 |4020 |2657 | 204 |2698 |  1 |7518 |1338 | 6.927793e+04 | 6.926698e+04 |   0.02%|  30.61%
 53.0s| 11600 |  7702 | 64519 |   5.5 |   139M |  51 |4020 |2524 | 201 |2715 |  1 |7549 |1338 | 6.927793e+04 | 6.926698e+04 |   0.02%|  30.61%
 53.0s| 11700 |  7751 | 64962 |   5.5 |   139M |  51 |4020 |2500 | 203 |2730 |  1 |7590 |1339 | 6.927792e+04 | 6.926698e+04 |   0.02%|  30.61%
 54.0s| 11800 |  7802 | 65470 |   5.5 |   139M |  51 |4020 |2465 | 208 |2745 |  1 |7626 |1341 | 6.927792e+04 | 6.926698e+04 |   0.02%|  30.61%
 54.0s| 11900 |  7848 | 65954 |   5.5 |   139M |  51 |4020 |2474 | 209 |2762 |  1 |7676 |1341 | 6.927792e+04 | 6.926698e+04 |   0.02%|  30.61%
 time | node  | left  |LP iter|LP it/n|mem/heur|mdpt |vars |cons |rows |cuts |sepa|confs|strbr|  dualbound   | primalbound  |  gap   | compl. 
 54.0s| 12000 |  7901 | 66475 |   5.5 |   139M |  51 |4020 |2443 | 209 |2788 |  1 |7725 |1341 | 6.927792e+04 | 6.926698e+04 |   0.02%|  30.61%
 55.0s| 12100 |  7985 | 67019 |   5.5 |   140M |  51 |4020 |2421 | 207 |2804 |  1 |7766 |1341 | 6.927792e+04 | 6.926698e+04 |   0.02%|  30.61%
 55.0s| 12200 |  8045 | 67400 |   5.5 |   140M |  51 |4020 |2452 | 211 |2841 |  1 |7846 |1343 | 6.927792e+04 | 6.926698e+04 |   0.02%|  30.61%
 56.0s| 12300 |  8111 | 67820 |   5.5 |   140M |  51 |4020 |2484 |   0 |2854 |  0 |7936 |1348 | 6.927792e+04 | 6.926698e+04 |   0.02%|  30.61%
 56.0s| 12400 |  8147 | 68233 |   5.5 |   140M |  51 |4020 |2441 | 203 |2858 |  1 |7952 |1348 | 6.927792e+04 | 6.926698e+04 |   0.02%|  30.61%
 56.0s| 12500 |  8189 | 68563 |   5.5 |   140M |  51 |4020 |2401 | 207 |2863 |  1 |7978 |1351 | 6.927792e+04 | 6.926698e+04 |   0.02%|  30.61%
 56.0s| 12600 |  8218 | 68852 |   5.5 |   141M |  51 |4020 |2421 | 207 |2865 |  1 |8023 |1354 | 6.927792e+04 | 6.926698e+04 |   0.02%|  30.61%
 56.0s| 12700 |  8267 | 69284 |   5.4 |   142M |  51 |4020 |2386 |   0 |2880 |  0 |8060 |1354 | 6.927792e+04 | 6.926698e+04 |   0.02%|  30.61%
 57.0s| 12800 |  8316 | 69700 |   5.4 |   142M |  51 |4020 |2359 | 208 |2899 |  1 |8081 |1354 | 6.927792e+04 | 6.926698e+04 |   0.02%|  30.62%
 57.0s| 12900 |  8350 | 70000 |   5.4 |   142M |  51 |4020 |2308 |   0 |2905 |  0 |8098 |1356 | 6.927792e+04 | 6.926698e+04 |   0.02%|  30.62%
 57.0s| 13000 |  8390 | 70403 |   5.4 |   142M |  51 |4020 |2293 | 203 |2915 |  2 |8136 |1356 | 6.927792e+04 | 6.926698e+04 |   0.02%|  30.62%
 57.0s| 13100 |  8427 | 70800 |   5.4 |   142M |  51 |4020 |2263 | 212 |2930 |  1 |8162 |1357 | 6.927792e+04 | 6.926698e+04 |   0.02%|  30.62%
 58.0s| 13200 |  8503 | 71306 |   5.4 |   142M |  51 |4020 |2228 | 209 |2941 |  3 |8229 |1357 | 6.927791e+04 | 6.926698e+04 |   0.02%|  30.62%
 58.0s| 13300 |  8541 | 71703 |   5.4 |   142M |  51 |4020 |2218 | 207 |2951 |  0 |8270 |1358 | 6.927791e+04 | 6.926698e+04 |   0.02%|  30.62%
 58.0s| 13400 |  8592 | 72099 |   5.4 |   142M |  51 |4020 |2204 | 212 |2962 |  1 |8299 |1358 | 6.927791e+04 | 6.926698e+04 |   0.02%|  30.62%
 time | node  | left  |LP iter|LP it/n|mem/heur|mdpt |vars |cons |rows |cuts |sepa|confs|strbr|  dualbound   | primalbound  |  gap   | compl. 
 58.0s| 13500 |  8664 | 72609 |   5.4 |   142M |  51 |4020 |2141 |   0 |2975 |  0 |8318 |1358 | 6.927791e+04 | 6.926698e+04 |   0.02%|  30.62%
 59.0s| 13600 |  8684 | 72920 |   5.4 |   142M |  51 |4020 |2134 |   0 |2979 |  0 |8352 |1360 | 6.927791e+04 | 6.926698e+04 |   0.02%|  30.62%
 59.0s| 13700 |  8717 | 73284 |   5.3 |   142M |  51 |4020 |2099 |   0 |2987 |  0 |8372 |1360 | 6.927791e+04 | 6.926698e+04 |   0.02%|  30.62%
 59.0s| 13800 |  8763 | 73665 |   5.3 |   142M |  51 |4020 |2078 | 211 |2991 |  1 |8400 |1362 | 6.927791e+04 | 6.926698e+04 |   0.02%|  30.62%
 59.0s| 13900 |  8825 | 74145 |   5.3 |   142M |  51 |4020 |2076 |   0 |3022 |  0 |8448 |1371 | 6.927791e+04 | 6.926698e+04 |   0.02%|  30.62%

SCIP Status        : solving was interrupted [time limit reached]
Solving Time (sec) : 60.00
Solving Nodes      : 13960
Primal Bound       : +6.92669805930007e+04 (568 solutions)
Dual Bound         : +6.92779060173168e+04
Gap                : 0.02 %
[SCIP] Solver status: timelimit
[SCIP] Best objective (bestSol): 69266.98059300074
[SCIP] Final relative gap: 0.00015772918384084961
[SEQ] 第 1 车完成：已分配 SKU 数=26，装载湿重=32.495000，本车目标值=69266.980593，剩余 SKU 数=174

================ 当前求解车辆 2/5 ================
[SEQ-TIME] 全局总预算=300.000s，已用=59.394s，剩余=240.606s，剩余车辆数=4，本车 SCIP time limit=60.152s
配置 SCIP 求解参数 ...
[SEQ-TIME] 已禁用单车 run_epgap / run_epagap 提前停机；本车仅受 time limit 或最优性证明等 SCIP 自然终止条件影响。
presolving:
   (0.0s) symmetry computation started: requiring (bin +, int +, cont +), (fixed: bin -, int -, cont -)
   (0.0s) symmetry computation finished: 1 generators found (max: 1500, log10 of symmetry group size: 0.00) (symcode time: 0.00)
dynamic symmetry handling statistics:
   orbitopal reduction:       no components
   orbital reduction:         no components
   lexicographic reduction:    1 permutations with support sizes 40
handled 1 out of 1 symmetry components
presolving (0 rounds: 0 fast, 0 medium, 0 exhaustive):
 0 deleted vars, 0 deleted constraints, 0 added constraints, 0 tightened bounds, 0 added holes, 0 changed sides, 0 changed coefficients
 0 implications, 0 cliques
presolved problem has 3500 variables (3500 bin, 0 int, 0 impl, 0 cont) and 278 constraints
    278 constraints of type <linear>
Presolving Time: 0.00

 time | node  | left  |LP iter|LP it/n|mem/heur|mdpt |vars |cons |rows |cuts |sepa|confs|strbr|  dualbound   | primalbound  |  gap   | compl. 
  0.0s|     1 |     0 |    56 |     - |    52M |   0 |3500 | 330 | 269 |   0 |  0 |  61 |   0 | 6.736573e+04 |      --      |    Inf | unknown
  0.0s|     1 |     0 |    97 |     - |    55M |   0 |3500 | 330 | 272 |   3 |  1 |  61 |   0 | 6.736489e+04 |      --      |    Inf | unknown
  0.0s|     1 |     0 |   103 |     - |    55M |   0 |3500 | 330 | 274 |   5 |  2 |  61 |   0 | 6.736357e+04 |      --      |    Inf | unknown
  0.0s|     1 |     0 |   111 |     - |    57M |   0 |3500 | 330 | 277 |   8 |  3 |  61 |   0 | 6.736331e+04 |      --      |    Inf | unknown
r 0.0s|     1 |     0 |   111 |     - |shifting|   0 |3500 | 330 | 277 |   8 |  3 |  61 |   0 | 6.736331e+04 | 6.662083e+04 |   1.11%| unknown
  0.0s|     1 |     0 |   125 |     - |    58M |   0 |3500 | 330 | 280 |  11 |  4 |  61 |   0 | 6.736302e+04 | 6.662083e+04 |   1.11%| unknown
  0.0s|     1 |     0 |   125 |     - |    58M |   0 |3500 | 330 | 256 |  11 |  4 |  61 |   0 | 6.736302e+04 | 6.662083e+04 |   1.11%| unknown
  0.0s|     1 |     0 |   131 |     - |    58M |   0 |3500 | 330 | 259 |  14 |  5 |  61 |   0 | 6.736298e+04 | 6.662083e+04 |   1.11%| unknown
  0.0s|     1 |     0 |   142 |     - |    61M |   0 |3500 | 330 | 262 |  17 |  6 |  61 |   0 | 6.736288e+04 | 6.662083e+04 |   1.11%| unknown
  0.0s|     1 |     0 |   147 |     - |    61M |   0 |3500 | 330 | 266 |  21 |  7 |  61 |   0 | 6.736286e+04 | 6.662083e+04 |   1.11%| unknown
  0.0s|     1 |     0 |   156 |     - |    61M |   0 |3500 | 330 | 269 |  24 |  8 |  61 |   0 | 6.736274e+04 | 6.662083e+04 |   1.11%| unknown
  0.0s|     1 |     0 |   162 |     - |    62M |   0 |3500 | 330 | 272 |  27 |  9 |  61 |   0 | 6.736272e+04 | 6.662083e+04 |   1.11%| unknown
  0.0s|     1 |     0 |   182 |     - |    62M |   0 |3500 | 330 | 275 |  30 | 10 |  61 |   0 | 6.736254e+04 | 6.662083e+04 |   1.11%| unknown
  0.0s|     1 |     0 |   189 |     - |    63M |   0 |3500 | 330 | 277 |  33 | 11 |  61 |   0 | 6.736251e+04 | 6.662083e+04 |   1.11%| unknown
L 0.0s|     1 |     0 |   658 |     - |    rens|   0 |3500 | 324 | 277 |  33 | 11 |  79 |   0 | 6.736251e+04 | 6.714506e+04 |   0.32%| unknown
 time | node  | left  |LP iter|LP it/n|mem/heur|mdpt |vars |cons |rows |cuts |sepa|confs|strbr|  dualbound   | primalbound  |  gap   | compl. 
  0.0s|     1 |     0 |   658 |     - |    63M |   0 |3500 | 324 | 277 |  33 | 11 |  79 |   0 | 6.736251e+04 | 6.714506e+04 |   0.32%| unknown
  0.0s|     1 |     0 |   658 |     - |    63M |   0 |3500 | 324 | 182 |  33 | 11 |  79 |   0 | 6.736251e+04 | 6.714506e+04 |   0.32%| unknown
  1.0s|     1 |     0 |   670 |     - |    64M |   0 |3500 | 324 | 186 |  37 | 12 |  79 |   0 | 6.736244e+04 | 6.714506e+04 |   0.32%| unknown
  1.0s|     1 |     0 |   676 |     - |    64M |   0 |3500 | 324 | 188 |  39 | 13 |  79 |   0 | 6.736238e+04 | 6.714506e+04 |   0.32%| unknown
  1.0s|     1 |     0 |   676 |     - |    64M |   0 |3500 | 229 | 188 |  39 | 13 |  79 |  21 | 6.735975e+04 | 6.714506e+04 |   0.32%| unknown
  1.0s|     1 |     0 |   682 |     - |    65M |   0 |3500 | 229 | 192 |  43 | 14 |  79 |  21 | 6.735975e+04 | 6.714506e+04 |   0.32%| unknown
  1.0s|     1 |     0 |   689 |     - |    65M |   0 |3500 | 229 | 192 |  46 | 15 |  79 |  21 | 6.735975e+04 | 6.714506e+04 |   0.32%| unknown
  1.0s|     1 |     2 |   689 |     - |    65M |   0 |3500 | 229 | 192 |  46 | 15 |  79 |  35 | 6.735975e+04 | 6.714506e+04 |   0.32%| unknown
r 3.0s|    85 |    54 |  2040 |  21.7 |shifting|  19 |3500 | 279 | 167 |  82 |  0 | 130 | 421 | 6.735942e+04 | 6.728596e+04 |   0.11%|  41.88%
  3.0s|   100 |    71 |  2170 |  19.7 |    85M |  19 |3500 | 276 | 174 |  99 |  1 | 132 | 430 | 6.735937e+04 | 6.728596e+04 |   0.11%|  41.89%
r 3.0s|   103 |    74 |  2181 |  19.2 |ziroundi|  19 |3500 | 276 | 174 |  99 |  1 | 132 | 430 | 6.735937e+04 | 6.728651e+04 |   0.11%|  41.89%
  5.0s|   200 |   163 |  4778 |  22.9 |    95M |  22 |3500 | 318 | 173 | 148 |  1 | 191 | 851 | 6.735937e+04 | 6.728651e+04 |   0.11%|  42.14%
  6.0s|   300 |   257 |  5646 |  18.1 |   101M |  22 |3500 | 330 | 173 | 206 |  1 | 203 | 863 | 6.735935e+04 | 6.728651e+04 |   0.11%|  42.15%
L 6.0s|   303 |   260 |  5660 |  18.0 |    rins|  22 |3500 | 330 | 173 | 206 |  1 | 203 | 863 | 6.735935e+04 | 6.728653e+04 |   0.11%|  42.15%
  7.0s|   400 |   357 |  6610 |  16.0 |   108M |  22 |3500 | 342 | 170 | 263 |  2 | 215 | 907 | 6.735935e+04 | 6.728653e+04 |   0.11%|  42.21%
 time | node  | left  |LP iter|LP it/n|mem/heur|mdpt |vars |cons |rows |cuts |sepa|confs|strbr|  dualbound   | primalbound  |  gap   | compl. 
r 7.0s|   440 |   364 |  6862 |  15.1 |rounding|  24 |3500 | 344 | 173 | 279 |  0 | 217 | 912 | 6.735935e+04 | 6.731985e+04 |   0.06%|  49.15%
  7.0s|   500 |   426 |  7240 |  14.1 |   110M |  27 |3500 | 346 | 169 | 318 |  1 | 228 | 920 | 6.735932e+04 | 6.731985e+04 |   0.06%|  49.15%
  8.0s|   600 |   524 |  8247 |  13.4 |   114M |  27 |3500 | 365 | 170 | 365 |  1 | 275 |1080 | 6.735932e+04 | 6.731985e+04 |   0.06%|  49.20%
L 8.0s|   640 |   564 |  8579 |  13.1 |crossove|  31 |3500 | 374 | 175 | 374 |  1 | 287 |1102 | 6.735932e+04 | 6.732064e+04 |   0.06%|  49.20%
  8.0s|   700 |   622 |  9054 |  12.6 |   116M |  31 |3500 | 395 | 171 | 409 |  1 | 309 |1107 | 6.735927e+04 | 6.732064e+04 |   0.06%|  49.22%
  9.0s|   800 |   722 |  9676 |  11.8 |   117M |  31 |3500 | 406 | 170 | 441 |  1 | 332 |1117 | 6.735889e+04 | 6.732064e+04 |   0.06%|  49.23%
 10.0s|   900 |   822 | 10379 |  11.3 |   117M |  31 |3500 | 424 | 170 | 461 |  1 | 364 |1137 | 6.735889e+04 | 6.732064e+04 |   0.06%|  49.24%
d10.0s|   927 |   708 | 10577 |  11.2 |guideddi|  31 |3500 | 428 | 172 |   0 |  1 | 370 |1201 | 6.735811e+04 | 6.734373e+04 |   0.02%|  49.47%
 10.0s|  1000 |   771 | 11307 |  11.1 |   117M |  31 |3500 | 430 | 171 | 541 |  1 | 394 |1203 | 6.735795e+04 | 6.734373e+04 |   0.02%|  49.66%
 11.0s|  1100 |   828 | 11772 |  10.5 |   119M |  33 |3500 | 449 | 171 | 562 |  1 | 428 |1210 | 6.735773e+04 | 6.734373e+04 |   0.02%|  49.73%
 11.0s|  1200 |   896 | 12311 |  10.1 |   120M |  33 |3500 | 490 |   0 | 574 |  0 | 478 |1215 | 6.735743e+04 | 6.734373e+04 |   0.02%|  49.79%
Restart triggered after 50 consecutive estimations that the remaining tree will be large
 12.0s|  1300 |   940 | 13642 |  10.3 |   120M |  33 |3500 | 499 | 173 | 598 |  1 | 529 |1270 | 6.735741e+04 | 6.734373e+04 |   0.02%|  49.84%
 12.0s|  1400 |  1000 | 14362 |  10.1 |   120M |  33 |3500 | 528 | 171 | 631 |  2 | 575 |1281 | 6.735726e+04 | 6.734373e+04 |   0.02%|  50.00%
 12.0s|  1500 |  1028 | 14754 |   9.7 |   120M |  33 |3500 | 540 | 175 | 642 |  2 | 601 |1293 | 6.735726e+04 | 6.734373e+04 |   0.02%|  50.10%
 13.0s|  1600 |  1075 | 15325 |   9.4 |   120M |  33 |3500 | 544 | 174 | 679 |  1 | 613 |1295 | 6.735722e+04 | 6.734373e+04 |   0.02%|  50.19%
 time | node  | left  |LP iter|LP it/n|mem/heur|mdpt |vars |cons |rows |cuts |sepa|confs|strbr|  dualbound   | primalbound  |  gap   | compl. 
 13.0s|  1700 |  1140 | 16098 |   9.3 |   120M |  33 |3500 | 621 | 172 | 720 |  1 | 697 |1299 | 6.735722e+04 | 6.734373e+04 |   0.02%|  50.37%
 14.0s|  1800 |  1190 | 16799 |   9.2 |   122M |  33 |3500 | 696 | 174 | 802 |  1 | 785 |1308 | 6.735715e+04 | 6.734373e+04 |   0.02%|  50.56%
 14.0s|  1900 |  1254 | 17418 |   9.1 |   122M |  33 |3500 | 728 |   0 | 834 |  0 | 849 |1309 | 6.735713e+04 | 6.734373e+04 |   0.02%|  50.81%
 15.0s|  2000 |  1304 | 17993 |   8.9 |   122M |  33 |3500 | 789 | 169 | 860 |  1 | 925 |1311 | 6.735708e+04 | 6.734373e+04 |   0.02%|  50.91%
 15.0s|  2100 |  1322 | 18205 |   8.6 |   122M |  33 |3500 | 761 | 170 | 866 |  1 | 927 |1317 | 6.735706e+04 | 6.734373e+04 |   0.02%|  50.97%
L15.0s|  2153 |  1317 | 18327 |   8.4 |    rins|  33 |3500 | 762 | 172 | 870 |  1 | 937 |1321 | 6.735706e+04 | 6.734436e+04 |   0.02%|  50.99%
 15.0s|  2200 |  1326 | 18414 |   8.3 |   122M |  33 |3500 | 763 | 174 | 870 |  1 | 941 |1322 | 6.735706e+04 | 6.734436e+04 |   0.02%|  51.05%
 15.0s|  2300 |  1359 | 18727 |   8.1 |   123M |  34 |3500 | 777 | 169 | 880 |  1 | 971 |1324 | 6.735703e+04 | 6.734436e+04 |   0.02%|  51.09%
 16.0s|  2400 |  1377 | 18950 |   7.8 |   123M |  34 |3500 | 807 | 174 | 884 |  1 |1012 |1327 | 6.735703e+04 | 6.734436e+04 |   0.02%|  51.09%
 16.0s|  2500 |  1393 | 19101 |   7.6 |   123M |  34 |3500 | 814 |   0 | 888 |  0 |1027 |1327 | 6.735701e+04 | 6.734436e+04 |   0.02%|  51.13%
 16.0s|  2600 |  1439 | 19596 |   7.5 |   123M |  34 |3500 | 829 | 173 | 906 |  3 |1050 |1331 | 6.735700e+04 | 6.734436e+04 |   0.02%|  51.14%
 17.0s|  2700 |  1493 | 20172 |   7.4 |   123M |  34 |3500 | 867 | 169 | 930 |  1 |1109 |1332 | 6.735691e+04 | 6.734436e+04 |   0.02%|  51.18%
 17.0s|  2800 |  1557 | 20762 |   7.3 |   123M |  34 |3500 | 891 | 169 | 944 |  1 |1150 |1339 | 6.735688e+04 | 6.734436e+04 |   0.02%|  51.18%
 17.0s|  2900 |  1595 | 21356 |   7.3 |   123M |  34 |3500 | 897 | 169 |1015 |  1 |1170 |1340 | 6.735686e+04 | 6.734436e+04 |   0.02%|  51.20%
 18.0s|  3000 |  1651 | 22018 |   7.3 |   123M |  34 |3500 | 905 | 172 |1036 |  1 |1201 |1345 | 6.735685e+04 | 6.734436e+04 |   0.02%|  51.20%
 time | node  | left  |LP iter|LP it/n|mem/heur|mdpt |vars |cons |rows |cuts |sepa|confs|strbr|  dualbound   | primalbound  |  gap   | compl. 
 18.0s|  3100 |  1683 | 22281 |   7.1 |   123M |  34 |3500 | 960 | 170 |1048 |  1 |1264 |1345 | 6.735685e+04 | 6.734436e+04 |   0.02%|  51.20%
 18.0s|  3200 |  1727 | 22562 |   7.0 |   124M |  34 |3500 | 979 | 171 |1049 |  2 |1301 |1346 | 6.735685e+04 | 6.734436e+04 |   0.02%|  51.21%
 18.0s|  3300 |  1787 | 22922 |   6.9 |   124M |  34 |3500 |1040 | 171 |1060 |  1 |1374 |1347 | 6.735683e+04 | 6.734436e+04 |   0.02%|  51.22%
 19.0s|  3400 |  1828 | 23397 |   6.8 |   124M |  34 |3500 |1066 | 170 |1093 |  1 |1429 |1360 | 6.735681e+04 | 6.734436e+04 |   0.02%|  51.28%
 19.0s|  3500 |  1891 | 23942 |   6.8 |   124M |  34 |3500 |1150 | 177 |1117 |  1 |1540 |1360 | 6.735681e+04 | 6.734436e+04 |   0.02%|  51.31%
 20.0s|  3600 |  1941 | 24425 |   6.7 |   124M |  34 |3500 |1174 | 178 |1143 |  1 |1601 |1363 | 6.735681e+04 | 6.734436e+04 |   0.02%|  51.33%
 20.0s|  3700 |  1985 | 25014 |   6.7 |   124M |  34 |3500 |1142 | 169 |1200 |  1 |1621 |1364 | 6.735674e+04 | 6.734436e+04 |   0.02%|  51.46%
 20.0s|  3800 |  2033 | 25561 |   6.7 |   124M |  34 |3500 |1205 | 172 |1210 |  1 |1721 |1364 | 6.735666e+04 | 6.734436e+04 |   0.02%|  51.51%
 21.0s|  3900 |  2073 | 25997 |   6.6 |   124M |  34 |3500 |1203 |   0 |1232 |  0 |1758 |1367 | 6.735664e+04 | 6.734436e+04 |   0.02%|  51.52%
 21.0s|  4000 |  2099 | 26290 |   6.5 |   124M |  35 |3500 |1184 | 173 |1239 |  1 |1761 |1373 | 6.735664e+04 | 6.734436e+04 |   0.02%|  51.52%
 21.0s|  4100 |  2126 | 26815 |   6.5 |   124M |  35 |3500 |1176 | 173 |1264 |  1 |1798 |1377 | 6.735663e+04 | 6.734436e+04 |   0.02%|  51.58%
L21.0s|  4120 |  2085 | 27045 |   6.5 |    alns|  35 |3500 |1172 | 175 |1282 |  2 |1813 |1377 | 6.735663e+04 | 6.734575e+04 |   0.02%|  51.72%
 22.0s|  4200 |  2111 | 27392 |   6.5 |   125M |  35 |3500 |1179 |   0 |1298 |  0 |1853 |1378 | 6.735663e+04 | 6.734575e+04 |   0.02%|  51.73%
 22.0s|  4300 |  2143 | 27751 |   6.4 |   125M |  35 |3500 |1161 | 173 |1317 |  1 |1875 |1378 | 6.735659e+04 | 6.734575e+04 |   0.02%|  51.77%
 22.0s|  4400 |  2154 | 28004 |   6.3 |   125M |  35 |3500 |1163 |   0 |1331 |  0 |1906 |1379 | 6.735658e+04 | 6.734575e+04 |   0.02%|  51.86%
 time | node  | left  |LP iter|LP it/n|mem/heur|mdpt |vars |cons |rows |cuts |sepa|confs|strbr|  dualbound   | primalbound  |  gap   | compl. 
 22.0s|  4500 |  2182 | 28239 |   6.2 |   125M |  35 |3500 |1139 | 169 |1335 |  1 |1930 |1381 | 6.735651e+04 | 6.734575e+04 |   0.02%|  51.89%
 22.0s|  4600 |  2204 | 28400 |   6.1 |   125M |  35 |3500 |1143 | 169 |1339 |  1 |1943 |1381 | 6.735650e+04 | 6.734575e+04 |   0.02%|  51.89%
 22.0s|  4700 |  2245 | 28710 |   6.1 |   125M |  35 |3500 |1165 |   0 |1339 |  0 |1976 |1381 | 6.735649e+04 | 6.734575e+04 |   0.02%|  51.89%
 23.0s|  4800 |  2307 | 29226 |   6.0 |   125M |  35 |3500 |1152 |   0 |1372 |  0 |2023 |1382 | 6.735644e+04 | 6.734575e+04 |   0.02%|  51.90%
 23.0s|  4900 |  2357 | 29755 |   6.0 |   126M |  35 |3500 |1150 |   0 |1395 |  0 |2059 |1385 | 6.735644e+04 | 6.734575e+04 |   0.02%|  51.90%
 23.0s|  5000 |  2369 | 29908 |   5.9 |   126M |  37 |3500 |1188 |   0 |1398 |  0 |2103 |1389 | 6.735644e+04 | 6.734575e+04 |   0.02%|  51.90%
 23.0s|  5100 |  2380 | 30072 |   5.9 |   126M |  37 |3500 |1186 | 171 |1404 |  1 |2123 |1393 | 6.735644e+04 | 6.734575e+04 |   0.02%|  51.90%
 24.0s|  5200 |  2409 | 30369 |   5.8 |   126M |  37 |3500 |1217 | 171 |1411 |  1 |2170 |1397 | 6.735644e+04 | 6.734575e+04 |   0.02%|  51.90%
 24.0s|  5300 |  2420 | 30605 |   5.7 |   126M |  37 |3500 |1277 | 177 |1415 |  1 |2250 |1398 | 6.735643e+04 | 6.734575e+04 |   0.02%|  51.94%
 24.0s|  5400 |  2451 | 30980 |   5.7 |   126M |  37 |3500 |1329 | 173 |1421 |  1 |2348 |1402 | 6.735643e+04 | 6.734575e+04 |   0.02%|  51.99%
 24.0s|  5500 |  2465 | 31123 |   5.6 |   126M |  37 |3500 |1319 | 174 |1430 |  1 |2360 |1402 | 6.735643e+04 | 6.734575e+04 |   0.02%|  52.00%
 24.0s|  5600 |  2473 | 31265 |   5.5 |   126M |  37 |3500 |1295 | 171 |1437 |  1 |2360 |1404 | 6.735643e+04 | 6.734575e+04 |   0.02%|  52.01%
 24.0s|  5700 |  2489 | 31500 |   5.5 |   126M |  37 |3500 |1262 |   0 |1446 |  0 |2372 |1409 | 6.735641e+04 | 6.734575e+04 |   0.02%|  52.07%
 25.0s|  5800 |  2507 | 31764 |   5.4 |   126M |  41 |3500 |1252 | 170 |1455 |  1 |2387 |1410 | 6.735640e+04 | 6.734575e+04 |   0.02%|  52.10%
 25.0s|  5900 |  2511 | 31921 |   5.4 |   126M |  41 |3500 |1234 |   0 |1457 |  0 |2415 |1414 | 6.735640e+04 | 6.734575e+04 |   0.02%|  52.14%
 time | node  | left  |LP iter|LP it/n|mem/heur|mdpt |vars |cons |rows |cuts |sepa|confs|strbr|  dualbound   | primalbound  |  gap   | compl. 
 25.0s|  6000 |  2539 | 32113 |   5.3 |   127M |  41 |3500 |1212 | 173 |1462 |  1 |2432 |1414 | 6.735639e+04 | 6.734575e+04 |   0.02%|  52.20%
 25.0s|  6100 |  2573 | 32601 |   5.3 |   127M |  41 |3500 |1210 |   0 |1474 |  0 |2476 |1419 | 6.735637e+04 | 6.734575e+04 |   0.02%|  52.22%
 25.0s|  6200 |  2607 | 32922 |   5.3 |   127M |  41 |3500 |1204 | 174 |1477 |  1 |2501 |1419 | 6.735637e+04 | 6.734575e+04 |   0.02%|  52.22%
 26.0s|  6300 |  2636 | 33264 |   5.2 |   127M |  41 |3500 |1224 | 172 |1488 |  1 |2569 |1420 | 6.735637e+04 | 6.734575e+04 |   0.02%|  52.29%
 26.0s|  6400 |  2669 | 33635 |   5.2 |   127M |  41 |3500 |1257 | 175 |1498 |  2 |2623 |1422 | 6.735635e+04 | 6.734575e+04 |   0.02%|  52.32%
 26.0s|  6500 |  2671 | 33852 |   5.2 |   128M |  41 |3500 |1225 |   0 |1504 |  0 |2645 |1437 | 6.735635e+04 | 6.734575e+04 |   0.02%|  52.46%
 26.0s|  6600 |  2702 | 34081 |   5.1 |   128M |  41 |3500 |1224 |   0 |1506 |  0 |2661 |1439 | 6.735634e+04 | 6.734575e+04 |   0.02%|  52.46%
 27.0s|  6700 |  2727 | 34331 |   5.1 |   128M |  41 |3500 |1188 | 175 |1513 |  1 |2668 |1447 | 6.735634e+04 | 6.734575e+04 |   0.02%|  52.49%
 27.0s|  6800 |  2739 | 34518 |   5.0 |   128M |  41 |3500 |1187 |   0 |1515 |  0 |2682 |1449 | 6.735633e+04 | 6.734575e+04 |   0.02%|  52.50%
 27.0s|  6900 |  2757 | 34717 |   5.0 |   128M |  41 |3500 |1175 |   0 |1516 |  0 |2695 |1453 | 6.735633e+04 | 6.734575e+04 |   0.02%|  52.50%
 27.0s|  7000 |  2800 | 35197 |   5.0 |   128M |  41 |3500 |1215 | 174 |1521 |  1 |2749 |1455 | 6.735633e+04 | 6.734575e+04 |   0.02%|  52.50%
 27.0s|  7100 |  2836 | 35679 |   5.0 |   128M |  41 |3500 |1251 | 177 |1532 |  2 |2800 |1460 | 6.735632e+04 | 6.734575e+04 |   0.02%|  52.50%
 27.0s|  7200 |  2852 | 35943 |   5.0 |   128M |  41 |3500 |1241 | 175 |1537 |  1 |2822 |1471 | 6.735632e+04 | 6.734575e+04 |   0.02%|  52.52%
 28.0s|  7300 |  2898 | 36244 |   4.9 |   128M |  41 |3500 |1228 | 170 |1541 |  1 |2837 |1475 | 6.735630e+04 | 6.734575e+04 |   0.02%|  52.57%
 28.0s|  7400 |  2925 | 36432 |   4.9 |   128M |  41 |3500 |1241 |   0 |1541 |  0 |2866 |1475 | 6.735630e+04 | 6.734575e+04 |   0.02%|  52.57%
 time | node  | left  |LP iter|LP it/n|mem/heur|mdpt |vars |cons |rows |cuts |sepa|confs|strbr|  dualbound   | primalbound  |  gap   | compl. 
 28.0s|  7500 |  2962 | 36698 |   4.9 |   128M |  41 |3500 |1208 |   0 |1549 |  0 |2872 |1476 | 6.735626e+04 | 6.734575e+04 |   0.02%|  52.62%
 28.0s|  7600 |  3006 | 37004 |   4.8 |   128M |  41 |3500 |1209 | 176 |1553 |  1 |2889 |1478 | 6.735626e+04 | 6.734575e+04 |   0.02%|  52.62%
 28.0s|  7700 |  3026 | 37265 |   4.8 |   128M |  41 |3500 |1200 |   0 |1554 |  0 |2909 |1478 | 6.735626e+04 | 6.734575e+04 |   0.02%|  52.62%
 28.0s|  7800 |  3050 | 37571 |   4.8 |   128M |  41 |3500 |1167 | 172 |1560 |  1 |2918 |1487 | 6.735626e+04 | 6.734575e+04 |   0.02%|  52.62%
 29.0s|  7900 |  3084 | 37794 |   4.8 |   128M |  41 |3500 |1153 | 170 |1564 |  1 |2925 |1496 | 6.735626e+04 | 6.734575e+04 |   0.02%|  52.62%
 29.0s|  8000 |  3110 | 37968 |   4.7 |   128M |  41 |3500 |1128 |   0 |1566 |  0 |2929 |1498 | 6.735626e+04 | 6.734575e+04 |   0.02%|  52.64%
 29.0s|  8100 |  3130 | 38208 |   4.7 |   128M |  41 |3500 |1106 | 176 |1575 |  1 |2940 |1505 | 6.735625e+04 | 6.734575e+04 |   0.02%|  52.64%
 29.0s|  8200 |  3142 | 38402 |   4.7 |   128M |  41 |3500 |1105 | 170 |1577 |  1 |2964 |1510 | 6.735625e+04 | 6.734575e+04 |   0.02%|  52.65%
 29.0s|  8300 |  3151 | 38650 |   4.6 |   128M |  41 |3500 |1091 | 176 |1582 |  1 |2971 |1513 | 6.735624e+04 | 6.734575e+04 |   0.02%|  52.70%
 29.0s|  8400 |  3185 | 38872 |   4.6 |   128M |  41 |3500 |1096 | 169 |1585 |  1 |2988 |1516 | 6.735624e+04 | 6.734575e+04 |   0.02%|  52.70%
 30.0s|  8500 |  3195 | 39128 |   4.6 |   128M |  41 |3500 |1117 |   0 |1588 |  0 |3018 |1516 | 6.735623e+04 | 6.734575e+04 |   0.02%|  52.71%
 30.0s|  8600 |  3235 | 39557 |   4.6 |   128M |  41 |3500 |1140 |   0 |1593 |  0 |3071 |1527 | 6.735623e+04 | 6.734575e+04 |   0.02%|  52.74%
 30.0s|  8700 |  3261 | 39899 |   4.6 |   128M |  41 |3500 |1178 | 177 |1600 |  2 |3135 |1533 | 6.735623e+04 | 6.734575e+04 |   0.02%|  52.78%
 30.0s|  8800 |  3282 | 40310 |   4.6 |   129M |  41 |3500 |1171 |   0 |1606 |  0 |3165 |1540 | 6.735623e+04 | 6.734575e+04 |   0.02%|  52.79%
 30.0s|  8900 |  3318 | 40596 |   4.5 |   129M |  41 |3500 |1168 |   0 |1607 |  0 |3195 |1540 | 6.735622e+04 | 6.734575e+04 |   0.02%|  52.80%
 time | node  | left  |LP iter|LP it/n|mem/heur|mdpt |vars |cons |rows |cuts |sepa|confs|strbr|  dualbound   | primalbound  |  gap   | compl. 
 30.0s|  9000 |  3331 | 40890 |   4.5 |   129M |  41 |3500 |1153 |   0 |1608 |  0 |3210 |1544 | 6.735622e+04 | 6.734575e+04 |   0.02%|  52.80%
 31.0s|  9100 |  3359 | 41194 |   4.5 |   129M |  41 |3500 |1124 |   0 |1612 |  0 |3244 |1550 | 6.735621e+04 | 6.734575e+04 |   0.02%|  52.80%
 31.0s|  9200 |  3388 | 41381 |   4.5 |   129M |  41 |3500 |1107 | 169 |1613 |  1 |3257 |1556 | 6.735621e+04 | 6.734575e+04 |   0.02%|  52.84%
 31.0s|  9300 |  3401 | 41668 |   4.5 |   129M |  41 |3500 |1090 |   0 |1620 |  0 |3284 |1562 | 6.735621e+04 | 6.734575e+04 |   0.02%|  52.89%
 31.0s|  9400 |  3421 | 41839 |   4.4 |   129M |  41 |3500 |1073 | 172 |1622 |  1 |3292 |1565 | 6.735621e+04 | 6.734575e+04 |   0.02%|  52.92%
 31.0s|  9500 |  3431 | 41983 |   4.4 |   129M |  41 |3500 |1057 |   0 |1625 |  0 |3300 |1565 | 6.735621e+04 | 6.734575e+04 |   0.02%|  52.92%
 31.0s|  9600 |  3449 | 42165 |   4.4 |   129M |  41 |3500 |1035 | 171 |1625 |  1 |3308 |1568 | 6.735620e+04 | 6.734575e+04 |   0.02%|  52.93%
 32.0s|  9700 |  3459 | 42349 |   4.3 |   129M |  41 |3500 | 980 | 172 |1631 |  1 |3309 |1572 | 6.735620e+04 | 6.734575e+04 |   0.02%|  52.94%
 32.0s|  9800 |  3469 | 42547 |   4.3 |   129M |  41 |3500 | 945 | 172 |1634 |  1 |3310 |1575 | 6.735620e+04 | 6.734575e+04 |   0.02%|  52.94%
 32.0s|  9900 |  3473 | 42722 |   4.3 |   129M |  41 |3500 | 927 | 172 |1636 |  1 |3318 |1580 | 6.735619e+04 | 6.734575e+04 |   0.02%|  52.96%
 32.0s| 10000 |  3473 | 42852 |   4.3 |   129M |  41 |3500 | 913 | 175 |1638 |  0 |3324 |1591 | 6.735619e+04 | 6.734575e+04 |   0.02%|  52.96%
 32.0s| 10100 |  3479 | 42980 |   4.2 |   129M |  41 |3500 | 893 |   0 |1638 |  0 |3325 |1598 | 6.735619e+04 | 6.734575e+04 |   0.02%|  52.96%
 32.0s| 10200 |  3505 | 43368 |   4.2 |   130M |  41 |3500 | 866 | 173 |1647 |  1 |3334 |1602 | 6.735617e+04 | 6.734575e+04 |   0.02%|  52.97%
 33.0s| 10300 |  3525 | 43669 |   4.2 |   130M |  41 |3500 | 861 |   0 |1655 |  0 |3353 |1602 | 6.735616e+04 | 6.734575e+04 |   0.02%|  52.99%
 33.0s| 10400 |  3551 | 43960 |   4.2 |   130M |  41 |3500 | 865 | 174 |1657 |  1 |3373 |1609 | 6.735615e+04 | 6.734575e+04 |   0.02%|  52.99%
 time | node  | left  |LP iter|LP it/n|mem/heur|mdpt |vars |cons |rows |cuts |sepa|confs|strbr|  dualbound   | primalbound  |  gap   | compl. 
 33.0s| 10500 |  3567 | 44185 |   4.2 |   130M |  41 |3500 | 866 | 175 |1658 |  1 |3391 |1618 | 6.735615e+04 | 6.734575e+04 |   0.02%|  53.00%
 33.0s| 10600 |  3617 | 44600 |   4.2 |   130M |  41 |3500 | 876 |   0 |1664 |  0 |3433 |1624 | 6.735614e+04 | 6.734575e+04 |   0.02%|  53.01%
 33.0s| 10700 |  3637 | 44777 |   4.2 |   130M |  41 |3500 | 876 |   0 |1667 |  0 |3438 |1625 | 6.735614e+04 | 6.734575e+04 |   0.02%|  53.01%
 33.0s| 10800 |  3666 | 44983 |   4.1 |   131M |  41 |3500 | 878 | 173 |1667 |  1 |3458 |1626 | 6.735614e+04 | 6.734575e+04 |   0.02%|  53.02%
 33.0s| 10900 |  3700 | 45265 |   4.1 |   131M |  41 |3500 | 916 |   0 |1667 |  0 |3500 |1626 | 6.735614e+04 | 6.734575e+04 |   0.02%|  53.02%
 34.0s| 11000 |  3710 | 45452 |   4.1 |   132M |  41 |3500 | 908 |   0 |1670 |  0 |3515 |1628 | 6.735613e+04 | 6.734575e+04 |   0.02%|  53.03%
 34.0s| 11100 |  3732 | 45679 |   4.1 |   132M |  41 |3500 | 892 | 173 |1671 |  1 |3522 |1631 | 6.735611e+04 | 6.734575e+04 |   0.02%|  53.03%
 34.0s| 11200 |  3747 | 45902 |   4.1 |   132M |  41 |3500 | 892 | 174 |1674 |  1 |3531 |1636 | 6.735611e+04 | 6.734575e+04 |   0.02%|  53.03%
 34.0s| 11300 |  3773 | 46060 |   4.1 |   132M |  41 |3500 | 882 | 174 |1674 |  2 |3554 |1637 | 6.735611e+04 | 6.734575e+04 |   0.02%|  53.03%
 34.0s| 11400 |  3817 | 46449 |   4.1 |   132M |  41 |3500 | 872 |   0 |1675 |  0 |3566 |1638 | 6.735610e+04 | 6.734575e+04 |   0.02%|  53.04%
 34.0s| 11500 |  3833 | 46598 |   4.0 |   132M |  41 |3500 | 862 | 171 |1678 |  1 |3570 |1638 | 6.735610e+04 | 6.734575e+04 |   0.02%|  53.04%
 34.0s| 11600 |  3853 | 46856 |   4.0 |   132M |  41 |3500 | 870 |   0 |1682 |  0 |3592 |1643 | 6.735609e+04 | 6.734575e+04 |   0.02%|  53.05%
 34.0s| 11700 |  3885 | 47069 |   4.0 |   132M |  41 |3500 | 870 | 175 |1685 |  1 |3611 |1645 | 6.735609e+04 | 6.734575e+04 |   0.02%|  53.06%
 35.0s| 11800 |  3900 | 47305 |   4.0 |   132M |  41 |3500 | 878 | 172 |1686 |  1 |3631 |1650 | 6.735608e+04 | 6.734575e+04 |   0.02%|  53.08%
 35.0s| 11900 |  3918 | 47512 |   4.0 |   132M |  41 |3500 | 871 |   0 |1689 |  0 |3652 |1656 | 6.735608e+04 | 6.734575e+04 |   0.02%|  53.08%
 time | node  | left  |LP iter|LP it/n|mem/heur|mdpt |vars |cons |rows |cuts |sepa|confs|strbr|  dualbound   | primalbound  |  gap   | compl. 
 35.0s| 12000 |  3942 | 47781 |   4.0 |   132M |  41 |3500 | 861 | 174 |1690 |  1 |3665 |1658 | 6.735608e+04 | 6.734575e+04 |   0.02%|  53.08%
 35.0s| 12100 |  3962 | 47979 |   3.9 |   132M |  41 |3500 | 857 |   0 |1691 |  0 |3674 |1666 | 6.735608e+04 | 6.734575e+04 |   0.02%|  53.08%
 35.0s| 12200 |  3980 | 48167 |   3.9 |   132M |  41 |3500 | 863 |   0 |1691 |  0 |3690 |1666 | 6.735607e+04 | 6.734575e+04 |   0.02%|  53.11%
 35.0s| 12300 |  4018 | 48499 |   3.9 |   132M |  41 |3500 | 862 |   0 |1695 |  0 |3706 |1667 | 6.735606e+04 | 6.734575e+04 |   0.02%|  53.13%
 35.0s| 12400 |  4036 | 48711 |   3.9 |   132M |  41 |3500 | 894 |   0 |1696 |  0 |3746 |1667 | 6.735606e+04 | 6.734575e+04 |   0.02%|  53.13%
 36.0s| 12500 |  4038 | 48831 |   3.9 |   132M |  41 |3500 | 916 | 170 |1696 |  1 |3772 |1667 | 6.735606e+04 | 6.734575e+04 |   0.02%|  53.13%
 36.0s| 12600 |  4051 | 49000 |   3.9 |   132M |  41 |3500 | 926 | 172 |1697 |  1 |3797 |1670 | 6.735606e+04 | 6.734575e+04 |   0.02%|  53.13%
 36.0s| 12700 |  4073 | 49208 |   3.9 |   132M |  41 |3500 | 910 | 171 |1698 |  1 |3802 |1673 | 6.735605e+04 | 6.734575e+04 |   0.02%|  53.13%
 36.0s| 12800 |  4095 | 49387 |   3.8 |   132M |  41 |3500 | 893 |   0 |1698 |  0 |3809 |1673 | 6.735605e+04 | 6.734575e+04 |   0.02%|  53.13%
 36.0s| 12900 |  4097 | 49500 |   3.8 |   132M |  41 |3500 | 886 | 172 |1698 |  1 |3819 |1676 | 6.735605e+04 | 6.734575e+04 |   0.02%|  53.13%
 36.0s| 13000 |  4122 | 49705 |   3.8 |   132M |  41 |3500 | 879 | 170 |1699 |  1 |3825 |1678 | 6.735605e+04 | 6.734575e+04 |   0.02%|  53.13%
 36.0s| 13100 |  4140 | 49897 |   3.8 |   133M |  41 |3500 | 879 | 171 |1703 |  0 |3846 |1686 | 6.735605e+04 | 6.734575e+04 |   0.02%|  53.14%
 37.0s| 13200 |  4174 | 50154 |   3.8 |   133M |  41 |3500 | 877 | 171 |1707 |  1 |3880 |1689 | 6.735605e+04 | 6.734575e+04 |   0.02%|  53.14%
 37.0s| 13300 |  4203 | 50317 |   3.8 |   133M |  41 |3500 | 900 | 170 |1707 |  1 |3917 |1690 | 6.735605e+04 | 6.734575e+04 |   0.02%|  53.17%
 37.0s| 13400 |  4217 | 50554 |   3.8 |   133M |  41 |3500 | 877 | 173 |1714 |  1 |3933 |1691 | 6.735604e+04 | 6.734575e+04 |   0.02%|  53.23%
 time | node  | left  |LP iter|LP it/n|mem/heur|mdpt |vars |cons |rows |cuts |sepa|confs|strbr|  dualbound   | primalbound  |  gap   | compl. 
 37.0s| 13500 |  4218 | 50669 |   3.7 |   133M |  41 |3500 | 897 | 173 |1714 |  1 |3969 |1693 | 6.735604e+04 | 6.734575e+04 |   0.02%|  53.24%
 37.0s| 13600 |  4232 | 50840 |   3.7 |   133M |  41 |3500 | 896 | 174 |1716 |  1 |3983 |1695 | 6.735603e+04 | 6.734575e+04 |   0.02%|  53.24%
 37.0s| 13700 |  4240 | 51031 |   3.7 |   133M |  41 |3500 | 887 | 175 |1720 |  0 |4007 |1698 | 6.735602e+04 | 6.734575e+04 |   0.02%|  53.26%
 37.0s| 13800 |  4256 | 51345 |   3.7 |   133M |  41 |3500 | 894 | 174 |1722 |  1 |4029 |1703 | 6.735602e+04 | 6.734575e+04 |   0.02%|  53.26%
 38.0s| 13900 |  4300 | 51678 |   3.7 |   133M |  41 |3500 | 892 | 175 |1736 |  0 |4046 |1707 | 6.735601e+04 | 6.734575e+04 |   0.02%|  53.26%
 38.0s| 14000 |  4325 | 51850 |   3.7 |   133M |  41 |3500 | 892 |   0 |1742 |  0 |4064 |1707 | 6.735601e+04 | 6.734575e+04 |   0.02%|  53.26%
 38.0s| 14100 |  4333 | 52043 |   3.7 |   133M |  41 |3500 | 889 |   0 |1743 |  0 |4071 |1710 | 6.735600e+04 | 6.734575e+04 |   0.02%|  53.27%
 38.0s| 14200 |  4345 | 52208 |   3.7 |   133M |  41 |3500 | 891 |   0 |1743 |  0 |4092 |1711 | 6.735599e+04 | 6.734575e+04 |   0.02%|  53.27%
 38.0s| 14300 |  4353 | 52376 |   3.6 |   133M |  41 |3500 | 882 | 175 |1745 |  1 |4098 |1711 | 6.735599e+04 | 6.734575e+04 |   0.02%|  53.27%
 38.0s| 14400 |  4365 | 52514 |   3.6 |   133M |  41 |3500 | 888 |   0 |1745 |  0 |4115 |1715 | 6.735599e+04 | 6.734575e+04 |   0.02%|  53.27%
 38.0s| 14500 |  4383 | 52690 |   3.6 |   133M |  41 |3500 | 862 | 170 |1746 |  1 |4122 |1721 | 6.735598e+04 | 6.734575e+04 |   0.02%|  53.27%
 39.0s| 14600 |  4419 | 52930 |   3.6 |   133M |  41 |3500 | 886 | 170 |1746 |  2 |4161 |1721 | 6.735597e+04 | 6.734575e+04 |   0.02%|  53.28%
 39.0s| 14700 |  4453 | 53295 |   3.6 |   133M |  41 |3500 | 900 | 170 |1747 |  1 |4191 |1724 | 6.735597e+04 | 6.734575e+04 |   0.02%|  53.28%
 39.0s| 14800 |  4467 | 53463 |   3.6 |   133M |  41 |3500 | 897 | 174 |1750 |  1 |4218 |1726 | 6.735597e+04 | 6.734575e+04 |   0.02%|  53.28%
 39.0s| 14900 |  4480 | 53585 |   3.6 |   133M |  41 |3500 | 891 | 176 |1751 |  1 |4228 |1726 | 6.735597e+04 | 6.734575e+04 |   0.02%|  53.28%
 time | node  | left  |LP iter|LP it/n|mem/heur|mdpt |vars |cons |rows |cuts |sepa|confs|strbr|  dualbound   | primalbound  |  gap   | compl. 
 39.0s| 15000 |  4494 | 53714 |   3.6 |   133M |  41 |3500 | 889 |   0 |1754 |  0 |4244 |1726 | 6.735597e+04 | 6.734575e+04 |   0.02%|  53.28%
 39.0s| 15100 |  4504 | 53923 |   3.6 |   133M |  41 |3500 | 895 |   0 |1754 |  0 |4263 |1728 | 6.735597e+04 | 6.734575e+04 |   0.02%|  53.29%
 39.0s| 15200 |  4519 | 54086 |   3.5 |   133M |  41 |3500 | 900 | 173 |1756 |  0 |4281 |1732 | 6.735597e+04 | 6.734575e+04 |   0.02%|  53.29%
 40.0s| 15300 |  4541 | 54370 |   3.5 |   133M |  41 |3500 | 901 | 172 |1759 |  1 |4302 |1732 | 6.735596e+04 | 6.734575e+04 |   0.02%|  53.29%
 40.0s| 15400 |  4565 | 54634 |   3.5 |   133M |  41 |3500 | 897 | 173 |1762 |  2 |4316 |1739 | 6.735596e+04 | 6.734575e+04 |   0.02%|  53.29%
 40.0s| 15500 |  4567 | 54774 |   3.5 |   133M |  41 |3500 | 895 |   0 |1762 |  0 |4326 |1747 | 6.735596e+04 | 6.734575e+04 |   0.02%|  53.29%
 40.0s| 15600 |  4586 | 55029 |   3.5 |   133M |  41 |3500 | 899 | 170 |1764 |  1 |4368 |1754 | 6.735596e+04 | 6.734575e+04 |   0.02%|  53.30%
 40.0s| 15700 |  4607 | 55297 |   3.5 |   133M |  41 |3500 | 881 | 169 |1765 |  1 |4380 |1755 | 6.735595e+04 | 6.734575e+04 |   0.02%|  53.30%
 40.0s| 15800 |  4627 | 55429 |   3.5 |   133M |  41 |3500 | 881 | 169 |1765 |  1 |4404 |1762 | 6.735595e+04 | 6.734575e+04 |   0.02%|  53.31%
 40.0s| 15900 |  4638 | 55606 |   3.5 |   133M |  41 |3500 | 894 |   0 |1765 |  0 |4442 |1762 | 6.735595e+04 | 6.734575e+04 |   0.02%|  53.31%
 40.0s| 16000 |  4660 | 55782 |   3.5 |   133M |  41 |3500 | 889 | 176 |1767 |  1 |4461 |1764 | 6.735594e+04 | 6.734575e+04 |   0.02%|  53.32%
 41.0s| 16100 |  4690 | 55971 |   3.5 |   133M |  41 |3500 | 880 |   0 |1768 |  0 |4470 |1768 | 6.735594e+04 | 6.734575e+04 |   0.02%|  53.32%
 41.0s| 16200 |  4721 | 56374 |   3.5 |   134M |  41 |3500 | 878 | 174 |1769 |  1 |4500 |1772 | 6.735594e+04 | 6.734575e+04 |   0.02%|  53.33%
 41.0s| 16300 |  4759 | 56625 |   3.5 |   134M |  41 |3500 | 857 |   0 |1772 |  0 |4515 |1773 | 6.735594e+04 | 6.734575e+04 |   0.02%|  53.33%
 41.0s| 16400 |  4787 | 56921 |   3.5 |   134M |  41 |3500 | 856 | 171 |1772 |  1 |4531 |1774 | 6.735594e+04 | 6.734575e+04 |   0.02%|  53.33%
 time | node  | left  |LP iter|LP it/n|mem/heur|mdpt |vars |cons |rows |cuts |sepa|confs|strbr|  dualbound   | primalbound  |  gap   | compl. 
 41.0s| 16500 |  4809 | 57112 |   3.4 |   134M |  41 |3500 | 845 |   0 |1772 |  0 |4542 |1776 | 6.735594e+04 | 6.734575e+04 |   0.02%|  53.34%
 42.0s| 16600 |  4829 | 57294 |   3.4 |   134M |  41 |3500 | 849 | 170 |1772 |  1 |4564 |1776 | 6.735594e+04 | 6.734575e+04 |   0.02%|  53.34%
 42.0s| 16700 |  4850 | 57522 |   3.4 |   134M |  41 |3500 | 854 | 172 |1772 |  1 |4591 |1778 | 6.735593e+04 | 6.734575e+04 |   0.02%|  53.34%
 42.0s| 16800 |  4864 | 57673 |   3.4 |   134M |  41 |3500 | 874 | 172 |1772 |  1 |4616 |1779 | 6.735593e+04 | 6.734575e+04 |   0.02%|  53.34%
 42.0s| 16900 |  4880 | 57854 |   3.4 |   134M |  41 |3500 | 882 | 174 |1773 |  1 |4660 |1779 | 6.735593e+04 | 6.734575e+04 |   0.02%|  53.34%
 42.0s| 17000 |  4893 | 58115 |   3.4 |   134M |  41 |3500 | 904 |   0 |1775 |  0 |4687 |1784 | 6.735593e+04 | 6.734575e+04 |   0.02%|  53.34%
 42.0s| 17100 |  4919 | 58447 |   3.4 |   134M |  41 |3500 | 917 | 172 |1776 |  1 |4718 |1787 | 6.735593e+04 | 6.734575e+04 |   0.02%|  53.37%
 42.0s| 17200 |  4928 | 58644 |   3.4 |   134M |  41 |3500 | 896 | 173 |1776 |  1 |4733 |1790 | 6.735593e+04 | 6.734575e+04 |   0.02%|  53.41%
 43.0s| 17300 |  4982 | 58967 |   3.4 |   135M |  41 |3500 | 924 | 174 |1777 |  1 |4771 |1792 | 6.735593e+04 | 6.734575e+04 |   0.02%|  53.41%
 43.0s| 17400 |  5009 | 59176 |   3.4 |   135M |  41 |3500 | 945 | 173 |1777 |  1 |4804 |1793 | 6.735593e+04 | 6.734575e+04 |   0.02%|  53.42%
 43.0s| 17500 |  5047 | 59467 |   3.4 |   135M |  41 |3500 | 942 | 174 |1778 |  2 |4837 |1796 | 6.735592e+04 | 6.734575e+04 |   0.02%|  53.42%
 43.0s| 17600 |  5065 | 59731 |   3.4 |   135M |  41 |3500 | 957 |   0 |1783 |  0 |4877 |1798 | 6.735591e+04 | 6.734575e+04 |   0.02%|  53.43%
 43.0s| 17700 |  5075 | 59922 |   3.4 |   135M |  41 |3500 | 956 | 174 |1785 |  1 |4887 |1805 | 6.735590e+04 | 6.734575e+04 |   0.02%|  53.44%
 43.0s| 17800 |  5095 | 60111 |   3.4 |   135M |  41 |3500 | 990 | 174 |1789 |  1 |4932 |1808 | 6.735590e+04 | 6.734575e+04 |   0.02%|  53.45%
 44.0s| 17900 |  5138 | 60440 |   3.4 |   135M |  41 |3500 |1002 | 174 |1790 |  2 |4962 |1810 | 6.735590e+04 | 6.734575e+04 |   0.02%|  53.45%
 time | node  | left  |LP iter|LP it/n|mem/heur|mdpt |vars |cons |rows |cuts |sepa|confs|strbr|  dualbound   | primalbound  |  gap   | compl. 
 44.0s| 18000 |  5186 | 61072 |   3.4 |   135M |  41 |3500 |1053 | 174 |1796 |  1 |5041 |1814 | 6.735590e+04 | 6.734575e+04 |   0.02%|  53.47%
 44.0s| 18100 |  5208 | 61238 |   3.4 |   136M |  41 |3500 |1043 |   0 |1796 |  0 |5064 |1816 | 6.735590e+04 | 6.734575e+04 |   0.02%|  53.47%
 44.0s| 18200 |  5226 | 61400 |   3.4 |   136M |  41 |3500 |1010 | 171 |1798 |  2 |5072 |1816 | 6.735590e+04 | 6.734575e+04 |   0.02%|  53.47%
 45.0s| 18300 |  5240 | 61622 |   3.4 |   136M |  41 |3500 | 990 | 171 |1799 |  1 |5081 |1817 | 6.735589e+04 | 6.734575e+04 |   0.02%|  53.48%
 45.0s| 18400 |  5255 | 61856 |   3.3 |   136M |  41 |3500 |1004 | 171 |1800 |  1 |5115 |1817 | 6.735589e+04 | 6.734575e+04 |   0.02%|  53.48%
 45.0s| 18500 |  5272 | 62025 |   3.3 |   136M |  41 |3500 |1015 |   0 |1800 |  0 |5133 |1821 | 6.735589e+04 | 6.734575e+04 |   0.02%|  53.48%
 45.0s| 18600 |  5302 | 62225 |   3.3 |   136M |  41 |3500 |1036 | 171 |1801 |  1 |5162 |1821 | 6.735589e+04 | 6.734575e+04 |   0.02%|  53.48%
 45.0s| 18700 |  5332 | 62414 |   3.3 |   136M |  41 |3500 |1041 | 171 |1805 |  1 |5205 |1824 | 6.735588e+04 | 6.734575e+04 |   0.02%|  53.48%
 45.0s| 18800 |  5356 | 62555 |   3.3 |   136M |  41 |3500 |1048 | 171 |1805 |  1 |5226 |1825 | 6.735588e+04 | 6.734575e+04 |   0.02%|  53.49%
 46.0s| 18900 |  5385 | 62838 |   3.3 |   136M |  41 |3500 |1023 | 174 |1807 |  1 |5242 |1826 | 6.735588e+04 | 6.734575e+04 |   0.02%|  53.49%
 46.0s| 19000 |  5419 | 63090 |   3.3 |   136M |  41 |3500 |1002 |   0 |1817 |  0 |5252 |1826 | 6.735588e+04 | 6.734575e+04 |   0.02%|  53.57%
 46.0s| 19100 |  5473 | 63365 |   3.3 |   136M |  41 |3500 |1007 |   0 |1817 |  0 |5305 |1834 | 6.735588e+04 | 6.734575e+04 |   0.02%|  53.57%
 46.0s| 19200 |  5496 | 63556 |   3.3 |   136M |  41 |3500 | 996 |   0 |1817 |  0 |5321 |1838 | 6.735587e+04 | 6.734575e+04 |   0.02%|  53.57%
 46.0s| 19300 |  5550 | 63822 |   3.3 |   136M |  41 |3500 |1012 |   0 |1817 |  0 |5351 |1839 | 6.735587e+04 | 6.734575e+04 |   0.02%|  53.57%
 46.0s| 19400 |  5594 | 64046 |   3.3 |   136M |  41 |3500 |1093 | 172 |1817 |  1 |5457 |1847 | 6.735587e+04 | 6.734575e+04 |   0.02%|  53.57%
 time | node  | left  |LP iter|LP it/n|mem/heur|mdpt |vars |cons |rows |cuts |sepa|confs|strbr|  dualbound   | primalbound  |  gap   | compl. 
 47.0s| 19500 |  5658 | 64360 |   3.3 |   136M |  41 |3500 |1194 | 171 |1817 |  1 |5573 |1855 | 6.735587e+04 | 6.734575e+04 |   0.02%|  53.57%
 47.0s| 19600 |  5668 | 64512 |   3.3 |   136M |  41 |3500 |1167 | 172 |1818 |  1 |5578 |1855 | 6.735587e+04 | 6.734575e+04 |   0.02%|  53.58%
 47.0s| 19700 |  5690 | 64725 |   3.3 |   137M |  41 |3500 |1164 |   0 |1818 |  0 |5610 |1861 | 6.735587e+04 | 6.734575e+04 |   0.02%|  53.60%
 47.0s| 19800 |  5711 | 64966 |   3.3 |   137M |  41 |3500 |1227 | 176 |1818 |  1 |5698 |1868 | 6.735586e+04 | 6.734575e+04 |   0.02%|  53.61%
 47.0s| 19900 |  5737 | 65325 |   3.3 |   137M |  41 |3500 |1197 | 172 |1819 |  1 |5728 |1871 | 6.735585e+04 | 6.734575e+04 |   0.02%|  53.63%
 48.0s| 20000 |  5770 | 65556 |   3.3 |   137M |  41 |3500 |1198 |   0 |1821 |  0 |5774 |1877 | 6.735584e+04 | 6.734575e+04 |   0.01%|  53.66%
 48.0s| 20100 |  5802 | 65761 |   3.3 |   137M |  41 |3500 |1202 | 172 |1822 |  1 |5806 |1878 | 6.735584e+04 | 6.734575e+04 |   0.01%|  53.66%
 48.0s| 20200 |  5825 | 65991 |   3.3 |   137M |  41 |3500 |1222 | 172 |1822 |  1 |5840 |1884 | 6.735584e+04 | 6.734575e+04 |   0.01%|  53.66%
 48.0s| 20300 |  5847 | 66196 |   3.3 |   137M |  41 |3500 |1247 | 172 |1822 |  1 |5885 |1888 | 6.735583e+04 | 6.734575e+04 |   0.01%|  53.66%
 48.0s| 20400 |  5859 | 66415 |   3.2 |   137M |  41 |3500 |1203 |   0 |1824 |  0 |5906 |1890 | 6.735583e+04 | 6.734575e+04 |   0.01%|  53.66%
 48.0s| 20500 |  5867 | 66592 |   3.2 |   138M |  41 |3500 |1159 |   0 |1824 |  0 |5939 |1894 | 6.735583e+04 | 6.734575e+04 |   0.01%|  53.67%
 48.0s| 20600 |  5892 | 66751 |   3.2 |   138M |  41 |3500 |1145 | 173 |1825 |  1 |5974 |1894 | 6.735583e+04 | 6.734575e+04 |   0.01%|  53.67%
 49.0s| 20700 |  5913 | 66899 |   3.2 |   138M |  41 |3500 |1119 | 169 |1825 |  1 |6016 |1895 | 6.735582e+04 | 6.734575e+04 |   0.01%|  53.68%
 49.0s| 20800 |  5927 | 67040 |   3.2 |   138M |  41 |3500 |1174 | 172 |1825 |  1 |6083 |1899 | 6.735582e+04 | 6.734575e+04 |   0.01%|  53.68%
 49.0s| 20900 |  5939 | 67266 |   3.2 |   138M |  41 |3500 |1162 | 170 |1825 |  1 |6156 |1904 | 6.735581e+04 | 6.734575e+04 |   0.01%|  53.68%
 time | node  | left  |LP iter|LP it/n|mem/heur|mdpt |vars |cons |rows |cuts |sepa|confs|strbr|  dualbound   | primalbound  |  gap   | compl. 
 49.0s| 21000 |  5956 | 67479 |   3.2 |   138M |  41 |3500 |1164 | 172 |1827 |  1 |6220 |1909 | 6.735581e+04 | 6.734575e+04 |   0.01%|  53.69%
 49.0s| 21100 |  5961 | 67645 |   3.2 |   138M |  41 |3500 |1077 | 172 |1827 |  1 |6254 |1911 | 6.735581e+04 | 6.734575e+04 |   0.01%|  53.69%
 49.0s| 21200 |  5975 | 67809 |   3.2 |   138M |  41 |3500 |1060 | 171 |1828 |  1 |6256 |1912 | 6.735580e+04 | 6.734575e+04 |   0.01%|  53.69%
 50.0s| 21300 |  6000 | 67981 |   3.2 |   138M |  41 |3500 |1019 | 173 |1828 |  1 |6267 |1915 | 6.735579e+04 | 6.734575e+04 |   0.01%|  53.71%
 50.0s| 21400 |  6041 | 68200 |   3.2 |   138M |  41 |3500 |1016 | 169 |1829 |  2 |6289 |1917 | 6.735579e+04 | 6.734575e+04 |   0.01%|  53.71%
 50.0s| 21500 |  6073 | 68372 |   3.2 |   139M |  41 |3500 |1018 | 169 |1829 |  1 |6321 |1920 | 6.735577e+04 | 6.734575e+04 |   0.01%|  53.71%
 50.0s| 21600 |  6085 | 68510 |   3.2 |   139M |  41 |3500 |1002 | 169 |1829 |  1 |6327 |1920 | 6.735577e+04 | 6.734575e+04 |   0.01%|  53.71%
 50.0s| 21700 |  6105 | 68631 |   3.2 |   139M |  41 |3500 |1004 | 169 |1829 |  1 |6343 |1920 | 6.735577e+04 | 6.734575e+04 |   0.01%|  53.71%
 50.0s| 21800 |  6123 | 68870 |   3.1 |   139M |  41 |3500 | 990 |   0 |1830 |  0 |6361 |1926 | 6.735577e+04 | 6.734575e+04 |   0.01%|  53.71%
 50.0s| 21900 |  6142 | 69007 |   3.1 |   139M |  41 |3500 | 969 | 174 |1830 |  1 |6388 |1928 | 6.735577e+04 | 6.734575e+04 |   0.01%|  53.72%
 51.0s| 22000 |  6176 | 69292 |   3.1 |   139M |  41 |3500 | 978 | 169 |1831 |  1 |6444 |1930 | 6.735577e+04 | 6.734575e+04 |   0.01%|  53.72%
 51.0s| 22100 |  6196 | 69481 |   3.1 |   139M |  41 |3500 | 974 |   0 |1833 |  0 |6471 |1934 | 6.735577e+04 | 6.734575e+04 |   0.01%|  53.72%
 51.0s| 22200 |  6216 | 69601 |   3.1 |   139M |  41 |3500 | 989 | 173 |1833 |  1 |6503 |1934 | 6.735577e+04 | 6.734575e+04 |   0.01%|  53.72%
 51.0s| 22300 |  6238 | 69747 |   3.1 |   139M |  41 |3500 | 983 |   0 |1833 |  0 |6527 |1936 | 6.735577e+04 | 6.734575e+04 |   0.01%|  53.72%
 51.0s| 22400 |  6241 | 69875 |   3.1 |   139M |  41 |3500 |1002 |   0 |1835 |  0 |6565 |1940 | 6.735577e+04 | 6.734575e+04 |   0.01%|  53.72%
 time | node  | left  |LP iter|LP it/n|mem/heur|mdpt |vars |cons |rows |cuts |sepa|confs|strbr|  dualbound   | primalbound  |  gap   | compl. 
 51.0s| 22500 |  6246 | 70032 |   3.1 |   139M |  41 |3500 | 976 | 173 |1836 |  1 |6585 |1942 | 6.735576e+04 | 6.734575e+04 |   0.01%|  53.73%
 51.0s| 22600 |  6263 | 70305 |   3.1 |   139M |  41 |3500 | 979 | 171 |1838 |  1 |6614 |1943 | 6.735576e+04 | 6.734575e+04 |   0.01%|  53.73%
 52.0s| 22700 |  6295 | 70647 |   3.1 |   140M |  41 |3500 | 937 | 170 |1838 |  1 |6632 |1944 | 6.735575e+04 | 6.734575e+04 |   0.01%|  53.75%
 52.0s| 22800 |  6308 | 70871 |   3.1 |   140M |  41 |3500 | 925 |   0 |1840 |  0 |6655 |1944 | 6.735575e+04 | 6.734575e+04 |   0.01%|  53.75%
 52.0s| 22900 |  6316 | 71004 |   3.1 |   140M |  41 |3500 | 877 | 175 |1841 |  1 |6667 |1948 | 6.735574e+04 | 6.734575e+04 |   0.01%|  53.77%
 52.0s| 23000 |  6332 | 71111 |   3.1 |   140M |  41 |3500 | 874 |   0 |1842 |  0 |6672 |1951 | 6.735574e+04 | 6.734575e+04 |   0.01%|  53.77%
 52.0s| 23100 |  6343 | 71221 |   3.1 |   140M |  41 |3500 | 879 | 174 |1842 |  1 |6695 |1952 | 6.735574e+04 | 6.734575e+04 |   0.01%|  53.78%
 52.0s| 23200 |  6359 | 71374 |   3.1 |   140M |  41 |3500 | 852 | 174 |1849 |  1 |6713 |1953 | 6.735574e+04 | 6.734575e+04 |   0.01%|  53.84%
 53.0s| 23300 |  6377 | 71594 |   3.1 |   140M |  41 |3500 | 862 |   0 |1850 |  0 |6739 |1964 | 6.735574e+04 | 6.734575e+04 |   0.01%|  53.84%
 53.0s| 23400 |  6386 | 71770 |   3.1 |   140M |  41 |3500 | 893 | 173 |1850 |  1 |6790 |1966 | 6.735574e+04 | 6.734575e+04 |   0.01%|  53.84%
 53.0s| 23500 |  6396 | 71924 |   3.1 |   140M |  41 |3500 | 899 |   0 |1850 |  0 |6812 |1967 | 6.735574e+04 | 6.734575e+04 |   0.01%|  53.84%
 53.0s| 23600 |  6428 | 72170 |   3.0 |   140M |  41 |3500 | 899 | 173 |1851 |  1 |6829 |1967 | 6.735573e+04 | 6.734575e+04 |   0.01%|  53.90%
 53.0s| 23700 |  6452 | 72395 |   3.0 |   140M |  41 |3500 | 902 |   0 |1853 |  0 |6859 |1970 | 6.735573e+04 | 6.734575e+04 |   0.01%|  53.91%
 54.0s| 23800 |  6476 | 72664 |   3.0 |   140M |  41 |3500 | 894 |   0 |1860 |  0 |6900 |1977 | 6.735572e+04 | 6.734575e+04 |   0.01%|  53.93%
 54.0s| 23900 |  6514 | 73044 |   3.0 |   140M |  41 |3500 | 899 | 176 |1861 |  1 |6925 |1979 | 6.735572e+04 | 6.734575e+04 |   0.01%|  53.93%
 time | node  | left  |LP iter|LP it/n|mem/heur|mdpt |vars |cons |rows |cuts |sepa|confs|strbr|  dualbound   | primalbound  |  gap   | compl. 
 54.0s| 24000 |  6544 | 73325 |   3.0 |   140M |  41 |3500 | 893 |   0 |1861 |  0 |6966 |1979 | 6.735572e+04 | 6.734575e+04 |   0.01%|  53.94%
 54.0s| 24100 |  6557 | 73635 |   3.0 |   140M |  41 |3500 | 909 | 176 |1862 |  1 |7003 |1986 | 6.735572e+04 | 6.734575e+04 |   0.01%|  53.96%
 54.0s| 24200 |  6582 | 73869 |   3.0 |   140M |  41 |3500 | 920 | 173 |1865 |  1 |7048 |1990 | 6.735571e+04 | 6.734575e+04 |   0.01%|  53.99%
 55.0s| 24300 |  6602 | 74081 |   3.0 |   140M |  41 |3500 | 921 | 175 |1866 |  1 |7066 |1995 | 6.735571e+04 | 6.734575e+04 |   0.01%|  53.99%
 55.0s| 24400 |  6622 | 74318 |   3.0 |   140M |  41 |3500 | 937 | 175 |1867 |  1 |7091 |2009 | 6.735571e+04 | 6.734575e+04 |   0.01%|  53.99%
 55.0s| 24500 |  6629 | 74522 |   3.0 |   140M |  41 |3500 | 933 |   0 |1868 |  0 |7129 |2014 | 6.735571e+04 | 6.734575e+04 |   0.01%|  54.02%
 55.0s| 24600 |  6629 | 74748 |   3.0 |   140M |  41 |3500 | 910 | 175 |1868 |  1 |7132 |2018 | 6.735571e+04 | 6.734575e+04 |   0.01%|  54.03%
 55.0s| 24700 |  6635 | 74926 |   3.0 |   140M |  41 |3500 | 931 |   0 |1876 |  0 |7165 |2024 | 6.735571e+04 | 6.734575e+04 |   0.01%|  54.03%
 55.0s| 24800 |  6652 | 75074 |   3.0 |   140M |  41 |3500 | 939 | 174 |1881 |  1 |7195 |2024 | 6.735571e+04 | 6.734575e+04 |   0.01%|  54.03%
 56.0s| 24900 |  6678 | 75289 |   3.0 |   140M |  41 |3500 | 950 | 175 |1885 |  1 |7214 |2030 | 6.735570e+04 | 6.734575e+04 |   0.01%|  54.03%
 56.0s| 25000 |  6696 | 75535 |   3.0 |   141M |  41 |3500 | 948 |   0 |1889 |  0 |7266 |2038 | 6.735570e+04 | 6.734575e+04 |   0.01%|  54.03%
 56.0s| 25100 |  6722 | 75841 |   3.0 |   141M |  41 |3500 | 946 | 171 |1891 |  1 |7294 |2045 | 6.735570e+04 | 6.734575e+04 |   0.01%|  54.03%
 56.0s| 25200 |  6741 | 76010 |   3.0 |   141M |  41 |3500 | 952 | 171 |1891 |  1 |7307 |2051 | 6.735570e+04 | 6.734575e+04 |   0.01%|  54.06%
 56.0s| 25300 |  6769 | 76206 |   3.0 |   141M |  41 |3500 | 917 |   0 |1891 |  0 |7334 |2053 | 6.735570e+04 | 6.734575e+04 |   0.01%|  54.07%
 56.0s| 25400 |  6783 | 76396 |   3.0 |   141M |  41 |3500 | 910 | 169 |1892 |  1 |7356 |2055 | 6.735569e+04 | 6.734575e+04 |   0.01%|  54.09%
 time | node  | left  |LP iter|LP it/n|mem/heur|mdpt |vars |cons |rows |cuts |sepa|confs|strbr|  dualbound   | primalbound  |  gap   | compl. 
 57.0s| 25500 |  6808 | 76652 |   3.0 |   141M |  41 |3500 | 933 |   0 |1903 |  0 |7401 |2057 | 6.735569e+04 | 6.734575e+04 |   0.01%|  54.11%
 57.0s| 25600 |  6839 | 76884 |   3.0 |   141M |  41 |3500 | 903 | 170 |1909 |  1 |7423 |2058 | 6.735569e+04 | 6.734575e+04 |   0.01%|  54.12%
 57.0s| 25700 |  6864 | 77108 |   3.0 |   141M |  41 |3500 | 931 | 172 |1913 |  2 |7478 |2062 | 6.735569e+04 | 6.734575e+04 |   0.01%|  54.12%
 57.0s| 25800 |  6888 | 77278 |   3.0 |   141M |  41 |3500 | 927 |   0 |1916 |  0 |7492 |2064 | 6.735569e+04 | 6.734575e+04 |   0.01%|  54.12%
 57.0s| 25900 |  6899 | 77484 |   3.0 |   141M |  41 |3500 | 965 |   0 |1916 |  0 |7538 |2065 | 6.735569e+04 | 6.734575e+04 |   0.01%|  54.12%
 57.0s| 26000 |  6915 | 77700 |   3.0 |   141M |  41 |3500 | 950 |   0 |1918 |  0 |7571 |2068 | 6.735569e+04 | 6.734575e+04 |   0.01%|  54.12%
 58.0s| 26100 |  6921 | 77852 |   3.0 |   141M |  41 |3500 | 991 | 172 |1919 |  1 |7638 |2072 | 6.735569e+04 | 6.734575e+04 |   0.01%|  54.12%
 58.0s| 26200 |  6969 | 78065 |   3.0 |   141M |  41 |3500 | 974 | 169 |1919 |  1 |7666 |2075 | 6.735568e+04 | 6.734575e+04 |   0.01%|  54.12%
 58.0s| 26300 |  6998 | 78200 |   3.0 |   141M |  41 |3500 | 988 |   0 |1919 |  0 |7688 |2075 | 6.735568e+04 | 6.734575e+04 |   0.01%|  54.12%
 58.0s| 26400 |  7024 | 78358 |   3.0 |   141M |  41 |3500 | 967 |   0 |1919 |  0 |7700 |2076 | 6.735568e+04 | 6.734575e+04 |   0.01%|  54.12%
 58.0s| 26500 |  7044 | 78480 |   3.0 |   141M |  41 |3500 | 964 |   0 |1920 |  0 |7700 |2076 | 6.735568e+04 | 6.734575e+04 |   0.01%|  54.12%
 58.0s| 26600 |  7082 | 78847 |   3.0 |   141M |  41 |3500 | 944 |   0 |1926 |  0 |7748 |2076 | 6.735568e+04 | 6.734575e+04 |   0.01%|  54.12%
 58.0s| 26700 |  7118 | 79055 |   3.0 |   141M |  41 |3500 | 931 | 170 |1927 |  1 |7771 |2076 | 6.735568e+04 | 6.734575e+04 |   0.01%|  54.12%
 59.0s| 26800 |  7146 | 79296 |   3.0 |   142M |  41 |3500 | 918 |   0 |1928 |  0 |7793 |2076 | 6.735567e+04 | 6.734575e+04 |   0.01%|  54.14%
 59.0s| 26900 |  7164 | 79530 |   2.9 |   142M |  41 |3500 | 890 | 170 |1930 |  2 |7809 |2081 | 6.735566e+04 | 6.734575e+04 |   0.01%|  54.15%
 time | node  | left  |LP iter|LP it/n|mem/heur|mdpt |vars |cons |rows |cuts |sepa|confs|strbr|  dualbound   | primalbound  |  gap   | compl. 
 59.0s| 27000 |  7163 | 79706 |   2.9 |   142M |  42 |3500 | 866 | 176 |1932 |  1 |7824 |2085 | 6.735566e+04 | 6.734575e+04 |   0.01%|  54.15%
 59.0s| 27100 |  7176 | 79831 |   2.9 |   142M |  42 |3500 | 850 |   0 |1933 |  0 |7834 |2088 | 6.735566e+04 | 6.734575e+04 |   0.01%|  54.15%
 59.0s| 27200 |  7200 | 80045 |   2.9 |   142M |  42 |3500 | 860 | 170 |1937 |  1 |7867 |2091 | 6.735566e+04 | 6.734575e+04 |   0.01%|  54.15%
 59.0s| 27300 |  7214 | 80219 |   2.9 |   142M |  42 |3500 | 843 | 171 |1945 |  1 |7940 |2103 | 6.735565e+04 | 6.734575e+04 |   0.01%|  54.17%
 59.0s| 27400 |  7245 | 80487 |   2.9 |   142M |  42 |3500 | 836 | 172 |1947 |  1 |7966 |2105 | 6.735565e+04 | 6.734575e+04 |   0.01%|  54.17%
 60.0s| 27500 |  7281 | 80829 |   2.9 |   143M |  42 |3500 | 822 |   0 |1952 |  0 |7988 |2107 | 6.735565e+04 | 6.734575e+04 |   0.01%|  54.17%
 60.0s| 27600 |  7299 | 81053 |   2.9 |   143M |  42 |3500 | 771 | 175 |1954 |  1 |7997 |2107 | 6.735565e+04 | 6.734575e+04 |   0.01%|  54.18%
 60.0s| 27700 |  7319 | 81190 |   2.9 |   143M |  42 |3500 | 751 | 176 |1956 |  2 |8004 |2107 | 6.735565e+04 | 6.734575e+04 |   0.01%|  54.18%
 60.0s| 27800 |  7343 | 81564 |   2.9 |   143M |  42 |3500 | 738 |   0 |1959 |  0 |8010 |2111 | 6.735564e+04 | 6.734575e+04 |   0.01%|  54.18%
 60.0s| 27900 |  7355 | 81729 |   2.9 |   143M |  42 |3500 | 714 | 176 |1966 |  1 |8031 |2118 | 6.735564e+04 | 6.734575e+04 |   0.01%|  54.18%
 60.0s| 28000 |  7377 | 81923 |   2.9 |   143M |  42 |3500 | 716 | 175 |1970 |  1 |8051 |2118 | 6.735564e+04 | 6.734575e+04 |   0.01%|  54.18%
 60.0s| 28100 |  7393 | 82059 |   2.9 |   143M |  42 |3500 | 703 |   0 |1971 |  0 |8055 |2118 | 6.735564e+04 | 6.734575e+04 |   0.01%|  54.20%
 60.0s| 28200 |  7411 | 82255 |   2.9 |   143M |  42 |3500 | 704 | 172 |1971 |  1 |8070 |2118 | 6.735564e+04 | 6.734575e+04 |   0.01%|  54.20%

SCIP Status        : solving was interrupted [time limit reached]
Solving Time (sec) : 61.00
Solving Nodes      : 28299
Primal Bound       : +6.73457485599475e+04 (553 solutions)
Dual Bound         : +6.73556372659313e+04
Gap                : 0.01 %
[SCIP] Solver status: timelimit
[SCIP] Best objective (bestSol): 67345.74855994746
[SCIP] Final relative gap: 0.00014683489597013468
[SEQ] 第 2 车完成：已分配 SKU 数=25，装载湿重=32.500000，本车目标值=67345.748560，剩余 SKU 数=149

================ 当前求解车辆 3/5 ================
[SEQ-TIME] 全局总预算=300.000s，已用=120.282s，剩余=179.718s，剩余车辆数=3，本车 SCIP time limit=59.906s
配置 SCIP 求解参数 ...
[SEQ-TIME] 已禁用单车 run_epgap / run_epagap 提前停机；本车仅受 time limit 或最优性证明等 SCIP 自然终止条件影响。
presolving:
   (0.0s) symmetry computation started: requiring (bin +, int +, cont +), (fixed: bin -, int -, cont -)
   (0.0s) no symmetry present (symcode time: 0.00)
presolving (0 rounds: 0 fast, 0 medium, 0 exhaustive):
 0 deleted vars, 0 deleted constraints, 0 added constraints, 0 tightened bounds, 0 added holes, 0 changed sides, 0 changed coefficients
 0 implications, 0 cliques
presolved problem has 3000 variables (3000 bin, 0 int, 0 impl, 0 cont) and 253 constraints
    253 constraints of type <linear>
Presolving Time: 0.00

 time | node  | left  |LP iter|LP it/n|mem/heur|mdpt |vars |cons |rows |cuts |sepa|confs|strbr|  dualbound   | primalbound  |  gap   | compl. 
  0.0s|     1 |     0 |    66 |     - |    26M |   0 |3000 | 298 | 244 |   0 |  0 |  54 |   0 | 6.536923e+04 |      --      |    Inf | unknown
  0.0s|     1 |     0 |   130 |     - |    28M |   0 |3000 | 298 | 248 |   4 |  1 |  54 |   0 | 6.536684e+04 |      --      |    Inf | unknown
  0.0s|     1 |     0 |   148 |     - |    28M |   0 |3000 | 298 | 252 |   8 |  2 |  54 |   0 | 6.536663e+04 |      --      |    Inf | unknown
  0.0s|     1 |     0 |   159 |     - |    30M |   0 |3000 | 298 | 256 |  12 |  3 |  54 |   0 | 6.536643e+04 |      --      |    Inf | unknown
  0.0s|     1 |     0 |   165 |     - |    30M |   0 |3000 | 298 | 260 |  16 |  4 |  54 |   0 | 6.536637e+04 |      --      |    Inf | unknown
  0.0s|     1 |     0 |   171 |     - |    31M |   0 |3000 | 298 | 264 |  20 |  5 |  54 |   0 | 6.536632e+04 |      --      |    Inf | unknown
  0.0s|     1 |     0 |   181 |     - |    32M |   0 |3000 | 298 | 269 |  25 |  6 |  54 |   0 | 6.536628e+04 |      --      |    Inf | unknown
  0.0s|     1 |     0 |   196 |     - |    32M |   0 |3000 | 298 | 273 |  29 |  7 |  54 |   0 | 6.536608e+04 |      --      |    Inf | unknown
  0.0s|     1 |     0 |   210 |     - |    32M |   0 |3000 | 298 | 277 |  33 |  8 |  54 |   0 | 6.536597e+04 |      --      |    Inf | unknown
  0.0s|     1 |     0 |   236 |     - |    32M |   0 |3000 | 298 | 281 |  37 |  9 |  54 |   0 | 6.536554e+04 |      --      |    Inf | unknown
  0.0s|     1 |     0 |   247 |     - |    32M |   0 |3000 | 298 | 285 |  41 | 10 |  54 |   0 | 6.536544e+04 |      --      |    Inf | unknown
  0.0s|     1 |     0 |   263 |     - |    32M |   0 |3000 | 298 | 289 |  45 | 11 |  54 |   0 | 6.536535e+04 |      --      |    Inf | unknown
  0.0s|     1 |     0 |   516 |     - |    33M |   0 |3000 | 300 | 289 |  45 | 11 |  61 |  10 | 6.536083e+04 |      --      |    Inf | unknown
  0.0s|     1 |     0 |   532 |     - |    33M |   0 |3000 | 301 | 292 |  48 | 12 |  62 |  10 | 6.536083e+04 |      --      |    Inf | unknown
  0.0s|     1 |     0 |   537 |     - |    33M |   0 |3000 | 301 | 295 |  51 | 13 |  62 |  10 | 6.536083e+04 |      --      |    Inf | unknown
 time | node  | left  |LP iter|LP it/n|mem/heur|mdpt |vars |cons |rows |cuts |sepa|confs|strbr|  dualbound   | primalbound  |  gap   | compl. 
  0.0s|     1 |     0 |   578 |     - |    33M |   0 |3000 | 300 | 295 |  51 | 13 |  62 |  13 | 6.533300e+04 |      --      |    Inf | unknown
  0.0s|     1 |     0 |   607 |     - |    34M |   0 |3000 | 301 | 301 |  57 | 14 |  63 |  13 | 6.533300e+04 |      --      |    Inf | unknown
  0.0s|     1 |     0 |   614 |     - |    34M |   0 |3000 | 301 | 291 |  59 | 15 |  63 |  13 | 6.533300e+04 |      --      |    Inf | unknown
  0.0s|     1 |     0 |   641 |     - |    34M |   0 |3000 | 299 | 291 |  59 | 15 |  66 |  21 | 6.533300e+04 |      --      |    Inf | unknown
  0.0s|     1 |     0 |   656 |     - |    34M |   0 |3000 | 299 | 296 |  64 | 16 |  66 |  21 | 6.533300e+04 |      --      |    Inf | unknown
  0.0s|     1 |     0 |   665 |     - |    34M |   0 |3000 | 299 | 300 |  68 | 17 |  66 |  21 | 6.533300e+04 |      --      |    Inf | unknown
  0.0s|     1 |     0 |   667 |     - |    34M |   0 |3000 | 299 | 300 |  68 | 17 |  66 |  22 | 6.533300e+04 |      --      |    Inf | unknown
  0.0s|     1 |     0 |   681 |     - |    34M |   0 |3000 | 299 | 295 |  72 | 18 |  66 |  22 | 6.533300e+04 |      --      |    Inf | unknown
  0.0s|     1 |     0 |   689 |     - |    34M |   0 |3000 | 299 | 297 |  74 | 19 |  66 |  22 | 6.533300e+04 |      --      |    Inf | unknown
  1.0s|     1 |     0 |   689 |     - |    34M |   0 |3000 | 299 | 297 |  74 | 19 |  66 |  25 | 6.533300e+04 |      --      |    Inf | unknown
  1.0s|     1 |     0 |   713 |     - |    34M |   0 |3000 | 299 | 303 |  80 | 20 |  66 |  25 | 6.533300e+04 |      --      |    Inf | unknown
  1.0s|     1 |     0 |   722 |     - |    34M |   0 |3000 | 299 | 305 |  82 | 21 |  66 |  25 | 6.533300e+04 |      --      |    Inf | unknown
  1.0s|     1 |     0 |   727 |     - |    34M |   0 |3000 | 299 | 305 |  82 | 21 |  66 |  42 | 6.533300e+04 |      --      |    Inf | unknown
  1.0s|     1 |     0 |   739 |     - |    34M |   0 |3000 | 299 | 293 |  87 | 22 |  66 |  42 | 6.533300e+04 |      --      |    Inf | unknown
  1.0s|     1 |     0 |   746 |     - |    34M |   0 |3000 | 299 | 296 |  90 | 23 |  66 |  42 | 6.533300e+04 |      --      |    Inf | unknown
 time | node  | left  |LP iter|LP it/n|mem/heur|mdpt |vars |cons |rows |cuts |sepa|confs|strbr|  dualbound   | primalbound  |  gap   | compl. 
  1.0s|     1 |     2 |   746 |     - |    34M |   0 |3000 | 299 | 296 |  90 | 23 |  66 |  55 | 6.533300e+04 |      --      |    Inf | unknown
r 2.0s|    25 |    24 |  1902 |  57.2 |rounding|  14 |3000 | 302 | 273 | 158 |  2 |  72 | 316 | 6.531383e+04 | 6.073955e+04 |   7.53%| unknown
i 2.0s|    26 |    16 |  1902 |  54.9 |  oneopt|  14 |3000 | 302 | 270 | 158 |  0 |  72 | 325 | 6.531383e+04 | 6.483055e+04 |   0.75%|   0.29%
r 3.0s|    38 |    17 |  2018 |  40.2 |shifting|  14 |3000 | 296 | 267 | 158 |  0 |  72 | 378 | 6.531383e+04 | 6.502005e+04 |   0.45%|   1.65%
  3.0s|   100 |    76 |  2788 |  22.8 |    62M |  18 |3000 | 303 | 273 | 238 |  1 |  93 | 526 | 6.531383e+04 | 6.502005e+04 |   0.45%|   1.76%
L 4.0s|   130 |    89 |  3569 |  23.6 |    alns|  20 |3000 | 308 | 274 | 266 |  2 |  98 | 551 | 6.531383e+04 | 6.513947e+04 |   0.27%|  10.21%
  5.0s|   200 |   145 |  4092 |  17.9 |    76M |  22 |3000 | 323 | 273 | 315 |  1 | 118 | 596 | 6.531343e+04 | 6.513947e+04 |   0.27%|  10.50%
  5.0s|   300 |   227 |  5148 |  15.4 |    79M |  25 |3000 | 357 | 267 | 368 |  1 | 153 | 617 | 6.531343e+04 | 6.513947e+04 |   0.27%|  10.51%
L 6.0s|   330 |   248 |  5447 |  14.9 |crossove|  25 |3000 | 360 | 273 | 392 |  2 | 157 | 622 | 6.531343e+04 | 6.516971e+04 |   0.22%|  15.10%
  6.0s|   400 |   306 |  6012 |  13.7 |    85M |  25 |3000 | 375 | 277 | 439 |  1 | 172 | 624 | 6.531343e+04 | 6.516971e+04 |   0.22%|  15.56%
  7.0s|   500 |   386 |  7828 |  14.6 |    87M |  26 |3000 | 409 | 280 | 522 |  2 | 208 | 643 | 6.531128e+04 | 6.516971e+04 |   0.22%|  15.71%
  8.0s|   600 |   480 |  8624 |  13.5 |    88M |  27 |3000 | 417 | 271 | 563 |  1 | 216 | 660 | 6.531124e+04 | 6.516971e+04 |   0.22%|  15.71%
  8.0s|   700 |   566 |  9398 |  12.7 |    88M |  27 |3000 | 442 | 273 | 632 |  1 | 241 | 671 | 6.530974e+04 | 6.516971e+04 |   0.21%|  15.75%
  9.0s|   800 |   652 | 10256 |  12.2 |    89M |  28 |3000 | 476 | 271 | 686 |  1 | 276 | 673 | 6.530967e+04 | 6.516971e+04 |   0.21%|  15.76%
  9.0s|   900 |   734 | 11559 |  12.3 |    89M |  28 |3000 | 488 | 272 | 773 |  1 | 291 | 680 | 6.530774e+04 | 6.516971e+04 |   0.21%|  15.82%
 time | node  | left  |LP iter|LP it/n|mem/heur|mdpt |vars |cons |rows |cuts |sepa|confs|strbr|  dualbound   | primalbound  |  gap   | compl. 
 10.0s|  1000 |   818 | 13813 |  13.3 |    90M |  28 |3000 | 525 |   0 | 811 |  0 | 331 | 682 | 6.530637e+04 | 6.516971e+04 |   0.21%|  16.33%
 11.0s|  1100 |   909 | 15854 |  13.9 |    91M |  28 |3000 | 560 | 272 | 862 |  1 | 367 | 685 | 6.530612e+04 | 6.516971e+04 |   0.21%|  16.52%
 12.0s|  1200 |   995 | 18436 |  14.9 |    92M |  28 |3000 | 635 | 273 | 880 |  1 | 442 | 685 | 6.530585e+04 | 6.516971e+04 |   0.21%|  17.97%
 13.0s|  1300 |  1088 | 20294 |  15.2 |    93M |  28 |3000 | 683 | 275 | 905 |  1 | 495 | 686 | 6.530461e+04 | 6.516971e+04 |   0.21%|  18.05%
 14.0s|  1400 |  1181 | 22129 |  15.4 |    94M |  28 |3000 | 717 | 271 | 948 |  1 | 543 | 687 | 6.530337e+04 | 6.516971e+04 |   0.21%|  18.51%
 15.0s|  1500 |  1277 | 24025 |  15.7 |    95M |  28 |3000 | 746 | 267 |1057 |  1 | 586 | 687 | 6.530293e+04 | 6.516971e+04 |   0.20%|  18.55%
 16.0s|  1600 |  1369 | 25771 |  15.8 |    96M |  28 |3000 | 782 | 273 |1127 |  1 | 636 | 691 | 6.530264e+04 | 6.516971e+04 |   0.20%|  18.59%
 17.0s|  1700 |  1468 | 27541 |  15.9 |    97M |  28 |3000 | 839 | 279 |1171 |  1 | 710 | 694 | 6.530220e+04 | 6.516971e+04 |   0.20%|  18.63%
 18.0s|  1800 |  1566 | 29328 |  16.0 |    98M |  28 |3000 | 870 | 278 |1202 |  1 | 761 | 695 | 6.530193e+04 | 6.516971e+04 |   0.20%|  18.69%
 18.0s|  1900 |  1656 | 30231 |  15.6 |    98M |  37 |3000 | 877 | 275 |1206 |  1 | 778 | 699 | 6.530193e+04 | 6.516971e+04 |   0.20%|  18.70%
 19.0s|  2000 |  1751 | 31318 |  15.4 |    99M |  37 |3000 | 904 | 271 |1228 |  1 | 820 | 702 | 6.530193e+04 | 6.516971e+04 |   0.20%|  18.71%
 20.0s|  2100 |  1845 | 32315 |  15.1 |    99M |  37 |3000 | 925 | 277 |1241 |  1 | 844 | 703 | 6.530136e+04 | 6.516971e+04 |   0.20%|  18.72%
 20.0s|  2200 |  1935 | 33278 |  14.9 |    99M |  37 |3000 | 956 | 275 |1250 |  1 | 883 | 707 | 6.530082e+04 | 6.516971e+04 |   0.20%|  18.72%
 21.0s|  2300 |  2029 | 34306 |  14.7 |   101M |  41 |3000 | 981 | 272 |1288 |  1 | 916 | 712 | 6.530082e+04 | 6.516971e+04 |   0.20%|  19.06%
 21.0s|  2400 |  2125 | 35302 |  14.5 |   101M |  41 |3000 | 977 | 269 |1312 |  1 | 953 | 723 | 6.530001e+04 | 6.516971e+04 |   0.20%|  19.07%
 time | node  | left  |LP iter|LP it/n|mem/heur|mdpt |vars |cons |rows |cuts |sepa|confs|strbr|  dualbound   | primalbound  |  gap   | compl. 
 22.0s|  2500 |  2219 | 36083 |  14.2 |   101M |  41 |3000 |1000 | 273 |1329 |  1 | 990 | 728 | 6.529989e+04 | 6.516971e+04 |   0.20%|  19.08%
 22.0s|  2600 |  2295 | 36995 |  14.0 |   102M |  41 |3000 |1000 | 278 |1335 |  1 | 992 | 729 | 6.529989e+04 | 6.516971e+04 |   0.20%|  19.08%
Restart triggered after 50 consecutive estimations that the remaining tree will be large
 23.0s|  2700 |  2381 | 37733 |  13.8 |   102M |  41 |3000 |1023 | 275 |1354 |  1 |1020 | 736 | 6.529989e+04 | 6.516971e+04 |   0.20%|  19.08%
d23.0s|  2760 |  2436 | 38229 |  13.7 |conflict|  41 |3000 |1024 | 273 |   0 |  1 |1029 | 742 | 6.529970e+04 | 6.517425e+04 |   0.19%|  19.08%
 23.0s|  2800 |  2476 | 38559 |  13.6 |   103M |  41 |3000 |1021 | 275 |1366 |  1 |1037 | 742 | 6.529955e+04 | 6.517425e+04 |   0.19%|  19.08%
 24.0s|  2900 |  2570 | 39279 |  13.4 |   105M |  41 |3000 |1057 | 280 |1384 |  1 |1088 | 743 | 6.529914e+04 | 6.517425e+04 |   0.19%|  19.09%
 24.0s|  3000 |  2650 | 39744 |  13.1 |   105M |  41 |3000 |1081 | 270 |1384 |  1 |1112 | 746 | 6.529914e+04 | 6.517425e+04 |   0.19%|  19.09%
 25.0s|  3100 |  2748 | 40530 |  12.9 |   105M |  41 |3000 |1108 | 270 |1399 |  1 |1144 | 749 | 6.529912e+04 | 6.517425e+04 |   0.19%|  19.10%
 25.0s|  3200 |  2848 | 41154 |  12.7 |   106M |  41 |3000 |1135 | 270 |1401 |  1 |1172 | 754 | 6.529912e+04 | 6.517425e+04 |   0.19%|  19.10%
 26.0s|  3300 |  2924 | 41845 |  12.5 |   106M |  42 |3000 |1158 |   0 |1432 |  0 |1200 | 823 | 6.529901e+04 | 6.517425e+04 |   0.19%|  19.11%
 26.0s|  3400 |  3016 | 42453 |  12.3 |   107M |  42 |3000 |1165 | 273 |1466 |  1 |1226 | 825 | 6.529881e+04 | 6.517425e+04 |   0.19%|  19.12%
 27.0s|  3500 |  3110 | 43212 |  12.2 |   107M |  42 |3000 |1208 | 274 |1469 |  1 |1276 | 836 | 6.529881e+04 | 6.517425e+04 |   0.19%|  19.12%
 27.0s|  3600 |  3192 | 43941 |  12.1 |   108M |  42 |3000 |1232 | 275 |1501 |  1 |1315 | 844 | 6.529878e+04 | 6.517425e+04 |   0.19%|  19.13%
 28.0s|  3700 |  3285 | 44711 |  11.9 |   108M |  42 |3000 |1249 | 275 |1522 |  1 |1348 | 879 | 6.529872e+04 | 6.517425e+04 |   0.19%|  19.13%
 28.0s|  3800 |  3369 | 45472 |  11.8 |   109M |  42 |3000 |1257 | 275 |1574 |  1 |1377 | 883 | 6.529872e+04 | 6.517425e+04 |   0.19%|  19.15%
 time | node  | left  |LP iter|LP it/n|mem/heur|mdpt |vars |cons |rows |cuts |sepa|confs|strbr|  dualbound   | primalbound  |  gap   | compl. 
r28.0s|  3841 |  3406 | 45766 |  11.8 |randroun|  42 |3000 |1287 | 276 |1579 |  4 |1409 | 892 | 6.529872e+04 | 6.517765e+04 |   0.19%|  19.16%
 29.0s|  3900 |  3444 | 46126 |  11.7 |   111M |  42 |3000 |1283 | 274 |1587 |  1 |1419 | 896 | 6.529872e+04 | 6.517765e+04 |   0.19%|  19.19%
 29.0s|  4000 |  3515 | 46779 |  11.6 |   111M |  42 |3000 |1281 | 273 |1615 |  1 |1433 | 896 | 6.529860e+04 | 6.517765e+04 |   0.19%|  19.21%
 30.0s|  4100 |  3597 | 47559 |  11.5 |   114M |  43 |3000 |1301 | 275 |1645 |  1 |1464 | 898 | 6.529830e+04 | 6.517765e+04 |   0.19%|  19.24%
 30.0s|  4200 |  3676 | 48374 |  11.4 |   115M |  44 |3000 |1312 | 275 |1663 |  1 |1519 | 925 | 6.529830e+04 | 6.517765e+04 |   0.19%|  19.28%
r30.0s|  4253 |  3713 | 48751 |  11.3 |randroun|  44 |3000 |1315 | 296 |1693 | 11 |1526 | 936 | 6.529830e+04 | 6.518628e+04 |   0.17%|  19.29%
 31.0s|  4300 |  3745 | 49077 |  11.3 |   115M |  44 |3000 |1323 | 275 |1702 |  0 |1554 | 938 | 6.529830e+04 | 6.518628e+04 |   0.17%|  19.32%
 31.0s|  4400 |  3841 | 49715 |  11.2 |   115M |  44 |3000 |1315 | 276 |1709 |  1 |1565 | 956 | 6.529830e+04 | 6.518628e+04 |   0.17%|  19.33%
 32.0s|  4500 |  3935 | 50459 |  11.1 |   116M |  44 |3000 |1345 | 276 |1736 |  1 |1622 | 957 | 6.529830e+04 | 6.518628e+04 |   0.17%|  19.34%
 32.0s|  4600 |  4009 | 51027 |  11.0 |   116M |  44 |3000 |1352 |   0 |1741 |  0 |1647 | 958 | 6.529830e+04 | 6.518628e+04 |   0.17%|  19.35%
 32.0s|  4700 |  4075 | 51708 |  10.9 |   116M |  44 |3000 |1335 | 275 |1757 |  1 |1666 | 960 | 6.529814e+04 | 6.518628e+04 |   0.17%|  19.41%
 33.0s|  4800 |  4157 | 52250 |  10.8 |   117M |  44 |3000 |1364 |   0 |1769 |  0 |1698 | 961 | 6.529814e+04 | 6.518628e+04 |   0.17%|  19.43%
 33.0s|  4900 |  4248 | 52839 |  10.7 |   118M |  44 |3000 |1388 | 275 |1778 |  1 |1722 | 985 | 6.529814e+04 | 6.518628e+04 |   0.17%|  19.43%
 34.0s|  5000 |  4342 | 53569 |  10.6 |   119M |  44 |3000 |1443 | 270 |1800 |  1 |1779 |1009 | 6.529814e+04 | 6.518628e+04 |   0.17%|  19.43%
 34.0s|  5100 |  4442 | 54082 |  10.5 |   119M |  44 |3000 |1487 | 270 |1812 |  1 |1824 |1035 | 6.529814e+04 | 6.518628e+04 |   0.17%|  19.43%
 time | node  | left  |LP iter|LP it/n|mem/heur|mdpt |vars |cons |rows |cuts |sepa|confs|strbr|  dualbound   | primalbound  |  gap   | compl. 
 34.0s|  5200 |  4524 | 54600 |  10.4 |   119M |  44 |3000 |1492 | 271 |1826 |  1 |1852 |1038 | 6.529785e+04 | 6.518628e+04 |   0.17%|  19.44%
 35.0s|  5300 |  4604 | 55068 |  10.3 |   120M |  44 |3000 |1509 | 275 |1837 |  1 |1886 |1040 | 6.529785e+04 | 6.518628e+04 |   0.17%|  19.44%
 35.0s|  5400 |  4696 | 55619 |  10.2 |   120M |  44 |3000 |1514 | 274 |1849 |  2 |1904 |1042 | 6.529781e+04 | 6.518628e+04 |   0.17%|  19.44%
 35.0s|  5500 |  4796 | 56121 |  10.1 |   121M |  44 |3000 |1527 | 274 |1849 |  2 |1919 |1047 | 6.529781e+04 | 6.518628e+04 |   0.17%|  19.44%
 36.0s|  5600 |  4874 | 56702 |  10.0 |   123M |  44 |3000 |1511 |   0 |1863 |  0 |1942 |1052 | 6.529781e+04 | 6.518628e+04 |   0.17%|  19.46%
 36.0s|  5700 |  4972 | 57336 |  10.0 |   123M |  44 |3000 |1519 | 272 |1863 |  1 |1968 |1053 | 6.529777e+04 | 6.518628e+04 |   0.17%|  19.46%
 37.0s|  5800 |  5056 | 57928 |   9.9 |   123M |  44 |3000 |1524 | 272 |1881 |  1 |1993 |1056 | 6.529763e+04 | 6.518628e+04 |   0.17%|  19.46%
d37.0s|  5807 |  5043 | 57975 |   9.9 |conflict|  44 |3000 |1525 | 272 |   0 |  1 |1995 |1056 | 6.529763e+04 | 6.519444e+04 |   0.16%|  19.46%
 37.0s|  5900 |  5136 | 58553 |   9.8 |   124M |  44 |3000 |1622 | 272 |1881 |  2 |2107 |1057 | 6.529763e+04 | 6.519444e+04 |   0.16%|  19.47%
 37.0s|  6000 |  5230 | 59078 |   9.8 |   124M |  44 |3000 |1642 | 275 |1884 |  1 |2137 |1059 | 6.529744e+04 | 6.519444e+04 |   0.16%|  19.47%
 38.0s|  6100 |  5298 | 59595 |   9.7 |   124M |  44 |3000 |1624 | 268 |1888 |  1 |2151 |1064 | 6.529744e+04 | 6.519444e+04 |   0.16%|  19.48%
 38.0s|  6200 |  5384 | 60216 |   9.6 |   124M |  44 |3000 |1604 | 272 |1892 |  1 |2171 |1076 | 6.529737e+04 | 6.519444e+04 |   0.16%|  19.49%
 38.0s|  6300 |  5484 | 60690 |   9.6 |   125M |  44 |3000 |1614 | 275 |1892 |  1 |2186 |1084 | 6.529737e+04 | 6.519444e+04 |   0.16%|  19.49%
 39.0s|  6400 |  5574 | 62461 |   9.7 |   125M |  44 |3000 |1590 | 271 |1892 |  1 |2214 |1093 | 6.529733e+04 | 6.519444e+04 |   0.16%|  19.49%
*39.0s|  6494 |  5513 | 63066 |   9.6 |    LP  |  44 |3000 |1605 | 271 |1896 |  1 |2240 |1107 | 6.529732e+04 | 6.521292e+04 |   0.13%|  28.95%
 time | node  | left  |LP iter|LP it/n|mem/heur|mdpt |vars |cons |rows |cuts |sepa|confs|strbr|  dualbound   | primalbound  |  gap   | compl. 
 39.0s|  6500 |  5513 | 63069 |   9.6 |   126M |  44 |3000 |1586 |   0 |1896 |  0 |2244 |1107 | 6.529732e+04 | 6.521292e+04 |   0.13%|  28.95%
 40.0s|  6600 |  5585 | 63642 |   9.6 |   126M |  44 |3000 |1642 | 272 |1915 |  1 |2320 |1116 | 6.529723e+04 | 6.521292e+04 |   0.13%|  28.99%
 40.0s|  6700 |  5646 | 64240 |   9.5 |   126M |  44 |3000 |1640 | 281 |1938 |  1 |2348 |1120 | 6.529665e+04 | 6.521292e+04 |   0.13%|  29.02%
 40.0s|  6800 |  5712 | 64670 |   9.4 |   127M |  44 |3000 |1671 | 272 |1940 |  1 |2387 |1122 | 6.529665e+04 | 6.521292e+04 |   0.13%|  29.02%
 41.0s|  6900 |  5795 | 65165 |   9.4 |   128M |  44 |3000 |1765 | 274 |1940 |  1 |2487 |1130 | 6.529665e+04 | 6.521292e+04 |   0.13%|  29.04%
 41.0s|  7000 |  5890 | 65650 |   9.3 |   129M |  44 |3000 |1800 | 270 |1964 |  1 |2528 |1131 | 6.529665e+04 | 6.521292e+04 |   0.13%|  29.04%
 42.0s|  7100 |  5966 | 66151 |   9.2 |   132M |  44 |3000 |1810 | 271 |1984 |  1 |2591 |1168 | 6.529660e+04 | 6.521292e+04 |   0.13%|  29.04%
 42.0s|  7200 |  6046 | 66936 |   9.2 |   132M |  44 |3000 |1872 | 272 |2001 |  1 |2684 |1168 | 6.529644e+04 | 6.521292e+04 |   0.13%|  29.05%
d42.0s|  7277 |  5852 | 67324 |   9.2 |linesear|  44 |3000 |1909 | 272 |   0 |  2 |2753 |1178 | 6.529644e+04 | 6.522599e+04 |   0.11%|  29.36%
 43.0s|  7300 |  5871 | 67413 |   9.2 |   133M |  44 |3000 |1898 | 271 |2022 |  1 |2759 |1178 | 6.529644e+04 | 6.522599e+04 |   0.11%|  29.36%
 43.0s|  7400 |  5947 | 67923 |   9.1 |   135M |  44 |3000 |1951 | 272 |2050 |  1 |2816 |1194 | 6.529644e+04 | 6.522599e+04 |   0.11%|  29.36%
 43.0s|  7500 |  6013 | 68493 |   9.1 |   135M |  44 |3000 |1962 | 279 |2068 |  1 |2886 |1198 | 6.529606e+04 | 6.522599e+04 |   0.11%|  29.41%
 44.0s|  7600 |  6049 | 68798 |   9.0 |   135M |  44 |3000 |1977 |   0 |2072 |  0 |2931 |1211 | 6.529606e+04 | 6.522599e+04 |   0.11%|  29.44%
 44.0s|  7700 |  6144 | 69468 |   9.0 |   136M |  44 |3000 |1959 | 271 |2080 |  1 |2989 |1211 | 6.529580e+04 | 6.522599e+04 |   0.11%|  29.46%
 44.0s|  7800 |  6208 | 70040 |   8.9 |   137M |  44 |3000 |1950 | 270 |2125 |  1 |3051 |1231 | 6.529578e+04 | 6.522599e+04 |   0.11%|  29.47%
 time | node  | left  |LP iter|LP it/n|mem/heur|mdpt |vars |cons |rows |cuts |sepa|confs|strbr|  dualbound   | primalbound  |  gap   | compl. 
 45.0s|  7900 |  6282 | 70550 |   8.9 |   137M |  44 |3000 |1993 | 270 |2130 |  1 |3115 |1233 | 6.529578e+04 | 6.522599e+04 |   0.11%|  29.47%
 45.0s|  8000 |  6350 | 71221 |   8.8 |   137M |  44 |3000 |2000 | 272 |2188 |  1 |3170 |1259 | 6.529559e+04 | 6.522599e+04 |   0.11%|  29.48%
 46.0s|  8100 |  6430 | 71758 |   8.8 |   137M |  44 |3000 |2013 | 271 |2202 |  1 |3220 |1267 | 6.529559e+04 | 6.522599e+04 |   0.11%|  29.49%
 46.0s|  8200 |  6483 | 72219 |   8.7 |   138M |  44 |3000 |2000 | 275 |2219 |  5 |3252 |1306 | 6.529538e+04 | 6.522599e+04 |   0.11%|  29.53%
 46.0s|  8300 |  6527 | 72459 |   8.7 |   138M |  44 |3000 |2020 |   0 |2224 |  0 |3296 |1309 | 6.529538e+04 | 6.522599e+04 |   0.11%|  29.56%
 47.0s|  8400 |  6574 | 72873 |   8.6 |   138M |  44 |3000 |1991 | 273 |2230 |  1 |3351 |1309 | 6.529529e+04 | 6.522599e+04 |   0.11%|  29.57%
 47.0s|  8500 |  6636 | 73439 |   8.6 |   139M |  44 |3000 |1944 |   0 |2278 |  0 |3410 |1315 | 6.529508e+04 | 6.522599e+04 |   0.11%|  29.59%
 47.0s|  8600 |  6730 | 74014 |   8.5 |   139M |  44 |3000 |1911 | 272 |2283 |  1 |3453 |1315 | 6.529490e+04 | 6.522599e+04 |   0.11%|  29.60%
 48.0s|  8700 |  6812 | 74602 |   8.5 |   139M |  44 |3000 |1939 | 271 |2288 |  1 |3486 |1315 | 6.529490e+04 | 6.522599e+04 |   0.11%|  29.60%
 48.0s|  8800 |  6886 | 75328 |   8.5 |   140M |  44 |3000 |1974 | 273 |2309 |  2 |3530 |1318 | 6.529490e+04 | 6.522599e+04 |   0.11%|  29.60%
 49.0s|  8900 |  6962 | 75994 |   8.5 |   140M |  44 |3000 |2004 | 273 |2342 |  2 |3606 |1320 | 6.529489e+04 | 6.522599e+04 |   0.11%|  29.60%
 49.0s|  9000 |  7046 | 76752 |   8.5 |   140M |  44 |3000 |2009 | 275 |2372 |  2 |3643 |1322 | 6.529486e+04 | 6.522599e+04 |   0.11%|  29.60%
 49.0s|  9100 |  7096 | 77149 |   8.4 |   140M |  44 |3000 |2043 |   0 |2380 |  0 |3687 |1328 | 6.529486e+04 | 6.522599e+04 |   0.11%|  29.61%
 49.0s|  9200 |  7142 | 77553 |   8.4 |   141M |  44 |3000 |2031 | 272 |2393 |  1 |3760 |1328 | 6.529480e+04 | 6.522599e+04 |   0.11%|  29.61%
 50.0s|  9300 |  7199 | 78006 |   8.3 |   141M |  44 |3000 |2019 | 275 |2396 |  2 |3809 |1345 | 6.529459e+04 | 6.522599e+04 |   0.11%|  29.66%
 time | node  | left  |LP iter|LP it/n|mem/heur|mdpt |vars |cons |rows |cuts |sepa|confs|strbr|  dualbound   | primalbound  |  gap   | compl. 
 50.0s|  9400 |  7285 | 78586 |   8.3 |   141M |  44 |3000 |2046 | 274 |2397 |  1 |3897 |1345 | 6.529435e+04 | 6.522599e+04 |   0.10%|  29.67%
 50.0s|  9500 |  7365 | 79008 |   8.3 |   142M |  44 |3000 |2079 | 273 |2401 |  3 |3934 |1346 | 6.529435e+04 | 6.522599e+04 |   0.10%|  29.68%
 51.0s|  9600 |  7424 | 79383 |   8.2 |   142M |  44 |3000 |2069 | 275 |2404 | 10 |3967 |1357 | 6.529432e+04 | 6.522599e+04 |   0.10%|  29.71%
 51.0s|  9700 |  7514 | 79822 |   8.2 |   143M |  44 |3000 |2100 | 270 |2404 |  1 |4013 |1357 | 6.529432e+04 | 6.522599e+04 |   0.10%|  29.71%
 51.0s|  9800 |  7594 | 80250 |   8.1 |   143M |  44 |3000 |2168 | 270 |2404 |  1 |4088 |1359 | 6.529432e+04 | 6.522599e+04 |   0.10%|  29.71%
 51.0s|  9900 |  7676 | 80683 |   8.1 |   144M |  44 |3000 |2190 | 271 |2404 |  1 |4160 |1360 | 6.529430e+04 | 6.522599e+04 |   0.10%|  29.72%
 52.0s| 10000 |  7744 | 81151 |   8.1 |   144M |  44 |3000 |2209 | 271 |2419 |  1 |4196 |1360 | 6.529425e+04 | 6.522599e+04 |   0.10%|  29.72%
 52.0s| 10100 |  7822 | 81748 |   8.0 |   144M |  44 |3000 |2156 | 270 |2445 |  1 |4248 |1362 | 6.529417e+04 | 6.522599e+04 |   0.10%|  29.73%
 52.0s| 10200 |  7896 | 82331 |   8.0 |   144M |  44 |3000 |2183 | 270 |2464 |  1 |4311 |1364 | 6.529409e+04 | 6.522599e+04 |   0.10%|  29.73%
 53.0s| 10300 |  7986 | 82817 |   8.0 |   144M |  44 |3000 |2233 | 274 |2493 |  2 |4373 |1366 | 6.529409e+04 | 6.522599e+04 |   0.10%|  29.73%
 53.0s| 10400 |  8071 | 83344 |   8.0 |   144M |  44 |3000 |2259 | 273 |2499 |  2 |4419 |1366 | 6.529409e+04 | 6.522599e+04 |   0.10%|  29.73%
 53.0s| 10500 |  8143 | 83875 |   7.9 |   145M |  44 |3000 |2257 | 273 |2511 |  1 |4452 |1383 | 6.529405e+04 | 6.522599e+04 |   0.10%|  29.74%
 54.0s| 10600 |  8211 | 84400 |   7.9 |   145M |  44 |3000 |2246 | 272 |2512 |  1 |4497 |1392 | 6.529396e+04 | 6.522599e+04 |   0.10%|  29.75%
 54.0s| 10700 |  8293 | 84862 |   7.9 |   145M |  44 |3000 |2269 | 271 |2513 |  2 |4570 |1392 | 6.529396e+04 | 6.522599e+04 |   0.10%|  29.76%
 54.0s| 10800 |  8361 | 85387 |   7.9 |   146M |  44 |3000 |2283 | 272 |2515 |  0 |4627 |1394 | 6.529385e+04 | 6.522599e+04 |   0.10%|  29.77%
 time | node  | left  |LP iter|LP it/n|mem/heur|mdpt |vars |cons |rows |cuts |sepa|confs|strbr|  dualbound   | primalbound  |  gap   | compl. 
 55.0s| 10900 |  8413 | 86064 |   7.8 |   154M |  44 |3000 |2242 | 280 |2612 |  1 |4674 |1423 | 6.529378e+04 | 6.522599e+04 |   0.10%|  29.78%
 55.0s| 11000 |  8479 | 86531 |   7.8 |   156M |  44 |3000 |2134 | 274 |2631 |  2 |4712 |1449 | 6.529378e+04 | 6.522599e+04 |   0.10%|  29.82%
 56.0s| 11100 |  8559 | 87072 |   7.8 |   156M |  44 |3000 |2135 | 273 |2636 |  1 |4774 |1458 | 6.529367e+04 | 6.522599e+04 |   0.10%|  29.82%
 56.0s| 11200 |  8631 | 87573 |   7.8 |   157M |  44 |3000 |2130 | 273 |2642 |  1 |4853 |1458 | 6.529359e+04 | 6.522599e+04 |   0.10%|  29.83%
 56.0s| 11300 |  8707 | 88047 |   7.7 |   157M |  44 |3000 |2158 |   0 |2652 |  0 |4916 |1459 | 6.529355e+04 | 6.522599e+04 |   0.10%|  29.83%
 57.0s| 11400 |  8781 | 88646 |   7.7 |   157M |  44 |3000 |2174 | 272 |2676 |  1 |4974 |1467 | 6.529354e+04 | 6.522599e+04 |   0.10%|  29.84%
 57.0s| 11500 |  8857 | 89552 |   7.7 |   158M |  44 |3000 |2192 | 279 |2725 |  2 |5016 |1473 | 6.529350e+04 | 6.522599e+04 |   0.10%|  29.84%
 57.0s| 11600 |  8935 | 90393 |   7.7 |   158M |  44 |3000 |2140 | 273 |2754 |  1 |5072 |1476 | 6.529350e+04 | 6.522599e+04 |   0.10%|  29.85%
 58.0s| 11700 |  8993 | 90857 |   7.7 |   159M |  44 |3000 |2191 | 278 |2766 |  1 |5138 |1481 | 6.529350e+04 | 6.522599e+04 |   0.10%|  29.85%
 58.0s| 11800 |  9071 | 91403 |   7.7 |   159M |  44 |3000 |2209 | 273 |2766 |  0 |5191 |1502 | 6.529345e+04 | 6.522599e+04 |   0.10%|  29.85%
 59.0s| 11900 |  9139 | 92076 |   7.7 |   162M |  44 |3000 |2098 | 272 |2838 |  1 |5260 |1540 | 6.529329e+04 | 6.522599e+04 |   0.10%|  29.89%
 59.0s| 12000 |  9205 | 92429 |   7.7 |   162M |  44 |3000 |2104 | 275 |2839 |  1 |5289 |1545 | 6.529328e+04 | 6.522599e+04 |   0.10%|  29.89%
 59.0s| 12100 |  9286 | 92870 |   7.6 |   162M |  44 |3000 |2077 | 272 |2842 |  2 |5340 |1547 | 6.529322e+04 | 6.522599e+04 |   0.10%|  29.90%

SCIP Status        : solving was interrupted [time limit reached]
Solving Time (sec) : 60.00
Solving Nodes      : 12123
Primal Bound       : +6.52259929046651e+04 (404 solutions)
Dual Bound         : +6.52932125472886e+04
Gap                : 0.10 %
[SCIP] Solver status: timelimit
[SCIP] Best objective (bestSol): 65225.99290466505
[SCIP] Final relative gap: 0.0010305652643994006
[SEQ] 第 3 车完成：已分配 SKU 数=27，装载湿重=32.497000，本车目标值=65225.992905，剩余 SKU 数=122

================ 当前求解车辆 4/5 ================
[SEQ-TIME] 全局总预算=300.000s，已用=180.145s，剩余=119.855s，剩余车辆数=2，本车 SCIP time limit=59.927s
配置 SCIP 求解参数 ...
[SEQ-TIME] 已禁用单车 run_epgap / run_epagap 提前停机；本车仅受 time limit 或最优性证明等 SCIP 自然终止条件影响。
presolving:
   (0.0s) symmetry computation started: requiring (bin +, int +, cont +), (fixed: bin -, int -, cont -)
   (0.0s) no symmetry present (symcode time: 0.00)
presolving (0 rounds: 0 fast, 0 medium, 0 exhaustive):
 0 deleted vars, 0 deleted constraints, 0 added constraints, 0 tightened bounds, 0 added holes, 0 changed sides, 0 changed coefficients
 0 implications, 0 cliques
presolved problem has 2460 variables (2460 bin, 0 int, 0 impl, 0 cont) and 226 constraints
    226 constraints of type <linear>
Presolving Time: 0.00

 time | node  | left  |LP iter|LP it/n|mem/heur|mdpt |vars |cons |rows |cuts |sepa|confs|strbr|  dualbound   | primalbound  |  gap   | compl. 
  0.0s|     1 |     0 |    71 |     - |    21M |   0 |2460 | 262 | 212 |   0 |  0 |  50 |   0 | 6.366457e+04 |      --      |    Inf | unknown
  0.0s|     1 |     0 |   193 |     - |    24M |   0 |2460 | 262 | 196 |   0 |  1 |  50 |   0 | 6.324669e+04 |      --      |    Inf | unknown
r 0.0s|     1 |     0 |   193 |     - |shifting|   0 |2460 | 262 | 196 |   0 |  1 |  50 |   0 | 6.324669e+04 | 5.575588e+04 |  13.44%| unknown
  0.0s|     1 |     0 |   199 |     - |    24M |   0 |2460 | 262 | 199 |   3 |  2 |  50 |   0 | 6.324637e+04 | 5.575588e+04 |  13.43%| unknown
i 0.0s|     1 |     0 |   199 |     - |  oneopt|   0 |2460 | 262 | 199 |   3 |  2 |  50 |   0 | 6.324637e+04 | 6.238740e+04 |   1.38%| unknown
  0.0s|     1 |     0 |   209 |     - |    24M |   0 |2460 | 262 | 203 |   7 |  3 |  50 |   0 | 6.324631e+04 | 6.238740e+04 |   1.38%| unknown
  0.0s|     1 |     0 |   209 |     - |    24M |   0 |2460 | 262 | 194 |   7 |  3 |  50 |   0 | 6.324631e+04 | 6.238740e+04 |   1.38%| unknown
  0.0s|     1 |     0 |   212 |     - |    25M |   0 |2460 | 262 | 197 |  10 |  4 |  50 |   0 | 6.324629e+04 | 6.238740e+04 |   1.38%| unknown
  0.0s|     1 |     0 |   218 |     - |    26M |   0 |2460 | 262 | 199 |  12 |  5 |  50 |   0 | 6.324624e+04 | 6.238740e+04 |   1.38%| unknown
  0.0s|     1 |     0 |   227 |     - |    26M |   0 |2460 | 262 | 204 |  17 |  6 |  50 |   0 | 6.324622e+04 | 6.238740e+04 |   1.38%| unknown
  0.0s|     1 |     0 |   234 |     - |    28M |   0 |2460 | 262 | 206 |  19 |  7 |  50 |   0 | 6.324619e+04 | 6.238740e+04 |   1.38%| unknown
  0.0s|     1 |     0 |   244 |     - |    29M |   0 |2460 | 262 | 208 |  21 |  8 |  50 |   0 | 6.324617e+04 | 6.238740e+04 |   1.38%| unknown
  0.0s|     1 |     0 |   250 |     - |    31M |   0 |2460 | 262 | 211 |  24 |  9 |  50 |   0 | 6.324616e+04 | 6.238740e+04 |   1.38%| unknown
  0.0s|     1 |     0 |   257 |     - |    31M |   0 |2460 | 262 | 213 |  26 | 10 |  50 |   0 | 6.324616e+04 | 6.238740e+04 |   1.38%| unknown
  0.0s|     1 |     0 |   262 |     - |    35M |   0 |2460 | 262 | 217 |  30 | 11 |  50 |   0 | 6.324615e+04 | 6.238740e+04 |   1.38%| unknown
 time | node  | left  |LP iter|LP it/n|mem/heur|mdpt |vars |cons |rows |cuts |sepa|confs|strbr|  dualbound   | primalbound  |  gap   | compl. 
L 1.0s|     1 |     0 |   692 |     - |    alns|   0 |2460 | 358 | 217 |  30 | 11 | 173 |   0 | 6.324615e+04 | 6.268752e+04 |   0.89%| unknown
L 1.0s|     1 |     0 |   692 |     - |    alns|   0 |2460 | 358 | 217 |  30 | 11 | 173 |   0 | 6.324615e+04 | 6.293566e+04 |   0.49%| unknown
L 1.0s|     1 |     0 |   692 |     - |    alns|   0 |2460 | 358 | 217 |  30 | 11 | 173 |   0 | 6.324615e+04 | 6.311665e+04 |   0.21%| unknown
  1.0s|     1 |     0 |   692 |     - |    35M |   0 |2460 | 358 | 217 |  30 | 11 | 173 |   0 | 6.324615e+04 | 6.311665e+04 |   0.21%| unknown
  1.0s|     1 |     0 |   692 |     - |    35M |   0 |2460 | 358 | 127 |  30 | 11 | 173 |   0 | 6.324615e+04 | 6.311665e+04 |   0.21%| unknown
  1.0s|     1 |     0 |   699 |     - |    35M |   0 |2460 | 357 | 131 |  34 | 12 | 173 |   0 | 6.324615e+04 | 6.311665e+04 |   0.21%| unknown
  1.0s|     1 |     0 |   704 |     - |    35M |   0 |2460 | 357 | 134 |  37 | 13 | 173 |   0 | 6.324614e+04 | 6.311665e+04 |   0.21%| unknown
  1.0s|     1 |     2 |   704 |     - |    36M |   0 |2460 | 267 | 134 |  37 | 13 | 173 |  12 | 6.324610e+04 | 6.311665e+04 |   0.21%| unknown
  2.0s|   100 |    99 |  1460 |  12.0 |    46M |  21 |2460 | 275 | 118 |  72 |  1 | 181 | 233 | 6.324600e+04 | 6.311665e+04 |   0.20%|   4.61%
  3.0s|   200 |   195 |  2934 |  13.4 |    53M |  22 |2460 | 294 | 121 | 124 |  2 | 200 | 590 | 6.324600e+04 | 6.311665e+04 |   0.20%|  18.36%
L 3.0s|   201 |   196 |  2938 |  13.3 |crossove|  22 |2460 | 294 | 120 | 124 |  1 | 200 | 592 | 6.324600e+04 | 6.311769e+04 |   0.20%|  18.36%
  3.0s|   300 |   293 |  3714 |  11.5 |    58M |  22 |2460 | 302 | 117 | 178 |  1 | 211 | 676 | 6.324582e+04 | 6.311769e+04 |   0.20%|  18.37%
  4.0s|   400 |   391 |  4379 |  10.3 |    58M |  25 |2460 | 302 | 114 | 202 |  1 | 213 | 729 | 6.324582e+04 | 6.311769e+04 |   0.20%|  18.38%
  4.0s|   500 |   489 |  5310 |  10.1 |    59M |  25 |2460 | 315 | 115 | 235 |  1 | 226 | 783 | 6.324582e+04 | 6.311769e+04 |   0.20%|  18.45%
  5.0s|   600 |   587 |  6431 |  10.3 |    60M |  32 |2460 | 329 | 119 | 257 |  2 | 240 | 852 | 6.324582e+04 | 6.311769e+04 |   0.20%|  18.46%
 time | node  | left  |LP iter|LP it/n|mem/heur|mdpt |vars |cons |rows |cuts |sepa|confs|strbr|  dualbound   | primalbound  |  gap   | compl. 
  5.0s|   700 |   681 |  7093 |   9.8 |    60M |  32 |2460 | 340 | 118 | 282 |  1 | 251 | 881 | 6.324581e+04 | 6.311769e+04 |   0.20%|  18.46%
  6.0s|   800 |   769 |  7804 |   9.4 |    60M |  32 |2460 | 349 | 116 | 318 |  2 | 260 | 926 | 6.324580e+04 | 6.311769e+04 |   0.20%|  18.55%
  6.0s|   900 |   865 |  8661 |   9.3 |    63M |  32 |2460 | 357 | 119 | 338 |  1 | 268 | 971 | 6.324578e+04 | 6.311769e+04 |   0.20%|  18.56%
  7.0s|  1000 |   963 |  9340 |   9.1 |    63M |  32 |2460 | 373 | 117 | 358 |  1 | 292 |1021 | 6.324577e+04 | 6.311769e+04 |   0.20%|  18.56%
  7.0s|  1100 |  1063 | 10259 |   9.1 |    63M |  32 |2460 | 372 | 116 | 383 |  1 | 292 |1087 | 6.324575e+04 | 6.311769e+04 |   0.20%|  18.56%
  7.0s|  1200 |  1157 | 11142 |   9.1 |    63M |  32 |2460 | 375 | 118 | 402 |  1 | 295 |1164 | 6.324575e+04 | 6.311769e+04 |   0.20%|  18.56%
  8.0s|  1300 |  1257 | 11976 |   9.0 |    64M |  32 |2460 | 388 | 117 | 413 |  1 | 308 |1279 | 6.324575e+04 | 6.311769e+04 |   0.20%|  18.56%
  8.0s|  1400 |  1353 | 12866 |   9.0 |    64M |  33 |2460 | 399 | 117 | 426 |  1 | 322 |1400 | 6.324575e+04 | 6.311769e+04 |   0.20%|  18.58%
  9.0s|  1500 |  1453 | 13588 |   8.9 |    65M |  33 |2460 | 400 | 113 | 458 |  1 | 324 |1444 | 6.324575e+04 | 6.311769e+04 |   0.20%|  18.58%
  9.0s|  1600 |  1549 | 14164 |   8.7 |    65M |  33 |2460 | 403 | 117 | 487 |  1 | 329 |1456 | 6.324575e+04 | 6.311769e+04 |   0.20%|  18.58%
 10.0s|  1700 |  1645 | 14954 |   8.6 |    65M |  33 |2460 | 407 | 113 | 502 |  1 | 335 |1517 | 6.324575e+04 | 6.311769e+04 |   0.20%|  18.59%
 10.0s|  1800 |  1743 | 16176 |   8.8 |    65M |  33 |2460 | 411 | 118 | 537 |  1 | 345 |1637 | 6.324575e+04 | 6.311769e+04 |   0.20%|  18.59%
 11.0s|  1900 |  1839 | 17165 |   8.9 |    65M |  33 |2460 | 439 | 117 | 562 |  1 | 374 |1732 | 6.324575e+04 | 6.311769e+04 |   0.20%|  18.60%
 11.0s|  2000 |  1939 | 17825 |   8.8 |    67M |  33 |2460 | 441 | 117 | 588 |  1 | 378 |1753 | 6.324572e+04 | 6.311769e+04 |   0.20%|  18.60%
 12.0s|  2100 |  2033 | 19027 |   8.9 |    67M |  33 |2460 | 494 | 118 | 598 |  1 | 432 |1914 | 6.324572e+04 | 6.311769e+04 |   0.20%|  18.60%
 time | node  | left  |LP iter|LP it/n|mem/heur|mdpt |vars |cons |rows |cuts |sepa|confs|strbr|  dualbound   | primalbound  |  gap   | compl. 
 13.0s|  2200 |  2127 | 19820 |   8.9 |    68M |  33 |2460 | 506 | 115 | 629 |  0 | 445 |1973 | 6.324570e+04 | 6.311769e+04 |   0.20%|  18.61%
 13.0s|  2300 |  2225 | 20841 |   8.9 |    68M |  33 |2460 | 524 | 117 | 652 |  2 | 464 |2072 | 6.324570e+04 | 6.311769e+04 |   0.20%|  18.63%
 14.0s|  2400 |  2325 | 21351 |   8.8 |    68M |  33 |2460 | 545 | 117 | 668 |  2 | 485 |2094 | 6.324568e+04 | 6.311769e+04 |   0.20%|  18.63%
 14.0s|  2500 |  2421 | 22092 |   8.7 |    69M |  33 |2460 | 549 | 117 | 693 |  2 | 491 |2137 | 6.324567e+04 | 6.311769e+04 |   0.20%|  18.71%
 14.0s|  2600 |  2521 | 23112 |   8.8 |    70M |  33 |2460 | 567 | 118 | 713 | 13 | 512 |2273 | 6.324567e+04 | 6.311769e+04 |   0.20%|  18.71%
 15.0s|  2700 |  2619 | 23701 |   8.7 |    71M |  33 |2460 | 570 | 116 | 724 |  1 | 516 |2297 | 6.324567e+04 | 6.311769e+04 |   0.20%|  18.73%
 15.0s|  2800 |  2719 | 24726 |   8.7 |    71M |  33 |2460 | 622 | 116 | 737 |  1 | 573 |2439 | 6.324567e+04 | 6.311769e+04 |   0.20%|  18.73%
 16.0s|  2900 |  2813 | 25601 |   8.7 |    71M |  33 |2460 | 625 | 116 | 766 |  2 | 580 |2511 | 6.324567e+04 | 6.311769e+04 |   0.20%|  18.76%
 16.0s|  3000 |  2913 | 26279 |   8.7 |    72M |  33 |2460 | 625 | 117 | 773 |  1 | 587 |2560 | 6.324567e+04 | 6.311769e+04 |   0.20%|  18.76%
 17.0s|  3100 |  3009 | 27313 |   8.7 |    72M |  33 |2460 | 650 | 117 | 784 |  1 | 614 |2649 | 6.324567e+04 | 6.311769e+04 |   0.20%|  18.77%
 17.0s|  3200 |  3109 | 28405 |   8.8 |    72M |  33 |2460 | 647 | 115 | 813 |  1 | 620 |2699 | 6.324565e+04 | 6.311769e+04 |   0.20%|  18.83%
 18.0s|  3300 |  3209 | 29297 |   8.8 |    72M |  33 |2460 | 655 | 119 | 830 |  1 | 629 |2766 | 6.324565e+04 | 6.311769e+04 |   0.20%|  18.84%
 18.0s|  3400 |  3301 | 29938 |   8.7 |    72M |  33 |2460 | 654 | 117 | 833 |  1 | 631 |2820 | 6.324565e+04 | 6.311769e+04 |   0.20%|  18.85%
 19.0s|  3500 |  3401 | 30684 |   8.7 |    72M |  33 |2460 | 655 | 118 | 844 |  1 | 635 |2856 | 6.324565e+04 | 6.311769e+04 |   0.20%|  18.85%
 19.0s|  3600 |  3497 | 31248 |   8.6 |    72M |  33 |2460 | 659 | 117 | 873 |  2 | 644 |2880 | 6.324565e+04 | 6.311769e+04 |   0.20%|  18.86%
 time | node  | left  |LP iter|LP it/n|mem/heur|mdpt |vars |cons |rows |cuts |sepa|confs|strbr|  dualbound   | primalbound  |  gap   | compl. 
 19.0s|  3700 |  3595 | 31960 |   8.6 |    72M |  33 |2460 | 666 | 117 | 878 |  1 | 654 |2937 | 6.324565e+04 | 6.311769e+04 |   0.20%|  18.87%
 20.0s|  3800 |  3695 | 32852 |   8.6 |    75M |  33 |2460 | 678 | 117 | 896 |  1 | 672 |2994 | 6.324565e+04 | 6.311769e+04 |   0.20%|  18.91%
 20.0s|  3900 |  3793 | 33673 |   8.6 |    77M |  33 |2460 | 684 | 118 | 926 |  2 | 683 |3026 | 6.324562e+04 | 6.311769e+04 |   0.20%|  18.91%
 21.0s|  4000 |  3893 | 34386 |   8.5 |    77M |  33 |2460 | 695 | 115 | 950 |  1 | 696 |3060 | 6.324560e+04 | 6.311769e+04 |   0.20%|  18.92%
 21.0s|  4100 |  3993 | 35163 |   8.5 |    78M |  33 |2460 | 711 | 117 | 956 |  1 | 720 |3124 | 6.324559e+04 | 6.311769e+04 |   0.20%|  18.92%
 22.0s|  4200 |  4089 | 35933 |   8.5 |    78M |  34 |2460 | 718 | 118 | 963 |  2 | 731 |3192 | 6.324559e+04 | 6.311769e+04 |   0.20%|  18.92%
 22.0s|  4300 |  4185 | 36905 |   8.5 |    78M |  34 |2460 | 729 | 118 | 994 |  1 | 758 |3289 | 6.324559e+04 | 6.311769e+04 |   0.20%|  18.97%
 23.0s|  4400 |  4285 | 37604 |   8.5 |    78M |  34 |2460 | 724 | 117 |1004 |  3 | 775 |3340 | 6.324558e+04 | 6.311769e+04 |   0.20%|  18.97%
 23.0s|  4500 |  4381 | 38222 |   8.4 |    79M |  34 |2460 | 740 | 116 |1007 |  1 | 806 |3375 | 6.324558e+04 | 6.311769e+04 |   0.20%|  18.97%
 23.0s|  4600 |  4479 | 38834 |   8.4 |    79M |  34 |2460 | 727 | 118 |1025 |  1 | 806 |3408 | 6.324558e+04 | 6.311769e+04 |   0.20%|  18.97%
 24.0s|  4700 |  4577 | 39425 |   8.3 |    81M |  34 |2460 | 735 | 120 |1038 |  1 | 820 |3432 | 6.324557e+04 | 6.311769e+04 |   0.20%|  18.97%
 24.0s|  4800 |  4677 | 40289 |   8.3 |    81M |  34 |2460 | 727 | 117 |1058 |  2 | 830 |3483 | 6.324557e+04 | 6.311769e+04 |   0.20%|  18.98%
 25.0s|  4900 |  4775 | 41118 |   8.3 |    81M |  34 |2460 | 717 | 117 |1070 |  1 | 842 |3547 | 6.324556e+04 | 6.311769e+04 |   0.20%|  18.98%
 25.0s|  5000 |  4873 | 41954 |   8.3 |    81M |  35 |2460 | 720 | 118 |1077 |  1 | 857 |3576 | 6.324556e+04 | 6.311769e+04 |   0.20%|  18.98%
 25.0s|  5100 |  4971 | 42780 |   8.3 |    81M |  35 |2460 | 740 | 118 |1082 |  1 | 885 |3596 | 6.324556e+04 | 6.311769e+04 |   0.20%|  18.99%
 time | node  | left  |LP iter|LP it/n|mem/heur|mdpt |vars |cons |rows |cuts |sepa|confs|strbr|  dualbound   | primalbound  |  gap   | compl. 
 26.0s|  5200 |  5071 | 43541 |   8.3 |    82M |  35 |2460 | 735 | 117 |1101 |  1 | 888 |3648 | 6.324556e+04 | 6.311769e+04 |   0.20%|  18.99%
 26.0s|  5300 |  5165 | 44371 |   8.3 |    82M |  35 |2460 | 719 | 117 |1105 |  1 | 889 |3764 | 6.324556e+04 | 6.311769e+04 |   0.20%|  18.99%
 27.0s|  5400 |  5265 | 45245 |   8.3 |    83M |  35 |2460 | 745 | 115 |1121 |  1 | 932 |3841 | 6.324556e+04 | 6.311769e+04 |   0.20%|  19.00%
 27.0s|  5500 |  5363 | 45983 |   8.3 |    83M |  36 |2460 | 739 | 114 |1122 |  2 | 938 |3908 | 6.324555e+04 | 6.311769e+04 |   0.20%|  19.01%
 27.0s|  5600 |  5461 | 46887 |   8.3 |    83M |  36 |2460 | 757 | 117 |1128 |  2 | 968 |3971 | 6.324555e+04 | 6.311769e+04 |   0.20%|  19.01%
 28.0s|  5700 |  5559 | 47829 |   8.3 |    83M |  36 |2460 | 774 | 116 |1131 |  1 | 998 |4039 | 6.324555e+04 | 6.311769e+04 |   0.20%|  19.01%
 28.0s|  5800 |  5659 | 48656 |   8.3 |    84M |  37 |2460 | 780 | 116 |1133 |  8 |1013 |4120 | 6.324555e+04 | 6.311769e+04 |   0.20%|  19.01%
 29.0s|  5900 |  5759 | 49282 |   8.3 |    84M |  37 |2460 | 802 | 116 |1139 |  1 |1041 |4176 | 6.324555e+04 | 6.311769e+04 |   0.20%|  19.01%
 29.0s|  6000 |  5857 | 50255 |   8.3 |    84M |  37 |2460 | 801 | 117 |1140 |  1 |1059 |4270 | 6.324555e+04 | 6.311769e+04 |   0.20%|  19.01%
 29.0s|  6100 |  5957 | 50829 |   8.3 |    84M |  37 |2460 | 790 | 116 |1140 |  1 |1067 |4321 | 6.324555e+04 | 6.311769e+04 |   0.20%|  19.01%
 30.0s|  6200 |  6049 | 51615 |   8.3 |    84M |  40 |2460 | 786 | 118 |1154 |  2 |1070 |4403 | 6.324555e+04 | 6.311769e+04 |   0.20%|  19.01%
 30.0s|  6300 |  6145 | 52489 |   8.3 |    84M |  40 |2460 | 796 | 116 |1156 |  1 |1088 |4451 | 6.324555e+04 | 6.311769e+04 |   0.20%|  19.01%
 31.0s|  6400 |  6243 | 53194 |   8.3 |    84M |  40 |2460 | 821 | 117 |1160 |  1 |1119 |4476 | 6.324554e+04 | 6.311769e+04 |   0.20%|  19.01%
 31.0s|  6500 |  6341 | 53899 |   8.3 |    84M |  40 |2460 | 835 | 117 |1168 |  1 |1140 |4547 | 6.324554e+04 | 6.311769e+04 |   0.20%|  19.01%
 31.0s|  6600 |  6439 | 54545 |   8.2 |    84M |  40 |2460 | 831 | 117 |1172 |  1 |1144 |4602 | 6.324554e+04 | 6.311769e+04 |   0.20%|  19.01%
 time | node  | left  |LP iter|LP it/n|mem/heur|mdpt |vars |cons |rows |cuts |sepa|confs|strbr|  dualbound   | primalbound  |  gap   | compl. 
 32.0s|  6700 |  6539 | 55451 |   8.2 |    85M |  40 |2460 | 846 | 117 |1175 |  1 |1186 |4647 | 6.324554e+04 | 6.311769e+04 |   0.20%|  19.01%
 32.0s|  6800 |  6631 | 56211 |   8.2 |    86M |  40 |2460 | 857 | 116 |1175 |  1 |1208 |4715 | 6.324553e+04 | 6.311769e+04 |   0.20%|  19.01%
 33.0s|  6900 |  6725 | 56864 |   8.2 |    86M |  40 |2460 | 863 | 115 |1191 |  4 |1232 |4762 | 6.324553e+04 | 6.311769e+04 |   0.20%|  19.01%
 33.0s|  7000 |  6825 | 57821 |   8.2 |    86M |  40 |2460 | 849 | 116 |1192 |  4 |1239 |4857 | 6.324553e+04 | 6.311769e+04 |   0.20%|  19.01%
 34.0s|  7100 |  6921 | 58642 |   8.2 |    87M |  40 |2460 | 861 | 117 |1233 |  2 |1302 |4976 | 6.324552e+04 | 6.311769e+04 |   0.20%|  19.01%
 34.0s|  7200 |  7011 | 59244 |   8.2 |    87M |  40 |2460 | 861 | 117 |1233 |  1 |1336 |5030 | 6.324552e+04 | 6.311769e+04 |   0.20%|  19.01%
 35.0s|  7300 |  7107 | 59805 |   8.2 |    87M |  40 |2460 | 895 | 117 |1254 |  1 |1385 |5066 | 6.324552e+04 | 6.311769e+04 |   0.20%|  19.01%
 35.0s|  7400 |  7191 | 60534 |   8.1 |    87M |  40 |2460 | 912 | 116 |1276 |  2 |1423 |5130 | 6.324552e+04 | 6.311769e+04 |   0.20%|  19.01%
 36.0s|  7500 |  7289 | 61465 |   8.2 |    91M |  40 |2460 | 909 | 117 |1295 |  2 |1452 |5176 | 6.324551e+04 | 6.311769e+04 |   0.20%|  19.01%
 36.0s|  7600 |  7385 | 62294 |   8.2 |    91M |  40 |2460 | 920 | 116 |1303 | 42 |1494 |5275 | 6.324551e+04 | 6.311769e+04 |   0.20%|  19.01%
 36.0s|  7700 |  7479 | 63057 |   8.2 |    91M |  40 |2460 | 920 | 116 |1313 |  1 |1507 |5343 | 6.324551e+04 | 6.311769e+04 |   0.20%|  19.01%
 37.0s|  7800 |  7579 | 63676 |   8.1 |    92M |  40 |2460 | 916 | 116 |1317 |  2 |1529 |5395 | 6.324551e+04 | 6.311769e+04 |   0.20%|  19.01%
 37.0s|  7900 |  7679 | 64409 |   8.1 |    92M |  40 |2460 | 915 | 116 |1317 |  1 |1550 |5461 | 6.324551e+04 | 6.311769e+04 |   0.20%|  19.01%
 38.0s|  8000 |  7777 | 65480 |   8.2 |    92M |  40 |2460 | 919 | 117 |1327 |  1 |1569 |5522 | 6.324551e+04 | 6.311769e+04 |   0.20%|  19.02%
 38.0s|  8100 |  7869 | 66310 |   8.2 |    92M |  40 |2460 | 930 | 118 |1328 |  3 |1614 |5563 | 6.324551e+04 | 6.311769e+04 |   0.20%|  19.03%
 time | node  | left  |LP iter|LP it/n|mem/heur|mdpt |vars |cons |rows |cuts |sepa|confs|strbr|  dualbound   | primalbound  |  gap   | compl. 
 39.0s|  8200 |  7963 | 67066 |   8.1 |    92M |  40 |2460 | 937 | 116 |1331 |  0 |1638 |5642 | 6.324551e+04 | 6.311769e+04 |   0.20%|  19.03%
 39.0s|  8300 |  8061 | 67779 |   8.1 |    92M |  40 |2460 | 931 | 117 |1331 |  2 |1658 |5694 | 6.324551e+04 | 6.311769e+04 |   0.20%|  19.03%
 39.0s|  8400 |  8157 | 68492 |   8.1 |    93M |  40 |2460 | 924 | 118 |1331 |  2 |1663 |5741 | 6.324551e+04 | 6.311769e+04 |   0.20%|  19.03%
 40.0s|  8500 |  8257 | 69163 |   8.1 |    93M |  40 |2460 | 907 | 117 |1336 |  1 |1667 |5808 | 6.324550e+04 | 6.311769e+04 |   0.20%|  19.04%
 40.0s|  8600 |  8353 | 69912 |   8.1 |    93M |  40 |2460 | 926 | 117 |1336 |  1 |1718 |5902 | 6.324550e+04 | 6.311769e+04 |   0.20%|  19.04%
 41.0s|  8700 |  8441 | 70571 |   8.1 |    93M |  40 |2460 | 919 | 117 |1336 |  1 |1725 |5946 | 6.324550e+04 | 6.311769e+04 |   0.20%|  19.04%
 41.0s|  8800 |  8531 | 71263 |   8.1 |    93M |  40 |2460 | 909 | 118 |1342 |  1 |1741 |6025 | 6.324550e+04 | 6.311769e+04 |   0.20%|  19.04%
 41.0s|  8900 |  8629 | 71879 |   8.0 |    93M |  40 |2460 | 899 | 116 |1342 |  1 |1748 |6042 | 6.324550e+04 | 6.311769e+04 |   0.20%|  19.04%
 42.0s|  9000 |  8725 | 72518 |   8.0 |    95M |  40 |2460 | 923 | 117 |1347 |  1 |1782 |6060 | 6.324550e+04 | 6.311769e+04 |   0.20%|  19.07%
 42.0s|  9100 |  8821 | 73413 |   8.0 |    95M |  40 |2460 |1000 | 117 |1347 |  1 |1902 |6270 | 6.324549e+04 | 6.311769e+04 |   0.20%|  19.07%
 43.0s|  9200 |  8917 | 74208 |   8.0 |    96M |  40 |2460 |1000 | 118 |1353 |  1 |1960 |6432 | 6.324548e+04 | 6.311769e+04 |   0.20%|  19.07%
 43.0s|  9300 |  9011 | 75005 |   8.0 |    96M |  40 |2460 | 993 | 118 |1363 |  2 |1987 |6503 | 6.324547e+04 | 6.311769e+04 |   0.20%|  19.07%
 44.0s|  9400 |  9093 | 75794 |   8.0 |    96M |  40 |2460 |1015 | 116 |1366 |  1 |2058 |6570 | 6.324547e+04 | 6.311769e+04 |   0.20%|  19.07%
 44.0s|  9500 |  9189 | 76608 |   8.0 |    96M |  40 |2460 |1038 | 116 |1375 |  1 |2111 |6666 | 6.324546e+04 | 6.311769e+04 |   0.20%|  19.07%
 45.0s|  9600 |  9287 | 77221 |   8.0 |    97M |  40 |2460 |1062 | 116 |1377 |  1 |2161 |6694 | 6.324546e+04 | 6.311769e+04 |   0.20%|  19.07%
 time | node  | left  |LP iter|LP it/n|mem/heur|mdpt |vars |cons |rows |cuts |sepa|confs|strbr|  dualbound   | primalbound  |  gap   | compl. 
 45.0s|  9700 |  9381 | 77939 |   8.0 |    97M |  40 |2460 |1040 | 115 |1378 | 12 |2193 |6773 | 6.324546e+04 | 6.311769e+04 |   0.20%|  19.07%
 45.0s|  9800 |  9477 | 78731 |   8.0 |    97M |  40 |2460 | 987 | 117 |1384 |  2 |2202 |6839 | 6.324546e+04 | 6.311769e+04 |   0.20%|  19.08%
 46.0s|  9900 |  9573 | 79444 |   8.0 |    97M |  40 |2460 | 980 | 116 |1397 |  2 |2221 |6869 | 6.324546e+04 | 6.311769e+04 |   0.20%|  19.08%
 46.0s| 10000 |  9665 | 80229 |   8.0 |    97M |  40 |2460 | 984 | 117 |1402 |  2 |2254 |6907 | 6.324546e+04 | 6.311769e+04 |   0.20%|  19.08%
 47.0s| 10100 |  9757 | 81075 |   8.0 |    97M |  40 |2460 |1019 | 117 |1417 |  1 |2320 |7015 | 6.324545e+04 | 6.311769e+04 |   0.20%|  19.08%
 47.0s| 10200 |  9851 | 81709 |   8.0 |    98M |  40 |2460 |1030 | 117 |1421 |  1 |2362 |7081 | 6.324545e+04 | 6.311769e+04 |   0.20%|  19.08%
 47.0s| 10300 |  9947 | 82335 |   8.0 |    98M |  40 |2460 |1016 | 115 |1422 |  4 |2390 |7161 | 6.324545e+04 | 6.311769e+04 |   0.20%|  19.08%
 48.0s| 10400 | 10033 | 83196 |   8.0 |    98M |  40 |2460 |1043 | 117 |1476 |  2 |2486 |7326 | 6.324545e+04 | 6.311769e+04 |   0.20%|  19.08%
 48.0s| 10500 | 10123 | 83934 |   8.0 |    98M |  40 |2460 |1048 | 117 |1477 |  1 |2551 |7410 | 6.324545e+04 | 6.311769e+04 |   0.20%|  19.08%
 49.0s| 10600 | 10215 | 84662 |   8.0 |    98M |  40 |2460 |1013 | 116 |1478 |  1 |2576 |7470 | 6.324544e+04 | 6.311769e+04 |   0.20%|  19.08%
 49.0s| 10700 | 10313 | 85368 |   8.0 |    98M |  40 |2460 | 979 | 119 |1479 |  1 |2616 |7557 | 6.324544e+04 | 6.311769e+04 |   0.20%|  19.09%
 50.0s| 10800 | 10407 | 86078 |   7.9 |    98M |  40 |2460 | 940 | 116 |1481 |  1 |2646 |7657 | 6.324544e+04 | 6.311769e+04 |   0.20%|  19.09%
 50.0s| 10900 | 10503 | 86791 |   7.9 |    98M |  40 |2460 | 918 | 117 |1490 |  1 |2658 |7712 | 6.324544e+04 | 6.311769e+04 |   0.20%|  19.09%
 50.0s| 11000 | 10593 | 87564 |   7.9 |    98M |  40 |2460 | 887 | 118 |1491 |  1 |2706 |7800 | 6.324544e+04 | 6.311769e+04 |   0.20%|  19.09%
 51.0s| 11100 | 10689 | 88196 |   7.9 |    99M |  40 |2460 | 887 | 116 |1491 |  1 |2737 |7853 | 6.324544e+04 | 6.311769e+04 |   0.20%|  19.09%
 time | node  | left  |LP iter|LP it/n|mem/heur|mdpt |vars |cons |rows |cuts |sepa|confs|strbr|  dualbound   | primalbound  |  gap   | compl. 
 51.0s| 11200 | 10781 | 89001 |   7.9 |    99M |  40 |2460 | 880 | 117 |1491 |  2 |2776 |7960 | 6.324544e+04 | 6.311769e+04 |   0.20%|  19.09%
 52.0s| 11300 | 10873 | 89745 |   7.9 |    99M |  40 |2460 | 852 | 118 |1492 |  1 |2796 |8025 | 6.324544e+04 | 6.311769e+04 |   0.20%|  19.09%
 52.0s| 11400 | 10963 | 90412 |   7.9 |   100M |  40 |2460 | 826 | 118 |1492 |  2 |2820 |8082 | 6.324543e+04 | 6.311769e+04 |   0.20%|  19.09%
 52.0s| 11500 | 11057 | 91053 |   7.9 |   100M |  40 |2460 | 791 | 118 |1492 |  2 |2857 |8130 | 6.324543e+04 | 6.311769e+04 |   0.20%|  19.09%
 53.0s| 11600 | 11147 | 91687 |   7.9 |   100M |  40 |2460 | 781 | 116 |1511 |  1 |2895 |8185 | 6.324543e+04 | 6.311769e+04 |   0.20%|  19.09%
 53.0s| 11700 | 11245 | 92311 |   7.9 |   100M |  40 |2460 | 798 | 118 |1513 |  2 |2944 |8223 | 6.324543e+04 | 6.311769e+04 |   0.20%|  19.09%
 53.0s| 11800 | 11343 | 92956 |   7.9 |   100M |  40 |2460 | 776 | 116 |1518 |  0 |2967 |8281 | 6.324543e+04 | 6.311769e+04 |   0.20%|  19.09%
 54.0s| 11900 | 11439 | 93541 |   7.8 |   100M |  40 |2460 | 784 | 117 |1518 |  1 |2999 |8339 | 6.324543e+04 | 6.311769e+04 |   0.20%|  19.09%
 54.0s| 12000 | 11529 | 94382 |   7.8 |   100M |  40 |2460 | 784 | 116 |1520 |  2 |3047 |8486 | 6.324543e+04 | 6.311769e+04 |   0.20%|  19.09%
 55.0s| 12100 | 11621 | 95160 |   7.8 |   100M |  40 |2460 | 785 | 116 |1532 |  3 |3070 |8593 | 6.324543e+04 | 6.311769e+04 |   0.20%|  19.09%
 55.0s| 12200 | 11721 | 95836 |   7.8 |   100M |  40 |2460 | 766 | 116 |1541 |  1 |3092 |8628 | 6.324543e+04 | 6.311769e+04 |   0.20%|  19.09%
 55.0s| 12300 | 11821 | 96326 |   7.8 |   101M |  40 |2460 | 747 | 116 |1544 |  2 |3103 |8650 | 6.324543e+04 | 6.311769e+04 |   0.20%|  19.09%
 56.0s| 12400 | 11913 | 97045 |   7.8 |   101M |  40 |2460 | 727 | 118 |1566 |  2 |3134 |8698 | 6.324542e+04 | 6.311769e+04 |   0.20%|  19.09%
 56.0s| 12500 | 12013 | 97646 |   7.8 |   101M |  40 |2460 | 729 | 117 |1589 |  1 |3158 |8707 | 6.324542e+04 | 6.311769e+04 |   0.20%|  19.09%
 57.0s| 12600 | 12111 | 98478 |   7.8 |   101M |  40 |2460 | 730 | 116 |1611 |  1 |3187 |8804 | 6.324542e+04 | 6.311769e+04 |   0.20%|  19.09%
 time | node  | left  |LP iter|LP it/n|mem/heur|mdpt |vars |cons |rows |cuts |sepa|confs|strbr|  dualbound   | primalbound  |  gap   | compl. 
 57.0s| 12700 | 12211 | 99161 |   7.8 |   101M |  40 |2460 | 765 | 117 |1615 |  1 |3275 |8887 | 6.324542e+04 | 6.311769e+04 |   0.20%|  19.09%
 57.0s| 12800 | 12303 | 99998 |   7.8 |   102M |  40 |2460 | 766 | 118 |1617 |  4 |3317 |8988 | 6.324542e+04 | 6.311769e+04 |   0.20%|  19.10%
 58.0s| 12900 | 12403 |100704 |   7.8 |   102M |  40 |2460 | 737 | 115 |1642 |  1 |3368 |9048 | 6.324542e+04 | 6.311769e+04 |   0.20%|  19.10%
 58.0s| 13000 | 12499 |101341 |   7.8 |   102M |  40 |2460 | 722 | 117 |1645 |  1 |3386 |9104 | 6.324542e+04 | 6.311769e+04 |   0.20%|  19.12%
 58.0s| 13100 | 12595 |101988 |   7.8 |   102M |  40 |2460 | 709 | 116 |1646 |  6 |3411 |9141 | 6.324542e+04 | 6.311769e+04 |   0.20%|  19.12%
 59.0s| 13200 | 12687 |102840 |   7.8 |   103M |  40 |2460 | 669 | 116 |1648 |  1 |3425 |9251 | 6.324541e+04 | 6.311769e+04 |   0.20%|  19.15%
 59.0s| 13300 | 12783 |103536 |   7.8 |   104M |  40 |2460 | 629 | 117 |1654 |  1 |3432 |9291 | 6.324541e+04 | 6.311769e+04 |   0.20%|  19.15%

SCIP Status        : solving was interrupted [time limit reached]
Solving Time (sec) : 60.00
Solving Nodes      : 13363
Primal Bound       : +6.31176852216743e+04 (549 solutions)
Dual Bound         : +6.32454141072876e+04
Gap                : 0.20 %
[SCIP] Solver status: timelimit
[SCIP] Best objective (bestSol): 63117.68522167433
[SCIP] Final relative gap: 0.0020236623881993627
[SEQ] 第 4 车完成：已分配 SKU 数=26，装载湿重=32.493000，本车目标值=63117.685222，剩余 SKU 数=96

================ 当前求解车辆 5/5 ================
[SEQ-TIME] 全局总预算=300.000s，已用=240.029s，剩余=59.971s，剩余车辆数=1，本车 SCIP time limit=59.971s
配置 SCIP 求解参数 ...
[SEQ-TIME] 已禁用单车 run_epgap / run_epagap 提前停机；本车仅受 time limit 或最优性证明等 SCIP 自然终止条件影响。
presolving:
   (0.0s) symmetry computation started: requiring (bin +, int +, cont +), (fixed: bin -, int -, cont -)
   (0.0s) no symmetry present (symcode time: 0.00)
presolving (0 rounds: 0 fast, 0 medium, 0 exhaustive):
 0 deleted vars, 0 deleted constraints, 0 added constraints, 0 tightened bounds, 0 added holes, 0 changed sides, 0 changed coefficients
 0 implications, 0 cliques
presolved problem has 1940 variables (1940 bin, 0 int, 0 impl, 0 cont) and 200 constraints
    200 constraints of type <linear>
Presolving Time: 0.00

 time | node  | left  |LP iter|LP it/n|mem/heur|mdpt |vars |cons |rows |cuts |sepa|confs|strbr|  dualbound   | primalbound  |  gap   | compl. 
  0.0s|     1 |     0 |    58 |     - |    17M |   0 |1940 | 203 | 186 |   0 |  0 |  17 |   0 | 5.908007e+04 |      --      |    Inf | unknown
  0.0s|     1 |     0 |   189 |     - |    18M |   0 |1940 | 203 | 170 |   0 |  1 |  17 |   0 | 5.869502e+04 |      --      |    Inf | unknown
  0.0s|     1 |     0 |   204 |     - |    18M |   0 |1940 | 203 | 174 |   4 |  2 |  17 |   0 | 5.869357e+04 |      --      |    Inf | unknown
  0.0s|     1 |     0 |   250 |     - |    18M |   0 |1940 | 203 | 178 |   8 |  3 |  17 |   0 | 5.868877e+04 |      --      |    Inf | unknown
  0.0s|     1 |     0 |   286 |     - |    19M |   0 |1940 | 203 | 183 |  13 |  4 |  17 |   0 | 5.868525e+04 |      --      |    Inf | unknown
  0.0s|     1 |     0 |   326 |     - |    21M |   0 |1940 | 203 | 188 |  18 |  5 |  17 |   0 | 5.867824e+04 |      --      |    Inf | unknown
  0.0s|     1 |     0 |   350 |     - |    21M |   0 |1940 | 203 | 192 |  22 |  6 |  17 |   0 | 5.867235e+04 |      --      |    Inf | unknown
  0.0s|     1 |     0 |   364 |     - |    21M |   0 |1940 | 203 | 196 |  26 |  7 |  17 |   0 | 5.867138e+04 |      --      |    Inf | unknown
  0.0s|     1 |     0 |   388 |     - |    21M |   0 |1940 | 203 | 201 |  31 |  8 |  17 |   0 | 5.867039e+04 |      --      |    Inf | unknown
  0.0s|     1 |     0 |   415 |     - |    21M |   0 |1940 | 203 | 205 |  35 |  9 |  17 |   0 | 5.866973e+04 |      --      |    Inf | unknown
  0.0s|     1 |     0 |   436 |     - |    21M |   0 |1940 | 203 | 210 |  40 | 10 |  17 |   0 | 5.866877e+04 |      --      |    Inf | unknown
  0.0s|     1 |     0 |   467 |     - |    21M |   0 |1940 | 203 | 214 |  44 | 11 |  17 |   0 | 5.866774e+04 |      --      |    Inf | unknown
  0.0s|     1 |     0 |   506 |     - |    21M |   0 |1940 | 203 | 218 |  48 | 12 |  17 |   0 | 5.866687e+04 |      --      |    Inf | unknown
  0.0s|     1 |     0 |   545 |     - |    21M |   0 |1940 | 203 | 222 |  52 | 13 |  17 |   0 | 5.866600e+04 |      --      |    Inf | unknown
  0.0s|     1 |     0 |   580 |     - |    21M |   0 |1940 | 203 | 225 |  55 | 14 |  17 |   0 | 5.866514e+04 |      --      |    Inf | unknown
 time | node  | left  |LP iter|LP it/n|mem/heur|mdpt |vars |cons |rows |cuts |sepa|confs|strbr|  dualbound   | primalbound  |  gap   | compl. 
  0.0s|     1 |     0 |   608 |     - |    21M |   0 |1940 | 203 | 228 |  58 | 15 |  17 |   0 | 5.866460e+04 |      --      |    Inf | unknown
  0.0s|     1 |     0 |   644 |     - |    21M |   0 |1940 | 203 | 231 |  61 | 16 |  17 |   0 | 5.866412e+04 |      --      |    Inf | unknown
  0.0s|     1 |     2 |  1219 |     - |    21M |   0 |1940 | 188 | 231 |  61 | 16 |  22 |  14 | 5.865980e+04 |      --      |    Inf | unknown
r 0.0s|    11 |    10 |  1588 |  94.4 |shifting|  10 |1940 | 202 | 211 |  64 |  1 |  36 |  90 | 5.865980e+04 | 5.621811e+04 |   4.34%| unknown
r 0.0s|    11 |    10 |  1593 |  94.9 |shifting|  10 |1940 | 202 | 215 |  68 |  2 |  36 |  90 | 5.865980e+04 | 5.709522e+04 |   2.74%| unknown
r 1.0s|    30 |    23 |  2320 |  57.8 |rounding|  14 |1940 | 217 | 217 |  96 |  0 |  51 | 282 | 5.860241e+04 | 5.795831e+04 |   1.11%| unknown
  2.0s|   100 |    91 |  4187 |  35.8 |    38M |  18 |1940 | 226 | 213 | 228 |  2 |  64 | 674 | 5.860241e+04 | 5.795831e+04 |   1.11%| unknown
o 3.0s|   105 |    96 |  6499 |  56.3 |rootsold|  18 |1940 | 225 | 213 | 228 |  1 |  64 | 685 | 5.860241e+04 | 5.799951e+04 |   1.04%| unknown
  4.0s|   200 |   185 |  8935 |  41.7 |    51M |  19 |1940 | 225 | 223 | 450 |  1 |  68 | 894 | 5.860241e+04 | 5.799951e+04 |   1.04%| unknown
L 4.0s|   201 |   180 |  8940 |  41.5 |    alns|  20 |1940 | 225 | 223 | 450 |  1 |  68 | 894 | 5.860241e+04 | 5.820361e+04 |   0.69%| unknown
L 4.0s|   230 |   201 |  9634 |  39.3 |    alns|  21 |1940 | 212 | 215 | 492 |  2 |  72 | 920 | 5.860241e+04 | 5.821013e+04 |   0.67%| unknown
L 4.0s|   230 |   201 |  9634 |  39.3 |    alns|  21 |1940 | 212 | 215 | 492 |  2 |  72 | 920 | 5.860241e+04 | 5.821259e+04 |   0.67%| unknown
L 4.0s|   230 |   199 |  9634 |  39.3 |    alns|  21 |1940 | 212 | 215 | 492 |  2 |  72 | 920 | 5.860241e+04 | 5.821952e+04 |   0.66%| unknown
  5.0s|   300 |   253 | 12699 |  40.3 |    55M |  21 |1940 | 235 | 223 | 724 |  0 |  96 |1043 | 5.860241e+04 | 5.821952e+04 |   0.66%| unknown
d 5.0s|   323 |   173 | 13952 |  41.3 |pscostdi|  21 |1940 | 240 | 230 |   0 |  1 | 101 |1122 | 5.858631e+04 | 5.830731e+04 |   0.48%|  10.08%
 time | node  | left  |LP iter|LP it/n|mem/heur|mdpt |vars |cons |rows |cuts |sepa|confs|strbr|  dualbound   | primalbound  |  gap   | compl. 
  6.0s|   400 |   238 | 20211 |  49.0 |    60M |  21 |1940 | 246 | 243 |1134 |  5 | 114 |1240 | 5.856351e+04 | 5.830731e+04 |   0.44%|  12.48%
  8.0s|   500 |   324 | 27794 |  54.4 |    62M |  21 |1940 | 260 | 224 |1578 |  2 | 136 |1359 | 5.855119e+04 | 5.830731e+04 |   0.42%|  15.85%
L 8.0s|   523 |   285 | 29405 |  55.1 |    rins|  21 |1940 | 281 | 208 |1669 |  1 | 157 |1371 | 5.854995e+04 | 5.835253e+04 |   0.34%|  17.32%
  9.0s|   600 |   328 | 33846 |  55.4 |    63M |  21 |1940 | 275 | 223 |1999 |  1 | 157 |1436 | 5.853774e+04 | 5.835253e+04 |   0.32%|  22.27%
 10.0s|   700 |   404 | 38165 |  53.7 |    63M |  28 |1940 | 303 | 219 |2208 |  1 | 187 |1477 | 5.853127e+04 | 5.835253e+04 |   0.31%|  23.52%
L10.0s|   723 |   405 | 38435 |  52.3 |crossove|  37 |1940 | 310 | 219 |2210 |  1 | 194 |1479 | 5.853127e+04 | 5.836526e+04 |   0.28%|  25.96%
 10.0s|   800 |   478 | 39148 |  48.2 |    65M |  44 |1940 | 359 | 219 |2264 |  1 | 243 |1484 | 5.852235e+04 | 5.836526e+04 |   0.27%|  26.43%
 11.0s|   900 |   568 | 40680 |  44.5 |    65M |  44 |1940 | 380 | 220 |2361 |  1 | 264 |1485 | 5.852018e+04 | 5.836526e+04 |   0.27%|  26.64%
L11.0s|   923 |   587 | 40899 |  43.7 |    rins|  44 |1940 | 380 | 219 |2378 |  1 | 264 |1487 | 5.852018e+04 | 5.836819e+04 |   0.26%|  26.68%
 11.0s|  1000 |   664 | 41684 |  41.1 |    69M |  44 |1940 | 414 | 223 |2468 |  1 | 298 |1488 | 5.852018e+04 | 5.836819e+04 |   0.26%|  26.73%
 12.0s|  1100 |   750 | 42952 |  38.5 |    69M |  44 |1940 | 444 | 222 |2558 |  1 | 331 |1496 | 5.850322e+04 | 5.836819e+04 |   0.23%|  27.57%
L12.0s|  1123 |   762 | 43299 |  38.0 |    rins|  44 |1940 | 444 | 246 |2604 |  5 | 331 |1503 | 5.850265e+04 | 5.837227e+04 |   0.22%|  27.78%
 12.0s|  1200 |   827 | 43959 |  36.1 |    73M |  44 |1940 | 469 |   0 |2647 |  0 | 357 |1504 | 5.850265e+04 | 5.837227e+04 |   0.22%|  27.90%
 13.0s|  1300 |   909 | 45410 |  34.5 |    75M |  47 |1940 | 484 | 222 |2742 |  1 | 376 |1518 | 5.849535e+04 | 5.837227e+04 |   0.21%|  28.53%
 14.0s|  1400 |   995 | 46799 |  33.0 |    77M |  48 |1940 | 513 | 226 |2846 |  1 | 411 |1544 | 5.849460e+04 | 5.837227e+04 |   0.21%|  28.81%
 time | node  | left  |LP iter|LP it/n|mem/heur|mdpt |vars |cons |rows |cuts |sepa|confs|strbr|  dualbound   | primalbound  |  gap   | compl. 
 14.0s|  1500 |  1081 | 47577 |  31.3 |    79M |  51 |1940 | 534 | 225 |2936 |  2 | 438 |1556 | 5.849408e+04 | 5.837227e+04 |   0.21%|  28.88%
 15.0s|  1600 |  1165 | 49190 |  30.4 |    79M |  51 |1940 | 532 | 221 |3017 |  1 | 439 |1565 | 5.849303e+04 | 5.837227e+04 |   0.21%|  29.14%
 15.0s|  1700 |  1253 | 50447 |  29.3 |    79M |  51 |1940 | 540 | 230 |3115 |  1 | 456 |1576 | 5.848749e+04 | 5.837227e+04 |   0.20%|  29.49%
 16.0s|  1800 |  1335 | 51549 |  28.3 |    79M |  51 |1940 | 548 | 224 |3180 |  1 | 468 |1583 | 5.848707e+04 | 5.837227e+04 |   0.20%|  29.89%
 16.0s|  1900 |  1423 | 52797 |  27.5 |    81M |  51 |1940 | 581 | 217 |3255 |  1 | 509 |1603 | 5.848669e+04 | 5.837227e+04 |   0.20%|  30.07%
 17.0s|  2000 |  1511 | 53905 |  26.6 |    84M |  51 |1940 | 616 | 223 |3360 |  1 | 547 |1603 | 5.848568e+04 | 5.837227e+04 |   0.19%|  30.45%
 17.0s|  2100 |  1597 | 54957 |  25.9 |    85M |  51 |1940 | 633 | 222 |3423 |  1 | 569 |1608 | 5.848550e+04 | 5.837227e+04 |   0.19%|  30.51%
 18.0s|  2200 |  1687 | 56201 |  25.3 |    85M |  51 |1940 | 652 | 226 |3528 |  1 | 605 |1629 | 5.848405e+04 | 5.837227e+04 |   0.19%|  30.74%
 18.0s|  2300 |  1771 | 57375 |  24.7 |    85M |  51 |1940 | 690 | 230 |3633 |  1 | 651 |1635 | 5.848344e+04 | 5.837227e+04 |   0.19%|  30.97%
 19.0s|  2400 |  1860 | 58258 |  24.0 |    85M |  51 |1940 | 714 | 226 |3702 |  2 | 675 |1637 | 5.848344e+04 | 5.837227e+04 |   0.19%|  30.97%
 19.0s|  2500 |  1948 | 59142 |  23.4 |    86M |  51 |1940 | 744 | 224 |3763 |  1 | 715 |1638 | 5.848279e+04 | 5.837227e+04 |   0.19%|  31.12%
 20.0s|  2600 |  2036 | 60515 |  23.0 |    86M |  51 |1940 | 775 | 223 |3850 |  1 | 750 |1644 | 5.848177e+04 | 5.837227e+04 |   0.19%|  31.15%
 20.0s|  2700 |  2128 | 61644 |  22.6 |    87M |  51 |1940 | 795 | 222 |3945 |  1 | 777 |1662 | 5.848018e+04 | 5.837227e+04 |   0.18%|  31.33%
 20.0s|  2800 |  2202 | 62587 |  22.1 |    87M |  51 |1940 | 854 | 220 |3997 |  1 | 839 |1663 | 5.847759e+04 | 5.837227e+04 |   0.18%|  31.57%
 21.0s|  2900 |  2278 | 63313 |  21.6 |    87M |  53 |1940 | 863 | 226 |4022 |  2 | 850 |1664 | 5.847740e+04 | 5.837227e+04 |   0.18%|  31.68%
 time | node  | left  |LP iter|LP it/n|mem/heur|mdpt |vars |cons |rows |cuts |sepa|confs|strbr|  dualbound   | primalbound  |  gap   | compl. 
 21.0s|  3000 |  2352 | 64077 |  21.2 |    88M |  53 |1940 | 912 | 226 |4067 |  1 | 900 |1664 | 5.847740e+04 | 5.837227e+04 |   0.18%|  31.68%
*21.0s|  3095 |  2320 | 64668 |  20.7 |    LP  |  53 |1940 | 921 | 225 |4112 |  1 | 913 |1664 | 5.847740e+04 | 5.838384e+04 |   0.16%|  32.27%
 21.0s|  3100 |  2325 | 64702 |  20.7 |    91M |  53 |1940 | 913 | 220 |4112 |  1 | 913 |1664 | 5.847740e+04 | 5.838384e+04 |   0.16%|  32.27%
 22.0s|  3200 |  2413 | 65296 |  20.2 |    91M |  53 |1940 | 917 | 221 |4168 |  1 | 919 |1669 | 5.847723e+04 | 5.838384e+04 |   0.16%|  32.29%
 22.0s|  3300 |  2481 | 65972 |  19.8 |    97M |  53 |1940 | 902 | 225 |4221 |  2 | 923 |1671 | 5.847723e+04 | 5.838384e+04 |   0.16%|  32.31%
 22.0s|  3400 |  2569 | 66877 |  19.5 |    97M |  53 |1940 | 890 | 223 |4277 |  1 | 947 |1672 | 5.847559e+04 | 5.838384e+04 |   0.16%|  32.39%
 23.0s|  3500 |  2659 | 67579 |  19.1 |    97M |  53 |1940 | 927 | 222 |4337 |  1 | 995 |1672 | 5.847559e+04 | 5.838384e+04 |   0.16%|  32.41%
 23.0s|  3600 |  2745 | 68316 |  18.8 |    97M |  53 |1940 | 942 | 229 |4396 |  3 |1017 |1672 | 5.847559e+04 | 5.838384e+04 |   0.16%|  32.41%
 24.0s|  3700 |  2827 | 69239 |  18.5 |    98M |  53 |1940 | 941 | 222 |4436 |  1 |1041 |1673 | 5.847412e+04 | 5.838384e+04 |   0.15%|  32.55%
 24.0s|  3800 |  2901 | 70191 |  18.3 |    99M |  53 |1940 | 921 | 223 |4514 |  1 |1056 |1676 | 5.847406e+04 | 5.838384e+04 |   0.15%|  32.75%
 24.0s|  3900 |  2986 | 71010 |  18.0 |   100M |  53 |1940 | 932 | 224 |4578 |  1 |1098 |1679 | 5.847406e+04 | 5.838384e+04 |   0.15%|  32.78%
 25.0s|  4000 |  3080 | 71963 |  17.8 |   100M |  53 |1940 | 894 | 230 |4636 |  3 |1122 |1695 | 5.847389e+04 | 5.838384e+04 |   0.15%|  32.81%
 25.0s|  4100 |  3164 | 72621 |  17.6 |   100M |  53 |1940 | 890 | 222 |4664 |  1 |1143 |1697 | 5.847389e+04 | 5.838384e+04 |   0.15%|  32.84%
 26.0s|  4200 |  3258 | 73652 |  17.4 |   102M |  53 |1940 | 903 | 222 |4725 |  1 |1167 |1702 | 5.847344e+04 | 5.838384e+04 |   0.15%|  32.87%
 26.0s|  4300 |  3342 | 75035 |  17.3 |   105M |  53 |1940 | 924 | 220 |4774 |  0 |1208 |1703 | 5.847344e+04 | 5.838384e+04 |   0.15%|  32.89%
 time | node  | left  |LP iter|LP it/n|mem/heur|mdpt |vars |cons |rows |cuts |sepa|confs|strbr|  dualbound   | primalbound  |  gap   | compl. 
 27.0s|  4400 |  3414 | 75842 |  17.1 |   106M |  53 |1940 | 921 | 227 |4810 |  2 |1221 |1704 | 5.847309e+04 | 5.838384e+04 |   0.15%|  33.01%
 27.0s|  4500 |  3510 | 76943 |  17.0 |   110M |  53 |1940 | 946 | 222 |4871 |  1 |1261 |1704 | 5.847309e+04 | 5.838384e+04 |   0.15%|  33.01%
 27.0s|  4600 |  3584 | 77817 |  16.8 |   111M |  53 |1940 | 939 | 225 |4989 |  1 |1290 |1704 | 5.847217e+04 | 5.838384e+04 |   0.15%|  33.15%
 28.0s|  4700 |  3670 | 78619 |  16.6 |   111M |  53 |1940 | 934 | 220 |5067 |  1 |1305 |1709 | 5.847047e+04 | 5.838384e+04 |   0.15%|  33.18%
 28.0s|  4800 |  3748 | 79278 |  16.4 |   112M |  53 |1940 | 937 | 230 |5098 |  2 |1327 |1709 | 5.846901e+04 | 5.838384e+04 |   0.15%|  33.26%
 29.0s|  4900 |  3828 | 80231 |  16.2 |   112M |  53 |1940 | 922 | 220 |5162 |  1 |1350 |1714 | 5.846871e+04 | 5.838384e+04 |   0.15%|  33.33%
 29.0s|  5000 |  3924 | 80961 |  16.1 |   112M |  53 |1940 | 928 | 223 |5187 |  1 |1367 |1714 | 5.846871e+04 | 5.838384e+04 |   0.15%|  33.33%
 29.0s|  5100 |  4012 | 82107 |  16.0 |   113M |  53 |1940 | 944 | 221 |5305 |  1 |1398 |1724 | 5.846856e+04 | 5.838384e+04 |   0.15%|  33.48%
 30.0s|  5200 |  4097 | 83175 |  15.9 |   121M |  53 |1940 | 926 | 225 |5440 |  1 |1410 |1724 | 5.846846e+04 | 5.838384e+04 |   0.14%|  33.48%
 30.0s|  5300 |  4159 | 84028 |  15.7 |   121M |  53 |1940 | 930 | 224 |5491 |  1 |1437 |1724 | 5.846819e+04 | 5.838384e+04 |   0.14%|  33.63%
 31.0s|  5400 |  4247 | 85022 |  15.6 |   122M |  53 |1940 | 981 | 224 |5544 |  1 |1506 |1725 | 5.846816e+04 | 5.838384e+04 |   0.14%|  33.63%
 31.0s|  5500 |  4339 | 86061 |  15.5 |   122M |  53 |1940 | 997 | 221 |5628 |  1 |1534 |1727 | 5.846815e+04 | 5.838384e+04 |   0.14%|  33.63%
 32.0s|  5600 |  4419 | 86927 |  15.4 |   122M |  53 |1940 |1025 | 224 |5677 |  1 |1583 |1730 | 5.846812e+04 | 5.838384e+04 |   0.14%|  33.63%
Restart triggered after 50 consecutive estimations that the remaining tree will be large
 32.0s|  5700 |  4507 | 87888 |  15.3 |   122M |  53 |1940 |1022 | 224 |5752 |  1 |1594 |1730 | 5.846811e+04 | 5.838384e+04 |   0.14%|  33.65%
 32.0s|  5800 |  4590 | 88808 |  15.2 |   123M |  53 |1940 |1017 | 221 |5790 |  1 |1606 |1730 | 5.846809e+04 | 5.838384e+04 |   0.14%|  33.65%
 time | node  | left  |LP iter|LP it/n|mem/heur|mdpt |vars |cons |rows |cuts |sepa|confs|strbr|  dualbound   | primalbound  |  gap   | compl. 
 33.0s|  5900 |  4654 | 89618 |  15.1 |   125M |  53 |1940 |1004 | 225 |5848 |  0 |1612 |1730 | 5.846786e+04 | 5.838384e+04 |   0.14%|  33.65%
 33.0s|  6000 |  4726 | 90323 |  14.9 |   126M |  53 |1940 |1044 | 222 |5897 |  1 |1662 |1730 | 5.846781e+04 | 5.838384e+04 |   0.14%|  33.69%
 34.0s|  6100 |  4794 | 90936 |  14.8 |   128M |  53 |1940 |1095 | 220 |5954 |  1 |1726 |1731 | 5.846781e+04 | 5.838384e+04 |   0.14%|  33.72%
 34.0s|  6200 |  4888 | 91717 |  14.7 |   129M |  53 |1940 |1146 | 220 |5978 |  1 |1792 |1732 | 5.846781e+04 | 5.838384e+04 |   0.14%|  33.73%
 34.0s|  6300 |  4978 | 92517 |  14.6 |   129M |  53 |1940 |1147 | 220 |5986 |  1 |1802 |1733 | 5.846781e+04 | 5.838384e+04 |   0.14%|  33.73%
 34.0s|  6400 |  5062 | 93624 |  14.5 |   129M |  53 |1940 |1151 | 220 |6008 |  1 |1828 |1734 | 5.846779e+04 | 5.838384e+04 |   0.14%|  33.76%
 35.0s|  6500 |  5140 | 94469 |  14.4 |   129M |  53 |1940 |1134 | 223 |6034 |  1 |1837 |1734 | 5.846776e+04 | 5.838384e+04 |   0.14%|  33.94%
 35.0s|  6600 |  5198 | 95102 |  14.3 |   129M |  53 |1940 |1155 | 226 |6072 |  2 |1878 |1735 | 5.846764e+04 | 5.838384e+04 |   0.14%|  33.94%
 35.0s|  6700 |  5270 | 95810 |  14.2 |   129M |  53 |1940 |1149 | 219 |6127 |  2 |1897 |1737 | 5.846764e+04 | 5.838384e+04 |   0.14%|  33.96%
 36.0s|  6800 |  5352 | 96868 |  14.2 |   129M |  53 |1940 |1162 | 224 |6162 |  1 |1930 |1738 | 5.846742e+04 | 5.838384e+04 |   0.14%|  33.96%
 36.0s|  6900 |  5424 | 97674 |  14.1 |   130M |  53 |1940 |1158 | 225 |6206 |  1 |1944 |1741 | 5.846733e+04 | 5.838384e+04 |   0.14%|  33.98%
 36.0s|  7000 |  5494 | 98140 |  13.9 |   131M |  55 |1940 |1168 | 225 |6237 |  1 |1962 |1741 | 5.846733e+04 | 5.838384e+04 |   0.14%|  33.98%
 37.0s|  7100 |  5570 | 99083 |  13.9 |   131M |  55 |1940 |1148 | 227 |6251 |  2 |1968 |1742 | 5.846697e+04 | 5.838384e+04 |   0.14%|  33.98%
 37.0s|  7200 |  5662 |100045 |  13.8 |   132M |  55 |1940 |1134 | 217 |6290 |  1 |1990 |1749 | 5.846697e+04 | 5.838384e+04 |   0.14%|  33.98%
 37.0s|  7300 |  5758 |100942 |  13.7 |   132M |  55 |1940 |1155 | 217 |6301 |  1 |2034 |1749 | 5.846693e+04 | 5.838384e+04 |   0.14%|  33.98%
 time | node  | left  |LP iter|LP it/n|mem/heur|mdpt |vars |cons |rows |cuts |sepa|confs|strbr|  dualbound   | primalbound  |  gap   | compl. 
 37.0s|  7400 |  5834 |101892 |  13.7 |   132M |  55 |1940 |1152 | 219 |6326 |  1 |2058 |1751 | 5.846691e+04 | 5.838384e+04 |   0.14%|  33.98%
 38.0s|  7500 |  5910 |102861 |  13.6 |   132M |  55 |1940 |1165 | 216 |6406 |  1 |2101 |1753 | 5.846688e+04 | 5.838384e+04 |   0.14%|  34.01%
 38.0s|  7600 |  5990 |103450 |  13.5 |   133M |  55 |1940 |1176 | 217 |6417 |  1 |2136 |1753 | 5.846688e+04 | 5.838384e+04 |   0.14%|  34.01%
 38.0s|  7700 |  6057 |103997 |  13.4 |   133M |  55 |1940 |1207 | 217 |6428 |  1 |2182 |1767 | 5.846685e+04 | 5.838384e+04 |   0.14%|  34.01%
 38.0s|  7800 |  6143 |104638 |  13.3 |   133M |  55 |1940 |1243 | 218 |6431 |  1 |2235 |1773 | 5.846685e+04 | 5.838384e+04 |   0.14%|  34.01%
 39.0s|  7900 |  6233 |105503 |  13.3 |   133M |  55 |1940 |1283 | 217 |6438 |  1 |2296 |1773 | 5.846683e+04 | 5.838384e+04 |   0.14%|  34.01%
 39.0s|  8000 |  6294 |106041 |  13.2 |   133M |  55 |1940 |1295 | 218 |6447 |  1 |2321 |1773 | 5.846679e+04 | 5.838384e+04 |   0.14%|  34.01%
 39.0s|  8100 |  6376 |106642 |  13.1 |   133M |  55 |1940 |1349 | 218 |6447 |  1 |2382 |1774 | 5.846678e+04 | 5.838384e+04 |   0.14%|  34.01%
 39.0s|  8200 |  6442 |107586 |  13.0 |   133M |  55 |1940 |1386 | 219 |6458 |  1 |2435 |1777 | 5.846677e+04 | 5.838384e+04 |   0.14%|  34.01%
 39.0s|  8300 |  6494 |108361 |  13.0 |   134M |  55 |1940 |1379 | 217 |6470 |  0 |2451 |1778 | 5.846673e+04 | 5.838384e+04 |   0.14%|  34.01%
 40.0s|  8400 |  6572 |108990 |  12.9 |   134M |  55 |1940 |1384 |   0 |6472 |  0 |2480 |1779 | 5.846673e+04 | 5.838384e+04 |   0.14%|  34.01%
 40.0s|  8500 |  6668 |110024 |  12.9 |   134M |  55 |1940 |1382 | 217 |6492 |  1 |2503 |1779 | 5.846668e+04 | 5.838384e+04 |   0.14%|  34.01%
 40.0s|  8600 |  6754 |110687 |  12.8 |   134M |  55 |1940 |1392 | 217 |6494 |  2 |2530 |1779 | 5.846667e+04 | 5.838384e+04 |   0.14%|  34.01%
 40.0s|  8700 |  6816 |111300 |  12.7 |   134M |  55 |1940 |1388 |   0 |6494 |  0 |2548 |1779 | 5.846667e+04 | 5.838384e+04 |   0.14%|  34.01%
 40.0s|  8800 |  6906 |112079 |  12.7 |   134M |  55 |1940 |1398 | 217 |6509 |  1 |2571 |1781 | 5.846666e+04 | 5.838384e+04 |   0.14%|  34.01%
 time | node  | left  |LP iter|LP it/n|mem/heur|mdpt |vars |cons |rows |cuts |sepa|confs|strbr|  dualbound   | primalbound  |  gap   | compl. 
 41.0s|  8900 |  6978 |112872 |  12.6 |   134M |  55 |1940 |1440 | 217 |6517 |  1 |2618 |1783 | 5.846664e+04 | 5.838384e+04 |   0.14%|  34.01%
 41.0s|  9000 |  7052 |113511 |  12.5 |   134M |  55 |1940 |1472 | 230 |6523 |  1 |2667 |1785 | 5.846664e+04 | 5.838384e+04 |   0.14%|  34.01%
 41.0s|  9100 |  7138 |114136 |  12.5 |   134M |  55 |1940 |1488 | 216 |6529 |  1 |2702 |1785 | 5.846661e+04 | 5.838384e+04 |   0.14%|  34.01%
 41.0s|  9200 |  7236 |114893 |  12.4 |   135M |  55 |1940 |1503 | 217 |6537 |  1 |2732 |1786 | 5.846659e+04 | 5.838384e+04 |   0.14%|  34.01%
 42.0s|  9300 |  7326 |115688 |  12.4 |   135M |  55 |1940 |1506 | 216 |6545 |  1 |2760 |1786 | 5.846657e+04 | 5.838384e+04 |   0.14%|  34.01%
 42.0s|  9400 |  7410 |116189 |  12.3 |   136M |  55 |1940 |1517 | 230 |6549 |  1 |2780 |1786 | 5.846655e+04 | 5.838384e+04 |   0.14%|  34.01%
 42.0s|  9500 |  7500 |116820 |  12.2 |   136M |  55 |1940 |1516 | 230 |6555 |  1 |2789 |1792 | 5.846655e+04 | 5.838384e+04 |   0.14%|  34.01%
 42.0s|  9600 |  7574 |117369 |  12.2 |   136M |  55 |1940 |1558 | 217 |6562 |  1 |2858 |1792 | 5.846655e+04 | 5.838384e+04 |   0.14%|  34.01%
 42.0s|  9700 |  7659 |117990 |  12.1 |   136M |  55 |1940 |1590 |   0 |6567 |  0 |2904 |1793 | 5.846654e+04 | 5.838384e+04 |   0.14%|  34.01%
 43.0s|  9800 |  7737 |118568 |  12.0 |   137M |  55 |1940 |1629 | 216 |6581 |  1 |2961 |1793 | 5.846653e+04 | 5.838384e+04 |   0.14%|  34.01%
 43.0s|  9900 |  7803 |119090 |  12.0 |   137M |  55 |1940 |1618 | 217 |6588 |  1 |2984 |1793 | 5.846652e+04 | 5.838384e+04 |   0.14%|  34.01%
 43.0s| 10000 |  7883 |119693 |  11.9 |   137M |  55 |1940 |1641 | 218 |6599 |  2 |3023 |1794 | 5.846651e+04 | 5.838384e+04 |   0.14%|  34.01%
 43.0s| 10100 |  7959 |120374 |  11.9 |   137M |  55 |1940 |1644 | 226 |6638 |  1 |3047 |1794 | 5.846651e+04 | 5.838384e+04 |   0.14%|  34.01%
 44.0s| 10200 |  8041 |121245 |  11.8 |   138M |  55 |1940 |1647 | 231 |6697 |  1 |3066 |1795 | 5.846649e+04 | 5.838384e+04 |   0.14%|  34.04%
 44.0s| 10300 |  8121 |122108 |  11.8 |   138M |  55 |1940 |1634 | 230 |6711 |  1 |3079 |1798 | 5.846648e+04 | 5.838384e+04 |   0.14%|  34.04%
 time | node  | left  |LP iter|LP it/n|mem/heur|mdpt |vars |cons |rows |cuts |sepa|confs|strbr|  dualbound   | primalbound  |  gap   | compl. 
 44.0s| 10400 |  8193 |122816 |  11.7 |   140M |  55 |1940 |1638 | 216 |6749 |  1 |3102 |1798 | 5.846647e+04 | 5.838384e+04 |   0.14%|  34.04%
 45.0s| 10500 |  8267 |123713 |  11.7 |   142M |  55 |1940 |1653 | 225 |6793 |  2 |3136 |1805 | 5.846643e+04 | 5.838384e+04 |   0.14%|  34.04%
 45.0s| 10600 |  8339 |124371 |  11.7 |   143M |  55 |1940 |1657 | 219 |6821 |  1 |3169 |1806 | 5.846642e+04 | 5.838384e+04 |   0.14%|  34.04%
 45.0s| 10700 |  8421 |125345 |  11.7 |   143M |  55 |1940 |1650 | 223 |6879 |  1 |3192 |1807 | 5.846641e+04 | 5.838384e+04 |   0.14%|  34.06%
 46.0s| 10800 |  8510 |126193 |  11.6 |   143M |  55 |1940 |1663 | 218 |6883 |  1 |3236 |1808 | 5.846641e+04 | 5.838384e+04 |   0.14%|  34.06%
 46.0s| 10900 |  8590 |127011 |  11.6 |   144M |  55 |1940 |1668 | 223 |6924 |  1 |3267 |1816 | 5.846640e+04 | 5.838384e+04 |   0.14%|  34.06%
 46.0s| 11000 |  8678 |128054 |  11.6 |   145M |  55 |1940 |1694 | 223 |6949 |  1 |3315 |1817 | 5.846638e+04 | 5.838384e+04 |   0.14%|  34.06%
 47.0s| 11100 |  8764 |129021 |  11.6 |   148M |  55 |1940 |1708 | 235 |7007 |  1 |3346 |1828 | 5.846638e+04 | 5.838384e+04 |   0.14%|  34.06%
 47.0s| 11200 |  8846 |130179 |  11.6 |   149M |  55 |1940 |1714 | 224 |7063 |  1 |3373 |1833 | 5.846637e+04 | 5.838384e+04 |   0.14%|  34.06%
 47.0s| 11300 |  8919 |130978 |  11.5 |   150M |  55 |1940 |1695 | 224 |7116 |  1 |3395 |1834 | 5.846636e+04 | 5.838384e+04 |   0.14%|  34.07%
 48.0s| 11400 |  8995 |131809 |  11.5 |   151M |  55 |1940 |1705 | 230 |7151 |  1 |3436 |1836 | 5.846635e+04 | 5.838384e+04 |   0.14%|  34.09%
 48.0s| 11500 |  9077 |132739 |  11.5 |   151M |  55 |1940 |1684 | 220 |7188 |  1 |3453 |1841 | 5.846634e+04 | 5.838384e+04 |   0.14%|  34.11%
 49.0s| 11600 |  9159 |133683 |  11.5 |   152M |  55 |1940 |1723 | 222 |7250 |  3 |3508 |1844 | 5.846633e+04 | 5.838384e+04 |   0.14%|  34.11%
 49.0s| 11700 |  9243 |134713 |  11.5 |   156M |  55 |1940 |1738 | 225 |7347 |  1 |3541 |1846 | 5.846632e+04 | 5.838384e+04 |   0.14%|  34.11%
 50.0s| 11800 |  9327 |135535 |  11.4 |   160M |  55 |1940 |1726 | 229 |7404 |  1 |3553 |1851 | 5.846631e+04 | 5.838384e+04 |   0.14%|  34.11%
 time | node  | left  |LP iter|LP it/n|mem/heur|mdpt |vars |cons |rows |cuts |sepa|confs|strbr|  dualbound   | primalbound  |  gap   | compl. 
 50.0s| 11900 |  9393 |136339 |  11.4 |   160M |  55 |1940 |1729 | 229 |7431 |  1 |3566 |1853 | 5.846631e+04 | 5.838384e+04 |   0.14%|  34.11%
 50.0s| 12000 |  9479 |137424 |  11.4 |   161M |  55 |1940 |1760 | 230 |7454 |  1 |3622 |1861 | 5.846630e+04 | 5.838384e+04 |   0.14%|  34.11%
 51.0s| 12100 |  9555 |138137 |  11.4 |   162M |  55 |1940 |1774 | 219 |7476 |  2 |3672 |1868 | 5.846630e+04 | 5.838384e+04 |   0.14%|  34.16%
 51.0s| 12200 |  9637 |138723 |  11.3 |   162M |  55 |1940 |1787 | 233 |7496 |  3 |3703 |1874 | 5.846630e+04 | 5.838384e+04 |   0.14%|  34.16%
 51.0s| 12300 |  9709 |139489 |  11.3 |   163M |  55 |1940 |1806 | 221 |7544 |  1 |3737 |1879 | 5.846629e+04 | 5.838384e+04 |   0.14%|  34.16%
 51.0s| 12400 |  9775 |140094 |  11.2 |   163M |  55 |1940 |1789 | 219 |7581 |  1 |3757 |1880 | 5.846629e+04 | 5.838384e+04 |   0.14%|  34.16%
 52.0s| 12500 |  9837 |140698 |  11.2 |   163M |  55 |1940 |1799 | 230 |7633 |  1 |3790 |1884 | 5.846629e+04 | 5.838384e+04 |   0.14%|  34.18%
 52.0s| 12600 |  9903 |141434 |  11.2 |   163M |  55 |1940 |1765 | 225 |7676 |  1 |3800 |1885 | 5.846628e+04 | 5.838384e+04 |   0.14%|  34.25%
 53.0s| 12700 |  9987 |142249 |  11.2 |   164M |  55 |1940 |1783 | 230 |7730 |  2 |3841 |1889 | 5.846627e+04 | 5.838384e+04 |   0.14%|  34.25%
 53.0s| 12800 | 10065 |142710 |  11.1 |   164M |  56 |1940 |1789 | 217 |7746 |  1 |3860 |1891 | 5.846627e+04 | 5.838384e+04 |   0.14%|  34.26%
 53.0s| 12900 | 10129 |143670 |  11.1 |   164M |  56 |1940 |1742 | 221 |7750 |  1 |3879 |1906 | 5.846626e+04 | 5.838384e+04 |   0.14%|  34.26%
 53.0s| 13000 | 10209 |144508 |  11.1 |   164M |  56 |1940 |1746 | 221 |7779 |  1 |3932 |1906 | 5.846625e+04 | 5.838384e+04 |   0.14%|  34.26%
d54.0s| 13069 | 10179 |144977 |  11.0 |guideddi|  58 |1940 |1747 | 230 |   0 |  1 |3954 |1906 | 5.846623e+04 | 5.838564e+04 |   0.14%|  34.35%
 54.0s| 13100 | 10204 |145234 |  11.0 |   165M |  58 |1940 |1714 | 227 |7810 |  1 |3954 |1906 | 5.846623e+04 | 5.838564e+04 |   0.14%|  34.36%
 54.0s| 13200 | 10282 |146106 |  11.0 |   166M |  58 |1940 |1700 | 217 |7861 |  1 |3969 |1914 | 5.846622e+04 | 5.838564e+04 |   0.14%|  34.37%
 time | node  | left  |LP iter|LP it/n|mem/heur|mdpt |vars |cons |rows |cuts |sepa|confs|strbr|  dualbound   | primalbound  |  gap   | compl. 
 55.0s| 13300 | 10368 |147061 |  11.0 |   167M |  58 |1940 |1731 | 229 |7895 |  1 |4042 |1914 | 5.846621e+04 | 5.838564e+04 |   0.14%|  34.38%
 55.0s| 13400 | 10440 |147796 |  11.0 |   168M |  58 |1940 |1700 | 218 |7934 |  1 |4058 |1916 | 5.846620e+04 | 5.838564e+04 |   0.14%|  34.40%
 55.0s| 13500 | 10528 |148610 |  11.0 |   168M |  58 |1940 |1670 | 231 |7955 |  1 |4081 |1920 | 5.846620e+04 | 5.838564e+04 |   0.14%|  34.40%
 56.0s| 13600 | 10604 |149372 |  10.9 |   169M |  58 |1940 |1671 | 229 |7969 |  1 |4130 |1929 | 5.846619e+04 | 5.838564e+04 |   0.14%|  34.40%
 56.0s| 13700 | 10692 |150427 |  10.9 |   169M |  58 |1940 |1686 | 231 |7973 |  1 |4201 |1931 | 5.846619e+04 | 5.838564e+04 |   0.14%|  34.40%
 56.0s| 13800 | 10784 |151301 |  10.9 |   169M |  58 |1940 |1683 | 234 |7999 |  1 |4226 |1938 | 5.846617e+04 | 5.838564e+04 |   0.14%|  34.40%
 56.0s| 13900 | 10867 |152098 |  10.9 |   169M |  58 |1940 |1672 | 230 |8030 |  1 |4249 |1944 | 5.846616e+04 | 5.838564e+04 |   0.14%|  34.40%
 57.0s| 14000 | 10933 |152714 |  10.9 |   169M |  58 |1940 |1672 | 224 |8055 |  0 |4292 |1945 | 5.846616e+04 | 5.838564e+04 |   0.14%|  34.41%
 57.0s| 14100 | 11009 |153244 |  10.8 |   170M |  58 |1940 |1668 | 220 |8066 |  1 |4309 |1945 | 5.846615e+04 | 5.838564e+04 |   0.14%|  34.41%
 57.0s| 14200 | 11101 |154072 |  10.8 |   171M |  58 |1940 |1680 | 223 |8127 |  1 |4341 |1948 | 5.846614e+04 | 5.838564e+04 |   0.14%|  34.42%
 58.0s| 14300 | 11189 |155149 |  10.8 |   173M |  58 |1940 |1675 | 225 |8196 |  2 |4358 |1953 | 5.846613e+04 | 5.838564e+04 |   0.14%|  34.42%
 58.0s| 14400 | 11263 |155700 |  10.8 |   174M |  58 |1940 |1677 | 232 |8217 |  1 |4388 |1954 | 5.846612e+04 | 5.838564e+04 |   0.14%|  34.43%
 58.0s| 14500 | 11343 |156177 |  10.7 |   174M |  58 |1940 |1661 | 221 |8223 |  1 |4392 |1956 | 5.846612e+04 | 5.838564e+04 |   0.14%|  34.43%
 59.0s| 14600 | 11433 |157139 |  10.7 |   174M |  58 |1940 |1635 | 230 |8293 |  1 |4420 |1962 | 5.846612e+04 | 5.838564e+04 |   0.14%|  34.44%
 59.0s| 14700 | 11517 |157905 |  10.7 |   174M |  58 |1940 |1624 | 223 |8302 |  0 |4443 |1962 | 5.846611e+04 | 5.838564e+04 |   0.14%|  34.44%
 time | node  | left  |LP iter|LP it/n|mem/heur|mdpt |vars |cons |rows |cuts |sepa|confs|strbr|  dualbound   | primalbound  |  gap   | compl. 
 59.0s| 14800 | 11577 |158456 |  10.7 |   174M |  58 |1940 |1623 | 224 |8334 |  1 |4467 |1964 | 5.846610e+04 | 5.838564e+04 |   0.14%|  34.45%
 59.0s| 14900 | 11649 |159115 |  10.6 |   175M |  58 |1940 |1600 | 225 |8371 |  1 |4491 |1967 | 5.846610e+04 | 5.838564e+04 |   0.14%|  34.45%

SCIP Status        : solving was interrupted [time limit reached]
Solving Time (sec) : 60.00
Solving Nodes      : 14921
Primal Bound       : +5.83856367064050e+04 (554 solutions)
Dual Bound         : +5.84661020372673e+04
Gap                : 0.14 %
[SCIP] Solver status: timelimit
[SCIP] Best objective (bestSol): 58385.636706405
[SCIP] Final relative gap: 0.0013781699644193205
[SEQ] 第 5 车完成：已分配 SKU 数=28，装载湿重=32.500000，本车目标值=58385.636706，剩余 SKU 数=68

=== 求解结果摘要 ===
[result]运行时间：299.909 s
[result]求解状态：optimal
[result]目标值：323342.043986
[result]使用批次数量：8
[result]使用批次钼品位区间：0.4–0.45; 0.45–0.5; 0.5–0.55
[result]使用批次铜品位区间：0–0.005; 0.005–0.01; 0.01–0.015; 0.015–0.025; 0.025–0.07
[result]使用车次数量：5
[result]使用SKU数量：132
[success]求解完成! 结果已保存到 D:\研一上\研究课题\bld\bld_new\scip_v_by_y_parallel+timelimit_force\parallel_runs\outputs\i200v5t300.xlsx
