[batch] case_tag = i200v2t300
[batch] command = D:\python311\python311.exe D:\研一上\研究课题\bld\bld_new\v_by_v_warmstart_parallel+timelimit_force\bld_main.py --mode solve --input D:\研一上\研究课题\bld\bld_new\v_by_v_warmstart_parallel+timelimit_force\parallel_runs\inputs\i200v2t300_input.xlsx --output D:\研一上\研究课题\bld\bld_new\v_by_v_warmstart_parallel+timelimit_force\parallel_runs\outputs\i200v2t300.xlsx --main-time-limit 300
[batch] MAIN_TIME_LIMIT_SEC = 300
[batch] WARMSTART_TIME_LIMIT_SEC = 300
[batch] warmstart 单车动态预算 = (总预算 - 已用时间) / 剩余车辆数
[batch] WARMSTART_VEHICLE_TIME_LIMIT_SEC = None
[batch] DISABLE_WARMSTART = False

正在读取数据(Excel).

========== Params 读取回显（input.xlsx -> Params） ==========
  B1 | num_of_SKUs     = 200
  B2 | num_of_Vehicles = 2
  B3 | num_of_Batches  = 40
  B4 | B_LB            = 3
  B5 | B_UB            = 10
  B6 | b_v             = 5
  B7 | M_vk            = 10
  B8 | W_v_min         = 28.5
  B9 | W_v_max         = 32.5
 B10 | run_epagap      = 0.005
 B11 | run_epgap       = 0.003
 B12 | run_tilim       = 300.0
===========================================================

数据读取成功!
Prices 原始批次数: 40；启用批次数(进入模型): 20；Active=0 已被过滤: 20
=== 数据验证 ===
beta_min 样本: [0.35, 0.35, 0.35, 0.35, 0.35]
beta_max 样本: [0.4, 0.4, 0.4, 0.4, 0.4]
alpha_min 样本: [0.0, 0.005, 0.01, 0.015, 0.025]
alpha_max 样本: [0.005, 0.01, 0.015, 0.025, 0.07]
SKU beta 样本: [0.5247999999999999, 0.42469999999999997, 0.30635, 0.29864999999999997, 0.29864999999999997]
SKU alpha 样本: [0.013295, 0.068285, 0.1168, 0.1219, 0.1219]
[success]订单参数预检查通过。
进入优化模型求解.
[debug] loaded solver file: D:\研一上\研究课题\bld\bld_new\v_by_v_warmstart_parallel+timelimit_force\bld_solver.py
构建整体 MIP 模型（使用顺序配矿结果作为热启动）...
[debug] run_epgap = 0.003
[debug] run_epagap = 0.005
[debug] run_tilim = 300.0
[debug] FORCE_MAIN_MIP_TIME_LIMIT_SEC = 2400.0
[debug] APPLY_MAIN_MIP_GAP_LIMITS = False
[debug] warmstart_vehicle_time_limit = None
[debug] main_time_limit_source = --main-time-limit
[debug] effective_main_mip_time_limit_sec = 300.0
构建顺序配矿热启动解（按车辆逐车求解）...
[warmstart] 顺序热启动阶段沿用原始 run_tilim=300.000s

================ 当前求解车辆 1/2 ================
[warmstart-time] 总预算=300.000s，已用=0.000s，剩余=300.000s，剩余车辆数=2，本车 SCIP time limit=150.000s
配置 SCIP 求解参数（单车热启动子问题）...
[progress]整车整体 MIP 阶段已禁用 run_epgap / run_epagap 提前停机，仅保留时间上限。
[warmstart-time] 已禁用单车 run_epgap / run_epagap 提前停机；本车仅受 time limit 或最优性证明等 SCIP 自然终止条件影响。
presolving:
   (0.0s) symmetry computation started: requiring (bin +, int +, cont +), (fixed: bin -, int -, cont -)
   (0.0s) symmetry computation finished: 1 generators found (max: 1500, log10 of symmetry group size: 0.00) (symcode time: 0.00)
dynamic symmetry handling statistics:
   orbitopal reduction:       no components
   orbital reduction:         no components
   lexicographic reduction:    1 permutations with support sizes 40
handled 1 out of 1 symmetry components
presolving (0 rounds: 0 fast, 0 medium, 0 exhaustive):
 0 deleted vars, 0 deleted constraints, 0 added constraints, 0 tightened bounds, 0 added holes, 0 changed sides, 0 changed coefficients
 0 implications, 0 cliques
presolved problem has 4020 variables (4020 bin, 0 int, 0 impl, 0 cont) and 304 constraints
    304 constraints of type <linear>
Presolving Time: 0.00

 time | node  | left  |LP iter|LP it/n|mem/heur|mdpt |vars |cons |rows |cuts |sepa|confs|strbr|  dualbound   | primalbound  |  gap   | compl. 
  0.0s|     1 |     0 |    53 |     - |    59M |   0 |4020 | 331 | 295 |   0 |  0 |  36 |   0 | 6.928231e+04 |      --      |    Inf | unknown
r 0.0s|     1 |     0 |    53 |     - |shifting|   0 |4020 | 331 | 295 |   0 |  0 |  36 |   0 | 6.928231e+04 | 6.021774e+04 |  15.05%| unknown
  0.0s|     1 |     0 |    61 |     - |    62M |   0 |4020 | 331 | 298 |   3 |  1 |  36 |   0 | 6.928171e+04 | 6.021774e+04 |  15.05%| unknown
i 0.0s|     1 |     0 |    61 |     - |  oneopt|   0 |4020 | 331 | 298 |   3 |  1 |  36 |   0 | 6.928171e+04 | 6.844237e+04 |   1.23%| unknown
  0.0s|     1 |     0 |    76 |     - |    63M |   0 |4020 | 331 | 301 |   6 |  2 |  36 |   0 | 6.928077e+04 | 6.844237e+04 |   1.22%| unknown
  0.0s|     1 |     0 |    76 |     - |    64M |   0 |4020 | 331 | 277 |   6 |  2 |  36 |   0 | 6.928077e+04 | 6.844237e+04 |   1.22%| unknown
  0.0s|     1 |     0 |    86 |     - |    64M |   0 |4020 | 331 | 280 |   9 |  3 |  36 |   0 | 6.928057e+04 | 6.844237e+04 |   1.22%| unknown
  0.0s|     1 |     0 |    95 |     - |    66M |   0 |4020 | 331 | 283 |  12 |  4 |  36 |   0 | 6.928042e+04 | 6.844237e+04 |   1.22%| unknown
  0.0s|     1 |     0 |    98 |     - |    67M |   0 |4020 | 331 | 287 |  16 |  5 |  36 |   0 | 6.928035e+04 | 6.844237e+04 |   1.22%| unknown
  0.0s|     1 |     0 |   105 |     - |    67M |   0 |4020 | 331 | 290 |  19 |  6 |  36 |   0 | 6.928032e+04 | 6.844237e+04 |   1.22%| unknown
  0.0s|     1 |     0 |   113 |     - |    69M |   0 |4020 | 331 | 293 |  22 |  7 |  36 |   0 | 6.928029e+04 | 6.844237e+04 |   1.22%| unknown
  0.0s|     1 |     0 |   123 |     - |    70M |   0 |4020 | 331 | 296 |  25 |  8 |  36 |   0 | 6.928024e+04 | 6.844237e+04 |   1.22%| unknown
r 0.0s|     1 |     0 |   123 |     - |shifting|   0 |4020 | 331 | 296 |  25 |  8 |  36 |   0 | 6.928024e+04 | 6.889242e+04 |   0.56%| unknown
  0.0s|     1 |     0 |   127 |     - |    71M |   0 |4020 | 331 | 299 |  28 |  9 |  36 |   0 | 6.928020e+04 | 6.889242e+04 |   0.56%| unknown
  0.0s|     1 |     0 |   127 |     - |    71M |   0 |4020 | 331 | 238 |  28 |  9 |  36 |   0 | 6.928020e+04 | 6.889242e+04 |   0.56%| unknown
 time | node  | left  |LP iter|LP it/n|mem/heur|mdpt |vars |cons |rows |cuts |sepa|confs|strbr|  dualbound   | primalbound  |  gap   | compl. 
  0.0s|     1 |     0 |   131 |     - |    71M |   0 |4020 | 300 | 241 |  31 | 10 |  36 |   0 | 6.928017e+04 | 6.889242e+04 |   0.56%| unknown
  0.0s|     1 |     0 |   140 |     - |    71M |   0 |4020 | 300 | 244 |  34 | 11 |  36 |   0 | 6.928011e+04 | 6.889242e+04 |   0.56%| unknown
L 1.0s|     1 |     0 |   466 |     - |    alns|   0 |4020 | 254 | 244 |  34 | 11 |  76 |   0 | 6.928011e+04 | 6.901371e+04 |   0.39%| unknown
  1.0s|     1 |     0 |   466 |     - |    71M |   0 |4020 | 254 | 244 |  34 | 11 |  76 |   0 | 6.928011e+04 | 6.901371e+04 |   0.39%| unknown
  1.0s|     1 |     0 |   466 |     - |    71M |   0 |4020 | 254 | 214 |  34 | 11 |  76 |   0 | 6.928011e+04 | 6.901371e+04 |   0.39%| unknown
  1.0s|     1 |     0 |   473 |     - |    71M |   0 |4020 | 253 | 216 |  36 | 12 |  76 |   0 | 6.928007e+04 | 6.901371e+04 |   0.39%| unknown
  1.0s|     1 |     0 |   485 |     - |    71M |   0 |4020 | 253 | 219 |  39 | 13 |  76 |   0 | 6.928003e+04 | 6.901371e+04 |   0.39%| unknown
  1.0s|     1 |     2 |   485 |     - |    71M |   0 |4020 | 219 | 219 |  39 | 13 |  76 |  28 | 6.927825e+04 | 6.901371e+04 |   0.38%| unknown
  4.0s|   100 |    87 |  1997 |  18.6 |    95M |  19 |4020 | 279 | 203 | 101 |  1 | 138 | 636 | 6.927814e+04 | 6.901371e+04 |   0.38%|   8.00%
d 6.0s|   170 |   146 |  3953 |  22.4 |conflict|  24 |4020 | 313 | 203 |   0 |  1 | 173 | 658 | 6.927814e+04 | 6.918869e+04 |   0.13%|  16.17%
  6.0s|   200 |   176 |  4129 |  19.9 |   108M |  24 |4020 | 301 | 202 | 153 |  1 | 173 | 664 | 6.927814e+04 | 6.918869e+04 |   0.13%|  16.17%
  7.0s|   300 |   272 |  4833 |  15.6 |   111M |  25 |4020 | 320 | 204 | 183 |  1 | 196 | 720 | 6.927813e+04 | 6.918869e+04 |   0.13%|  16.17%
L 8.0s|   370 |   299 |  5460 |  14.4 |crossove|  32 |4020 | 321 | 201 | 201 |  1 | 197 | 786 | 6.927813e+04 | 6.925664e+04 |   0.03%|  29.91%
  8.0s|   400 |   317 |  5679 |  13.8 |   114M |  32 |4020 | 311 | 203 | 204 |  1 | 202 | 806 | 6.927813e+04 | 6.925664e+04 |   0.03%|  29.93%
  9.0s|   500 |   413 |  6389 |  12.5 |   115M |  33 |4020 | 322 | 205 | 266 |  1 | 223 | 816 | 6.927812e+04 | 6.925664e+04 |   0.03%|  29.93%
 time | node  | left  |LP iter|LP it/n|mem/heur|mdpt |vars |cons |rows |cuts |sepa|confs|strbr|  dualbound   | primalbound  |  gap   | compl. 
  9.0s|   600 |   511 |  7206 |  11.8 |   115M |  34 |4020 | 374 | 203 | 314 |  1 | 281 | 836 | 6.927812e+04 | 6.925664e+04 |   0.03%|  29.94%
 10.0s|   700 |   601 |  7994 |  11.2 |   116M |  34 |4020 | 380 | 205 | 374 |  1 | 310 | 876 | 6.927812e+04 | 6.925664e+04 |   0.03%|  29.94%
 11.0s|   800 |   701 |  8493 |  10.4 |   117M |  34 |4020 | 395 | 201 | 390 |  1 | 339 | 928 | 6.927812e+04 | 6.925664e+04 |   0.03%|  29.94%
 11.0s|   900 |   796 |  9632 |  10.5 |   117M |  34 |4020 | 437 | 203 | 434 |  1 | 390 | 950 | 6.927812e+04 | 6.925664e+04 |   0.03%|  29.94%
 12.0s|  1000 |   890 | 10246 |  10.1 |   117M |  34 |4020 | 443 | 205 | 466 |  1 | 405 | 964 | 6.927810e+04 | 6.925664e+04 |   0.03%|  29.94%
 13.0s|  1100 |   988 | 10933 |   9.8 |   117M |  34 |4020 | 460 | 204 | 507 |  1 | 430 | 966 | 6.927809e+04 | 6.925664e+04 |   0.03%|  29.95%
 13.0s|  1200 |  1076 | 11626 |   9.6 |   117M |  34 |4020 | 475 | 207 | 542 |  1 | 460 | 985 | 6.927809e+04 | 6.925664e+04 |   0.03%|  29.95%
 13.0s|  1300 |  1166 | 12116 |   9.2 |   119M |  34 |4020 | 486 |   0 | 566 |  0 | 480 | 994 | 6.927809e+04 | 6.925664e+04 |   0.03%|  29.95%
 14.0s|  1400 |  1252 | 12668 |   8.9 |   119M |  38 |4020 | 511 | 204 | 595 |  1 | 537 |1071 | 6.927809e+04 | 6.925664e+04 |   0.03%|  29.95%
 15.0s|  1500 |  1342 | 13184 |   8.7 |   119M |  38 |4020 | 518 | 204 | 622 |  1 | 554 |1091 | 6.927808e+04 | 6.925664e+04 |   0.03%|  29.96%
 15.0s|  1600 |  1434 | 13773 |   8.5 |   119M |  38 |4020 | 530 |   0 | 646 |  0 | 570 |1093 | 6.927808e+04 | 6.925664e+04 |   0.03%|  29.96%
Restart triggered after 50 consecutive estimations that the remaining tree will be large
 16.0s|  1700 |  1520 | 14295 |   8.3 |   120M |  38 |4020 | 570 | 203 | 675 |  1 | 639 |1121 | 6.927808e+04 | 6.925664e+04 |   0.03%|  29.96%
 16.0s|  1800 |  1598 | 14741 |   8.1 |   120M |  40 |4020 | 580 |   0 | 694 |  0 | 664 |1134 | 6.927808e+04 | 6.925664e+04 |   0.03%|  29.96%
r16.0s|  1822 |  1480 | 14803 |   8.0 |ziroundi|  40 |4020 | 582 | 205 | 700 |  1 | 674 |1138 | 6.927808e+04 | 6.926652e+04 |   0.02%|  30.02%
r16.0s|  1847 |  1482 | 14896 |   8.0 |ziroundi|  40 |4020 | 579 | 206 | 702 |  3 | 680 |1141 | 6.927808e+04 | 6.926652e+04 |   0.02%|  30.07%
 time | node  | left  |LP iter|LP it/n|mem/heur|mdpt |vars |cons |rows |cuts |sepa|confs|strbr|  dualbound   | primalbound  |  gap   | compl. 
 17.0s|  1900 |  1529 | 15383 |   8.0 |   120M |  40 |4020 | 608 | 207 | 748 |  2 | 733 |1148 | 6.927807e+04 | 6.926652e+04 |   0.02%|  30.07%
 17.0s|  2000 |  1601 | 15976 |   7.9 |   120M |  40 |4020 | 658 | 203 | 767 |  1 | 812 |1154 | 6.927807e+04 | 6.926652e+04 |   0.02%|  30.10%
 18.0s|  2100 |  1645 | 16392 |   7.7 |   121M |  40 |4020 | 702 | 203 | 781 |  1 | 867 |1163 | 6.927807e+04 | 6.926652e+04 |   0.02%|  30.11%
 18.0s|  2200 |  1691 | 17104 |   7.7 |   121M |  46 |4020 | 762 | 203 | 796 |  1 | 938 |1175 | 6.927807e+04 | 6.926652e+04 |   0.02%|  30.12%
 19.0s|  2300 |  1767 | 17752 |   7.7 |   121M |  46 |4020 | 791 | 207 | 831 |  2 | 992 |1180 | 6.927807e+04 | 6.926652e+04 |   0.02%|  30.13%
 19.0s|  2400 |  1832 | 18183 |   7.5 |   121M |  46 |4020 | 864 | 203 | 842 |  1 |1074 |1189 | 6.927807e+04 | 6.926652e+04 |   0.02%|  30.13%
 20.0s|  2500 |  1886 | 18596 |   7.4 |   121M |  46 |4020 | 943 |   0 | 873 |  0 |1159 |1191 | 6.927806e+04 | 6.926652e+04 |   0.02%|  30.13%
 20.0s|  2600 |  1944 | 19127 |   7.3 |   121M |  46 |4020 | 954 | 206 | 899 |  1 |1201 |1194 | 6.927806e+04 | 6.926652e+04 |   0.02%|  30.14%
 21.0s|  2700 |  2026 | 19883 |   7.3 |   121M |  46 |4020 |1041 | 202 | 943 |  1 |1309 |1201 | 6.927805e+04 | 6.926652e+04 |   0.02%|  30.15%
 21.0s|  2800 |  2096 | 20382 |   7.2 |   121M |  46 |4020 |1067 | 203 | 946 |  1 |1355 |1209 | 6.927805e+04 | 6.926652e+04 |   0.02%|  30.20%
 22.0s|  2900 |  2166 | 20899 |   7.2 |   122M |  46 |4020 |1129 |   0 | 971 |  0 |1433 |1210 | 6.927805e+04 | 6.926652e+04 |   0.02%|  30.20%
 22.0s|  3000 |  2221 | 21313 |   7.1 |   122M |  47 |4020 |1180 | 201 |1006 |  0 |1493 |1211 | 6.927803e+04 | 6.926652e+04 |   0.02%|  30.21%
 23.0s|  3100 |  2302 | 21739 |   7.0 |   123M |  47 |4020 |1295 | 204 |1030 |  1 |1627 |1212 | 6.927803e+04 | 6.926652e+04 |   0.02%|  30.23%
 23.0s|  3200 |  2371 | 22140 |   6.9 |   123M |  47 |4020 |1337 | 201 |1033 |  1 |1695 |1213 | 6.927803e+04 | 6.926652e+04 |   0.02%|  30.23%
 23.0s|  3300 |  2420 | 22375 |   6.7 |   123M |  47 |4020 |1398 | 205 |1035 |  2 |1760 |1213 | 6.927803e+04 | 6.926652e+04 |   0.02%|  30.23%
 time | node  | left  |LP iter|LP it/n|mem/heur|mdpt |vars |cons |rows |cuts |sepa|confs|strbr|  dualbound   | primalbound  |  gap   | compl. 
 24.0s|  3400 |  2490 | 22841 |   6.7 |   123M |  47 |4020 |1452 | 204 |1047 |  1 |1842 |1216 | 6.927803e+04 | 6.926652e+04 |   0.02%|  30.24%
 24.0s|  3500 |  2567 | 23606 |   6.7 |   123M |  47 |4020 |1507 | 206 |1055 |  1 |1923 |1216 | 6.927803e+04 | 6.926652e+04 |   0.02%|  30.24%
 25.0s|  3600 |  2634 | 24103 |   6.7 |   124M |  47 |4020 |1562 | 205 |1079 |  1 |1993 |1216 | 6.927803e+04 | 6.926652e+04 |   0.02%|  30.24%
 25.0s|  3700 |  2724 | 24721 |   6.6 |   124M |  47 |4020 |1602 | 204 |1107 |  1 |2068 |1216 | 6.927803e+04 | 6.926652e+04 |   0.02%|  30.24%
r26.0s|  3746 |  2757 | 25010 |   6.6 |ziroundi|  47 |4020 |1606 | 204 |1110 |  1 |2090 |1216 | 6.927803e+04 | 6.926690e+04 |   0.02%|  30.25%
 26.0s|  3800 |  2771 | 25188 |   6.6 |   124M |  47 |4020 |1598 | 204 |1111 |  1 |2104 |1217 | 6.927803e+04 | 6.926690e+04 |   0.02%|  30.28%
 26.0s|  3900 |  2804 | 25473 |   6.5 |   124M |  47 |4020 |1598 | 204 |1113 |  1 |2122 |1219 | 6.927803e+04 | 6.926690e+04 |   0.02%|  30.28%
 27.0s|  4000 |  2852 | 25967 |   6.5 |   124M |  47 |4020 |1629 | 204 |1134 |  2 |2168 |1219 | 6.927802e+04 | 6.926690e+04 |   0.02%|  30.28%
 27.0s|  4100 |  2922 | 26555 |   6.4 |   124M |  47 |4020 |1666 |   0 |1177 |  0 |2240 |1219 | 6.927802e+04 | 6.926690e+04 |   0.02%|  30.28%
 28.0s|  4200 |  2979 | 27050 |   6.4 |   124M |  47 |4020 |1688 | 202 |1196 |  1 |2305 |1219 | 6.927801e+04 | 6.926690e+04 |   0.02%|  30.31%
 28.0s|  4300 |  3069 | 27577 |   6.4 |   124M |  47 |4020 |1749 | 208 |1220 |  1 |2407 |1219 | 6.927801e+04 | 6.926690e+04 |   0.02%|  30.34%
 29.0s|  4400 |  3134 | 28034 |   6.3 |   124M |  47 |4020 |1754 | 208 |1246 |  1 |2441 |1220 | 6.927801e+04 | 6.926690e+04 |   0.02%|  30.34%
 29.0s|  4500 |  3209 | 28691 |   6.3 |   125M |  47 |4020 |1802 | 201 |1274 |  1 |2519 |1220 | 6.927801e+04 | 6.926690e+04 |   0.02%|  30.35%
 30.0s|  4600 |  3255 | 29108 |   6.3 |   125M |  47 |4020 |1862 | 207 |1299 |  1 |2598 |1221 | 6.927801e+04 | 6.926690e+04 |   0.02%|  30.35%
 30.0s|  4700 |  3351 | 29843 |   6.3 |   125M |  47 |4020 |1840 | 204 |1354 |  1 |2654 |1221 | 6.927800e+04 | 6.926690e+04 |   0.02%|  30.35%
 time | node  | left  |LP iter|LP it/n|mem/heur|mdpt |vars |cons |rows |cuts |sepa|confs|strbr|  dualbound   | primalbound  |  gap   | compl. 
 31.0s|  4800 |  3440 | 30390 |   6.3 |   125M |  47 |4020 |1860 | 205 |1374 |  1 |2713 |1222 | 6.927800e+04 | 6.926690e+04 |   0.02%|  30.35%
 31.0s|  4900 |  3512 | 30941 |   6.3 |   126M |  47 |4020 |1885 |   0 |1399 |  0 |2772 |1222 | 6.927800e+04 | 6.926690e+04 |   0.02%|  30.35%
 32.0s|  5000 |  3584 | 31623 |   6.3 |   126M |  47 |4020 |1894 |   0 |1439 |  0 |2829 |1223 | 6.927800e+04 | 6.926690e+04 |   0.02%|  30.35%
 32.0s|  5100 |  3637 | 32088 |   6.3 |   127M |  47 |4020 |1932 | 207 |1447 |  1 |2891 |1223 | 6.927800e+04 | 6.926690e+04 |   0.02%|  30.35%
 33.0s|  5200 |  3708 | 32675 |   6.3 |   127M |  47 |4020 |1948 | 208 |1474 |  1 |2952 |1223 | 6.927799e+04 | 6.926690e+04 |   0.02%|  30.36%
L33.0s|  5212 |  3720 | 32730 |   6.3 |crossove|  47 |4020 |1958 | 207 |1474 |  1 |2962 |1223 | 6.927799e+04 | 6.926694e+04 |   0.02%|  30.36%
 33.0s|  5300 |  3766 | 33144 |   6.2 |   127M |  47 |4020 |1988 | 204 |1478 |  1 |3031 |1225 | 6.927799e+04 | 6.926694e+04 |   0.02%|  30.38%
 34.0s|  5400 |  3806 | 33447 |   6.2 |   127M |  47 |4020 |2035 |   0 |1492 |  0 |3090 |1227 | 6.927799e+04 | 6.926694e+04 |   0.02%|  30.38%
L34.0s|  5497 |  3884 | 34085 |   6.2 |crossove|  47 |4020 |2133 | 206 |1520 |  2 |3228 |1228 | 6.927799e+04 | 6.926696e+04 |   0.02%|  30.38%
 34.0s|  5500 |  3885 | 34095 |   6.2 |   128M |  47 |4020 |2133 | 206 |1520 |  1 |3228 |1228 | 6.927799e+04 | 6.926696e+04 |   0.02%|  30.38%
 35.0s|  5600 |  3926 | 34595 |   6.2 |   128M |  47 |4020 |2170 |   0 |1555 |  0 |3309 |1230 | 6.927798e+04 | 6.926696e+04 |   0.02%|  30.40%
 35.0s|  5700 |  3963 | 35039 |   6.1 |   128M |  47 |4020 |2187 | 213 |1599 |  3 |3353 |1231 | 6.927798e+04 | 6.926696e+04 |   0.02%|  30.42%
 36.0s|  5800 |  4026 | 35551 |   6.1 |   128M |  48 |4020 |2211 | 205 |1630 |  1 |3413 |1231 | 6.927798e+04 | 6.926696e+04 |   0.02%|  30.42%
 36.0s|  5900 |  4081 | 36168 |   6.1 |   129M |  48 |4020 |2217 | 209 |1652 |  1 |3474 |1232 | 6.927798e+04 | 6.926696e+04 |   0.02%|  30.47%
 37.0s|  6000 |  4175 | 36715 |   6.1 |   129M |  48 |4020 |2219 | 207 |1667 |  1 |3527 |1232 | 6.927798e+04 | 6.926696e+04 |   0.02%|  30.47%
 time | node  | left  |LP iter|LP it/n|mem/heur|mdpt |vars |cons |rows |cuts |sepa|confs|strbr|  dualbound   | primalbound  |  gap   | compl. 
 38.0s|  6100 |  4269 | 37426 |   6.1 |   129M |  48 |4020 |2211 | 206 |1692 |  1 |3594 |1232 | 6.927797e+04 | 6.926696e+04 |   0.02%|  30.47%
 38.0s|  6200 |  4351 | 37942 |   6.1 |   129M |  48 |4020 |2220 | 203 |1696 |  1 |3661 |1232 | 6.927797e+04 | 6.926696e+04 |   0.02%|  30.47%
 39.0s|  6300 |  4439 | 38872 |   6.1 |   129M |  48 |4020 |2214 | 204 |1706 |  1 |3691 |1232 | 6.927797e+04 | 6.926696e+04 |   0.02%|  30.48%
 39.0s|  6400 |  4513 | 39352 |   6.1 |   129M |  48 |4020 |2237 | 207 |1717 |  1 |3743 |1232 | 6.927797e+04 | 6.926696e+04 |   0.02%|  30.48%
 39.0s|  6500 |  4551 | 39747 |   6.1 |   129M |  48 |4020 |2260 |   0 |1748 |  0 |3796 |1232 | 6.927797e+04 | 6.926696e+04 |   0.02%|  30.50%
 40.0s|  6600 |  4587 | 40099 |   6.1 |   129M |  48 |4020 |2247 | 202 |1762 |  1 |3827 |1234 | 6.927797e+04 | 6.926696e+04 |   0.02%|  30.50%
 40.0s|  6700 |  4635 | 40527 |   6.0 |   129M |  48 |4020 |2286 | 202 |1779 |  1 |3893 |1235 | 6.927797e+04 | 6.926696e+04 |   0.02%|  30.50%
 41.0s|  6800 |  4689 | 40948 |   6.0 |   129M |  48 |4020 |2264 |   0 |1799 |  0 |3946 |1235 | 6.927796e+04 | 6.926696e+04 |   0.02%|  30.51%
 41.0s|  6900 |  4742 | 41283 |   6.0 |   131M |  48 |4020 |2359 | 204 |1802 |  1 |4067 |1235 | 6.927796e+04 | 6.926696e+04 |   0.02%|  30.52%
 41.0s|  7000 |  4801 | 41772 |   5.9 |   131M |  48 |4020 |2333 | 204 |1815 |  2 |4136 |1235 | 6.927796e+04 | 6.926696e+04 |   0.02%|  30.54%
 42.0s|  7100 |  4860 | 42361 |   5.9 |   131M |  48 |4020 |2362 |   0 |1854 |  0 |4211 |1237 | 6.927796e+04 | 6.926696e+04 |   0.02%|  30.54%
 43.0s|  7200 |  4917 | 42926 |   5.9 |   131M |  48 |4020 |2410 | 208 |1883 |  1 |4308 |1238 | 6.927796e+04 | 6.926696e+04 |   0.02%|  30.54%
 43.0s|  7300 |  4965 | 43315 |   5.9 |   131M |  48 |4020 |2458 | 201 |1898 |  2 |4378 |1240 | 6.927796e+04 | 6.926696e+04 |   0.02%|  30.54%
 43.0s|  7400 |  5019 | 43627 |   5.9 |   131M |  48 |4020 |2474 | 205 |1910 |  1 |4421 |1240 | 6.927796e+04 | 6.926696e+04 |   0.02%|  30.54%
 44.0s|  7500 |  5062 | 44010 |   5.8 |   131M |  48 |4020 |2547 |   0 |1927 |  0 |4503 |1240 | 6.927796e+04 | 6.926696e+04 |   0.02%|  30.54%
 time | node  | left  |LP iter|LP it/n|mem/heur|mdpt |vars |cons |rows |cuts |sepa|confs|strbr|  dualbound   | primalbound  |  gap   | compl. 
 44.0s|  7600 |  5113 | 44405 |   5.8 |   131M |  48 |4020 |2544 |   0 |1936 |  0 |4565 |1241 | 6.927796e+04 | 6.926696e+04 |   0.02%|  30.55%
 45.0s|  7700 |  5193 | 45396 |   5.9 |   131M |  48 |4020 |2455 | 206 |1962 |  1 |4595 |1243 | 6.927796e+04 | 6.926696e+04 |   0.02%|  30.57%
 45.0s|  7800 |  5273 | 45946 |   5.9 |   131M |  48 |4020 |2491 | 206 |1986 |  1 |4682 |1243 | 6.927795e+04 | 6.926696e+04 |   0.02%|  30.57%
r45.0s|  7804 |  5275 | 45959 |   5.9 |ziroundi|  48 |4020 |2492 | 206 |1986 |  1 |4683 |1243 | 6.927795e+04 | 6.926698e+04 |   0.02%|  30.57%
 46.0s|  7900 |  5313 | 46341 |   5.8 |   131M |  48 |4020 |2529 | 207 |2025 |  1 |4766 |1246 | 6.927795e+04 | 6.926698e+04 |   0.02%|  30.58%
 47.0s|  8000 |  5390 | 46945 |   5.8 |   131M |  48 |4020 |2563 | 206 |2063 |  1 |4877 |1247 | 6.927795e+04 | 6.926698e+04 |   0.02%|  30.58%
 47.0s|  8100 |  5468 | 47437 |   5.8 |   131M |  48 |4020 |2533 | 204 |2072 |  1 |4938 |1251 | 6.927795e+04 | 6.926698e+04 |   0.02%|  30.58%
 48.0s|  8200 |  5562 | 48071 |   5.8 |   132M |  48 |4020 |2581 | 207 |2091 |  1 |5035 |1251 | 6.927795e+04 | 6.926698e+04 |   0.02%|  30.58%
 48.0s|  8300 |  5650 | 48795 |   5.9 |   132M |  48 |4020 |2604 | 205 |2116 |  1 |5126 |1252 | 6.927795e+04 | 6.926698e+04 |   0.02%|  30.58%
 49.0s|  8400 |  5711 | 49248 |   5.8 |   132M |  48 |4020 |2670 | 206 |2137 |  1 |5218 |1259 | 6.927795e+04 | 6.926698e+04 |   0.02%|  30.58%
 49.0s|  8500 |  5779 | 49771 |   5.8 |   132M |  48 |4020 |2666 | 205 |2154 |  1 |5293 |1262 | 6.927795e+04 | 6.926698e+04 |   0.02%|  30.58%
 50.0s|  8600 |  5840 | 50247 |   5.8 |   132M |  48 |4020 |2661 | 210 |2175 |  1 |5375 |1262 | 6.927795e+04 | 6.926698e+04 |   0.02%|  30.58%
 50.0s|  8700 |  5905 | 50690 |   5.8 |   133M |  48 |4020 |2625 | 203 |2180 |  1 |5440 |1262 | 6.927795e+04 | 6.926698e+04 |   0.02%|  30.60%
 51.0s|  8800 |  5993 | 51305 |   5.8 |   133M |  48 |4020 |2554 | 210 |2215 |  1 |5494 |1262 | 6.927795e+04 | 6.926698e+04 |   0.02%|  30.60%
 51.0s|  8900 |  6057 | 51747 |   5.8 |   133M |  48 |4020 |2541 | 210 |2232 |  2 |5561 |1263 | 6.927795e+04 | 6.926698e+04 |   0.02%|  30.60%
 time | node  | left  |LP iter|LP it/n|mem/heur|mdpt |vars |cons |rows |cuts |sepa|confs|strbr|  dualbound   | primalbound  |  gap   | compl. 
 51.0s|  9000 |  6098 | 52102 |   5.8 |   133M |  48 |4020 |2575 | 210 |2245 |  1 |5639 |1264 | 6.927795e+04 | 6.926698e+04 |   0.02%|  30.60%
 52.0s|  9100 |  6143 | 52506 |   5.8 |   133M |  48 |4020 |2612 |   0 |2261 |  0 |5715 |1267 | 6.927795e+04 | 6.926698e+04 |   0.02%|  30.60%
 53.0s|  9200 |  6209 | 53093 |   5.8 |   134M |  48 |4020 |2603 | 211 |2304 |  1 |5783 |1274 | 6.927795e+04 | 6.926698e+04 |   0.02%|  30.60%
 53.0s|  9300 |  6280 | 53692 |   5.8 |   134M |  48 |4020 |2604 | 206 |2314 |  1 |5882 |1274 | 6.927794e+04 | 6.926698e+04 |   0.02%|  30.60%
 54.0s|  9400 |  6344 | 54215 |   5.8 |   135M |  48 |4020 |2646 | 212 |2329 |  2 |5951 |1279 | 6.927794e+04 | 6.926698e+04 |   0.02%|  30.60%
 54.0s|  9500 |  6410 | 54702 |   5.7 |   135M |  48 |4020 |2681 |   0 |2348 |  0 |6028 |1285 | 6.927794e+04 | 6.926698e+04 |   0.02%|  30.60%
 55.0s|  9600 |  6470 | 55221 |   5.7 |   135M |  48 |4020 |2638 | 204 |2386 |  1 |6075 |1288 | 6.927794e+04 | 6.926698e+04 |   0.02%|  30.60%
 55.0s|  9700 |  6547 | 55613 |   5.7 |   135M |  48 |4020 |2670 | 208 |2405 |  1 |6166 |1290 | 6.927794e+04 | 6.926698e+04 |   0.02%|  30.60%
 56.0s|  9800 |  6576 | 55958 |   5.7 |   135M |  48 |4020 |2668 | 213 |2435 |  1 |6197 |1298 | 6.927794e+04 | 6.926698e+04 |   0.02%|  30.60%
 56.0s|  9900 |  6645 | 56376 |   5.7 |   136M |  51 |4020 |2716 | 206 |2442 |  1 |6322 |1298 | 6.927794e+04 | 6.926698e+04 |   0.02%|  30.60%
 56.0s| 10000 |  6706 | 56789 |   5.7 |   136M |  51 |4020 |2798 |   0 |2449 |  0 |6434 |1300 | 6.927794e+04 | 6.926698e+04 |   0.02%|  30.60%
 57.0s| 10100 |  6774 | 57254 |   5.7 |   136M |  51 |4020 |2854 | 204 |2475 |  1 |6578 |1300 | 6.927794e+04 | 6.926698e+04 |   0.02%|  30.60%
 57.0s| 10200 |  6827 | 57611 |   5.6 |   136M |  51 |4020 |2806 | 203 |2486 |  1 |6656 |1303 | 6.927794e+04 | 6.926698e+04 |   0.02%|  30.60%
 58.0s| 10300 |  6875 | 58082 |   5.6 |   136M |  51 |4020 |2844 | 205 |2495 |  1 |6742 |1307 | 6.927794e+04 | 6.926698e+04 |   0.02%|  30.60%
 58.0s| 10400 |  6961 | 58690 |   5.6 |   136M |  51 |4020 |2837 | 207 |2510 |  1 |6849 |1307 | 6.927794e+04 | 6.926698e+04 |   0.02%|  30.60%
 time | node  | left  |LP iter|LP it/n|mem/heur|mdpt |vars |cons |rows |cuts |sepa|confs|strbr|  dualbound   | primalbound  |  gap   | compl. 
 59.0s| 10500 |  7003 | 59105 |   5.6 |   136M |  51 |4020 |2844 | 212 |2538 |  1 |6907 |1310 | 6.927794e+04 | 6.926698e+04 |   0.02%|  30.60%
 59.0s| 10600 |  7044 | 59509 |   5.6 |   136M |  51 |4020 |2862 | 208 |2565 |  1 |6986 |1315 | 6.927794e+04 | 6.926698e+04 |   0.02%|  30.60%
 60.0s| 10700 |  7082 | 59951 |   5.6 |   138M |  51 |4020 |2873 | 206 |2607 |  1 |7062 |1324 | 6.927794e+04 | 6.926698e+04 |   0.02%|  30.61%
 60.0s| 10800 |  7135 | 60432 |   5.6 |   138M |  51 |4020 |2873 | 206 |2612 |  2 |7120 |1326 | 6.927793e+04 | 6.926698e+04 |   0.02%|  30.61%
 61.0s| 10900 |  7215 | 61106 |   5.6 |   138M |  51 |4020 |2843 | 205 |2625 |  1 |7180 |1327 | 6.927793e+04 | 6.926698e+04 |   0.02%|  30.61%
 61.0s| 11000 |  7297 | 61636 |   5.6 |   139M |  51 |4020 |2803 | 207 |2645 |  1 |7235 |1327 | 6.927793e+04 | 6.926698e+04 |   0.02%|  30.61%
 61.0s| 11100 |  7363 | 62106 |   5.6 |   139M |  51 |4020 |2777 | 203 |2658 |  1 |7296 |1329 | 6.927793e+04 | 6.926698e+04 |   0.02%|  30.61%
 62.0s| 11200 |  7446 | 62597 |   5.6 |   139M |  51 |4020 |2727 | 206 |2666 |  1 |7370 |1330 | 6.927793e+04 | 6.926698e+04 |   0.02%|  30.61%
 62.0s| 11300 |  7497 | 62976 |   5.6 |   139M |  51 |4020 |2751 | 203 |2677 |  2 |7431 |1337 | 6.927793e+04 | 6.926698e+04 |   0.02%|  30.61%
 63.0s| 11400 |  7567 | 63487 |   5.6 |   139M |  51 |4020 |2683 | 205 |2688 |  1 |7468 |1338 | 6.927793e+04 | 6.926698e+04 |   0.02%|  30.61%
 63.0s| 11500 |  7621 | 64016 |   5.6 |   139M |  51 |4020 |2657 | 204 |2698 |  1 |7518 |1338 | 6.927793e+04 | 6.926698e+04 |   0.02%|  30.61%
 63.0s| 11600 |  7702 | 64519 |   5.5 |   139M |  51 |4020 |2524 | 201 |2715 |  1 |7549 |1338 | 6.927793e+04 | 6.926698e+04 |   0.02%|  30.61%
 64.0s| 11700 |  7751 | 64962 |   5.5 |   139M |  51 |4020 |2500 | 203 |2730 |  1 |7590 |1339 | 6.927792e+04 | 6.926698e+04 |   0.02%|  30.61%
 64.0s| 11800 |  7802 | 65470 |   5.5 |   139M |  51 |4020 |2465 | 208 |2745 |  1 |7626 |1341 | 6.927792e+04 | 6.926698e+04 |   0.02%|  30.61%
 64.0s| 11900 |  7848 | 65954 |   5.5 |   139M |  51 |4020 |2474 | 209 |2762 |  1 |7676 |1341 | 6.927792e+04 | 6.926698e+04 |   0.02%|  30.61%
 time | node  | left  |LP iter|LP it/n|mem/heur|mdpt |vars |cons |rows |cuts |sepa|confs|strbr|  dualbound   | primalbound  |  gap   | compl. 
 65.0s| 12000 |  7901 | 66475 |   5.5 |   139M |  51 |4020 |2443 | 209 |2788 |  1 |7725 |1341 | 6.927792e+04 | 6.926698e+04 |   0.02%|  30.61%
 65.0s| 12100 |  7985 | 67019 |   5.5 |   140M |  51 |4020 |2421 | 207 |2804 |  1 |7766 |1341 | 6.927792e+04 | 6.926698e+04 |   0.02%|  30.61%
 66.0s| 12200 |  8045 | 67400 |   5.5 |   140M |  51 |4020 |2452 | 211 |2841 |  1 |7846 |1343 | 6.927792e+04 | 6.926698e+04 |   0.02%|  30.61%
 66.0s| 12300 |  8111 | 67820 |   5.5 |   140M |  51 |4020 |2484 |   0 |2854 |  0 |7936 |1348 | 6.927792e+04 | 6.926698e+04 |   0.02%|  30.61%
 66.0s| 12400 |  8147 | 68233 |   5.5 |   140M |  51 |4020 |2441 | 203 |2858 |  1 |7952 |1348 | 6.927792e+04 | 6.926698e+04 |   0.02%|  30.61%
 67.0s| 12500 |  8189 | 68563 |   5.5 |   140M |  51 |4020 |2401 | 207 |2863 |  1 |7978 |1351 | 6.927792e+04 | 6.926698e+04 |   0.02%|  30.61%
 67.0s| 12600 |  8218 | 68852 |   5.5 |   141M |  51 |4020 |2421 | 207 |2865 |  1 |8023 |1354 | 6.927792e+04 | 6.926698e+04 |   0.02%|  30.61%
 67.0s| 12700 |  8267 | 69284 |   5.4 |   142M |  51 |4020 |2386 |   0 |2880 |  0 |8060 |1354 | 6.927792e+04 | 6.926698e+04 |   0.02%|  30.61%
 68.0s| 12800 |  8316 | 69700 |   5.4 |   142M |  51 |4020 |2359 | 208 |2899 |  1 |8081 |1354 | 6.927792e+04 | 6.926698e+04 |   0.02%|  30.62%
 68.0s| 12900 |  8350 | 70000 |   5.4 |   142M |  51 |4020 |2308 |   0 |2905 |  0 |8098 |1356 | 6.927792e+04 | 6.926698e+04 |   0.02%|  30.62%
 68.0s| 13000 |  8390 | 70403 |   5.4 |   142M |  51 |4020 |2293 | 203 |2915 |  2 |8136 |1356 | 6.927792e+04 | 6.926698e+04 |   0.02%|  30.62%
 69.0s| 13100 |  8427 | 70800 |   5.4 |   142M |  51 |4020 |2263 | 212 |2930 |  1 |8162 |1357 | 6.927792e+04 | 6.926698e+04 |   0.02%|  30.62%
 69.0s| 13200 |  8503 | 71306 |   5.4 |   142M |  51 |4020 |2228 | 209 |2941 |  3 |8229 |1357 | 6.927791e+04 | 6.926698e+04 |   0.02%|  30.62%
 69.0s| 13300 |  8541 | 71703 |   5.4 |   142M |  51 |4020 |2218 | 207 |2951 |  0 |8270 |1358 | 6.927791e+04 | 6.926698e+04 |   0.02%|  30.62%
 70.0s| 13400 |  8592 | 72099 |   5.4 |   142M |  51 |4020 |2204 | 212 |2962 |  1 |8299 |1358 | 6.927791e+04 | 6.926698e+04 |   0.02%|  30.62%
 time | node  | left  |LP iter|LP it/n|mem/heur|mdpt |vars |cons |rows |cuts |sepa|confs|strbr|  dualbound   | primalbound  |  gap   | compl. 
 70.0s| 13500 |  8664 | 72609 |   5.4 |   142M |  51 |4020 |2141 |   0 |2975 |  0 |8318 |1358 | 6.927791e+04 | 6.926698e+04 |   0.02%|  30.62%
 70.0s| 13600 |  8684 | 72920 |   5.4 |   142M |  51 |4020 |2134 |   0 |2979 |  0 |8352 |1360 | 6.927791e+04 | 6.926698e+04 |   0.02%|  30.62%
 70.0s| 13700 |  8717 | 73284 |   5.3 |   142M |  51 |4020 |2099 |   0 |2987 |  0 |8372 |1360 | 6.927791e+04 | 6.926698e+04 |   0.02%|  30.62%
 71.0s| 13800 |  8763 | 73665 |   5.3 |   142M |  51 |4020 |2078 | 211 |2991 |  1 |8400 |1362 | 6.927791e+04 | 6.926698e+04 |   0.02%|  30.62%
 71.0s| 13900 |  8825 | 74145 |   5.3 |   142M |  51 |4020 |2076 |   0 |3022 |  0 |8448 |1371 | 6.927791e+04 | 6.926698e+04 |   0.02%|  30.62%
 72.0s| 14000 |  8871 | 74624 |   5.3 |   142M |  51 |4020 |2087 |   0 |3033 |  0 |8495 |1371 | 6.927791e+04 | 6.926698e+04 |   0.02%|  30.62%
 72.0s| 14100 |  8922 | 75026 |   5.3 |   142M |  51 |4020 |2047 | 202 |3042 |  1 |8526 |1372 | 6.927791e+04 | 6.926698e+04 |   0.02%|  30.62%
 72.0s| 14200 |  8982 | 75399 |   5.3 |   142M |  51 |4020 |2046 | 209 |3054 |  1 |8580 |1374 | 6.927791e+04 | 6.926698e+04 |   0.02%|  30.62%
 72.0s| 14300 |  8999 | 75672 |   5.3 |   142M |  51 |4020 |2034 | 213 |3062 |  1 |8588 |1374 | 6.927791e+04 | 6.926698e+04 |   0.02%|  30.62%
 73.0s| 14400 |  9014 | 75917 |   5.3 |   143M |  51 |4020 |2040 | 206 |3090 |  1 |8606 |1380 | 6.927791e+04 | 6.926698e+04 |   0.02%|  30.62%
 73.0s| 14500 |  9083 | 76332 |   5.3 |   143M |  51 |4020 |2126 | 211 |3101 |  2 |8714 |1382 | 6.927790e+04 | 6.926698e+04 |   0.02%|  30.62%
 74.0s| 14600 |  9123 | 76760 |   5.2 |   143M |  51 |4020 |2202 | 212 |3123 |  1 |8800 |1382 | 6.927790e+04 | 6.926698e+04 |   0.02%|  30.62%
 74.0s| 14700 |  9182 | 77171 |   5.2 |   143M |  51 |4020 |2114 | 204 |3129 |  1 |8832 |1382 | 6.927790e+04 | 6.926698e+04 |   0.02%|  30.62%
 75.0s| 14800 |  9280 | 77815 |   5.2 |   143M |  51 |4020 |2117 | 206 |3145 |  1 |8889 |1382 | 6.927790e+04 | 6.926698e+04 |   0.02%|  30.62%
 75.0s| 14900 |  9365 | 78269 |   5.2 |   143M |  51 |4020 |2112 | 205 |3150 |  1 |8973 |1382 | 6.927790e+04 | 6.926698e+04 |   0.02%|  30.62%
 time | node  | left  |LP iter|LP it/n|mem/heur|mdpt |vars |cons |rows |cuts |sepa|confs|strbr|  dualbound   | primalbound  |  gap   | compl. 
 75.0s| 15000 |  9424 | 78834 |   5.2 |   144M |  51 |4020 |2057 | 211 |3168 |  1 |9017 |1384 | 6.927790e+04 | 6.926698e+04 |   0.02%|  30.62%
 76.0s| 15100 |  9492 | 79249 |   5.2 |   144M |  51 |4020 |1993 | 208 |3189 |  1 |9053 |1384 | 6.927790e+04 | 6.926698e+04 |   0.02%|  30.62%
 76.0s| 15200 |  9531 | 79598 |   5.2 |   144M |  51 |4020 |1977 | 209 |3221 |  1 |9086 |1384 | 6.927790e+04 | 6.926698e+04 |   0.02%|  30.62%
 77.0s| 15300 |  9588 | 80085 |   5.2 |   144M |  51 |4020 |1979 | 202 |3224 |  2 |9158 |1384 | 6.927790e+04 | 6.926698e+04 |   0.02%|  30.62%
 77.0s| 15400 |  9632 | 80445 |   5.2 |   144M |  51 |4020 |1968 |   0 |3227 |  0 |9204 |1386 | 6.927790e+04 | 6.926698e+04 |   0.02%|  30.62%
 77.0s| 15500 |  9682 | 80889 |   5.2 |   144M |  51 |4020 |1928 | 209 |3231 |  1 |9240 |1386 | 6.927790e+04 | 6.926698e+04 |   0.02%|  30.62%
 78.0s| 15600 |  9752 | 81407 |   5.2 |   144M |  51 |4020 |1885 | 208 |3241 |  1 |9269 |1386 | 6.927790e+04 | 6.926698e+04 |   0.02%|  30.62%
 78.0s| 15700 |  9811 | 81900 |   5.2 |   144M |  51 |4020 |1857 | 208 |3248 |  1 |9303 |1387 | 6.927790e+04 | 6.926698e+04 |   0.02%|  30.62%
 78.0s| 15800 |  9860 | 82254 |   5.2 |   144M |  51 |4020 |1832 |   0 |3250 |  0 |9344 |1388 | 6.927790e+04 | 6.926698e+04 |   0.02%|  30.62%
 79.0s| 15900 |  9881 | 82454 |   5.2 |   144M |  51 |4020 |1833 | 204 |3256 |  1 |9370 |1389 | 6.927790e+04 | 6.926698e+04 |   0.02%|  30.62%
 79.0s| 16000 |  9923 | 82780 |   5.2 |   144M |  51 |4020 |1853 | 205 |3268 |  1 |9436 |1390 | 6.927790e+04 | 6.926698e+04 |   0.02%|  30.62%
 80.0s| 16100 |  9991 | 83312 |   5.2 |   145M |  51 |4020 |1863 |   0 |3280 |  0 |9525 |1393 | 6.927790e+04 | 6.926698e+04 |   0.02%|  30.62%
 80.0s| 16200 | 10033 | 83577 |   5.1 |   145M |  51 |4020 |1835 |   0 |3284 |  0 |9533 |1393 | 6.927790e+04 | 6.926698e+04 |   0.02%|  30.62%
 80.0s| 16300 | 10107 | 84173 |   5.2 |   145M |  51 |4020 |1725 |   0 |3308 |  0 |9554 |1393 | 6.927790e+04 | 6.926698e+04 |   0.02%|  30.62%
 81.0s| 16400 | 10164 | 84647 |   5.2 |   145M |  51 |4020 |1688 | 206 |3318 |  1 |9592 |1393 | 6.927790e+04 | 6.926698e+04 |   0.02%|  30.62%
 time | node  | left  |LP iter|LP it/n|mem/heur|mdpt |vars |cons |rows |cuts |sepa|confs|strbr|  dualbound   | primalbound  |  gap   | compl. 
 81.0s| 16500 | 10202 | 85050 |   5.1 |   145M |  51 |4020 |1661 | 205 |3320 |  1 |9612 |1393 | 6.927790e+04 | 6.926698e+04 |   0.02%|  30.63%
 81.0s| 16600 | 10236 | 85498 |   5.1 |   145M |  51 |4020 |1634 | 203 |3325 |  2 |9638 |1393 | 6.927790e+04 | 6.926698e+04 |   0.02%|  30.63%
 81.0s| 16700 | 10278 | 85927 |   5.1 |   145M |  51 |4020 |1568 |   0 |3336 |  0 |9681 |1394 | 6.927790e+04 | 6.926698e+04 |   0.02%|  30.63%
 82.0s| 16800 | 10317 | 86454 |   5.1 |   145M |  51 |4020 |1521 | 205 |3347 |  2 |9715 |1395 | 6.927790e+04 | 6.926698e+04 |   0.02%|  30.63%
 82.0s| 16900 | 10365 | 86784 |   5.1 |   146M |  51 |4020 |1550 | 205 |3349 |  1 |9776 |1395 | 6.927790e+04 | 6.926698e+04 |   0.02%|  30.63%
 83.0s| 17000 | 10443 | 87230 |   5.1 |   146M |  51 |4020 |1544 | 203 |3366 |  1 |9838 |1396 | 6.927790e+04 | 6.926698e+04 |   0.02%|  30.63%
 83.0s| 17100 | 10513 | 87651 |   5.1 |   146M |  51 |4020 |1493 | 204 |3370 |  1 |9879 |1397 | 6.927789e+04 | 6.926698e+04 |   0.02%|  30.63%
 83.0s| 17200 | 10570 | 88005 |   5.1 |   147M |  51 |4020 |1520 | 206 |3372 |  0 |9925 |1399 | 6.927789e+04 | 6.926698e+04 |   0.02%|  30.63%
 84.0s| 17300 | 10608 | 88356 |   5.1 |   147M |  51 |4020 |1516 |   0 |3375 |  0 |9965 |1404 | 6.927789e+04 | 6.926698e+04 |   0.02%|  30.63%
 84.0s| 17400 | 10654 | 88787 |   5.1 |   147M |  51 |4020 |1548 | 208 |3382 |  1 |  10k|1405 | 6.927789e+04 | 6.926698e+04 |   0.02%|  30.63%
 84.0s| 17500 | 10700 | 89264 |   5.1 |   147M |  51 |4020 |1569 | 204 |3399 |  1 |  10k|1408 | 6.927789e+04 | 6.926698e+04 |   0.02%|  30.63%
 85.0s| 17600 | 10756 | 89702 |   5.1 |   147M |  51 |4020 |1548 | 205 |3424 |  2 |  10k|1409 | 6.927789e+04 | 6.926698e+04 |   0.02%|  30.63%
 85.0s| 17700 | 10803 | 90090 |   5.1 |   147M |  51 |4020 |1550 | 205 |3434 |  1 |  10k|1410 | 6.927789e+04 | 6.926698e+04 |   0.02%|  30.63%
 86.0s| 17800 | 10879 | 90634 |   5.1 |   147M |  51 |4020 |1496 | 204 |3446 |  1 |  10k|1411 | 6.927789e+04 | 6.926698e+04 |   0.02%|  30.63%
 86.0s| 17900 | 10957 | 91173 |   5.1 |   147M |  51 |4020 |1503 |   0 |3454 |  0 |  10k|1411 | 6.927789e+04 | 6.926698e+04 |   0.02%|  30.63%
 time | node  | left  |LP iter|LP it/n|mem/heur|mdpt |vars |cons |rows |cuts |sepa|confs|strbr|  dualbound   | primalbound  |  gap   | compl. 
 87.0s| 18000 | 11023 | 91614 |   5.1 |   147M |  51 |4020 |1483 | 204 |3457 |  1 |  10k|1412 | 6.927789e+04 | 6.926698e+04 |   0.02%|  30.64%
 87.0s| 18100 | 11072 | 92080 |   5.1 |   147M |  51 |4020 |1442 | 208 |3469 |  1 |  10k|1413 | 6.927789e+04 | 6.926698e+04 |   0.02%|  30.64%
 88.0s| 18200 | 11131 | 92460 |   5.1 |   147M |  51 |4020 |1457 | 209 |3471 |  1 |  10k|1424 | 6.927789e+04 | 6.926698e+04 |   0.02%|  30.64%
 88.0s| 18300 | 11172 | 92750 |   5.1 |   147M |  51 |4020 |1438 | 206 |3476 |  0 |  10k|1428 | 6.927789e+04 | 6.926698e+04 |   0.02%|  30.64%
 88.0s| 18400 | 11222 | 93040 |   5.0 |   147M |  51 |4020 |1402 | 204 |3481 |  2 |  10k|1431 | 6.927789e+04 | 6.926698e+04 |   0.02%|  30.64%
 89.0s| 18500 | 11275 | 93427 |   5.0 |   147M |  51 |4020 |1380 | 207 |3485 |  2 |  10k|1433 | 6.927789e+04 | 6.926698e+04 |   0.02%|  30.64%
 89.0s| 18600 | 11329 | 93871 |   5.0 |   147M |  51 |4020 |1349 | 203 |3492 |  1 |  10k|1433 | 6.927789e+04 | 6.926698e+04 |   0.02%|  30.64%
 89.0s| 18700 | 11399 | 94353 |   5.0 |   147M |  51 |4020 |1347 | 204 |3499 |  1 |  10k|1434 | 6.927789e+04 | 6.926698e+04 |   0.02%|  30.64%
 90.0s| 18800 | 11458 | 94724 |   5.0 |   147M |  51 |4020 |1347 | 205 |3511 |  1 |  10k|1435 | 6.927789e+04 | 6.926698e+04 |   0.02%|  30.64%
 90.0s| 18900 | 11532 | 95270 |   5.0 |   148M |  51 |4020 |1337 | 205 |3518 |  1 |  10k|1435 | 6.927789e+04 | 6.926698e+04 |   0.02%|  30.64%
 91.0s| 19000 | 11605 | 95769 |   5.0 |   148M |  51 |4020 |1352 |   0 |3527 |  0 |  10k|1435 | 6.927789e+04 | 6.926698e+04 |   0.02%|  30.64%
 91.0s| 19100 | 11634 | 96130 |   5.0 |   148M |  51 |4020 |1369 |   0 |3551 |  0 |  10k|1437 | 6.927789e+04 | 6.926698e+04 |   0.02%|  30.64%
 92.0s| 19200 | 11685 | 96635 |   5.0 |   148M |  51 |4020 |1346 | 210 |3567 |  1 |  10k|1440 | 6.927789e+04 | 6.926698e+04 |   0.02%|  30.64%
 92.0s| 19300 | 11725 | 96965 |   5.0 |   149M |  51 |4020 |1358 |   0 |3575 |  0 |  10k|1440 | 6.927789e+04 | 6.926698e+04 |   0.02%|  30.64%
 93.0s| 19400 | 11801 | 97468 |   5.0 |   149M |  51 |4020 |1329 | 206 |3584 |  1 |  10k|1440 | 6.927789e+04 | 6.926698e+04 |   0.02%|  30.64%
 time | node  | left  |LP iter|LP it/n|mem/heur|mdpt |vars |cons |rows |cuts |sepa|confs|strbr|  dualbound   | primalbound  |  gap   | compl. 
 93.0s| 19500 | 11875 | 97948 |   5.0 |   149M |  51 |4020 |1356 | 207 |3589 |  1 |  11k|1440 | 6.927789e+04 | 6.926698e+04 |   0.02%|  30.64%
 93.0s| 19600 | 11917 | 98403 |   5.0 |   150M |  51 |4020 |1356 | 207 |3596 |  1 |  11k|1440 | 6.927788e+04 | 6.926698e+04 |   0.02%|  30.64%
 94.0s| 19700 | 11972 | 98854 |   5.0 |   150M |  51 |4020 |1369 | 206 |3607 |  1 |  11k|1442 | 6.927788e+04 | 6.926698e+04 |   0.02%|  30.65%
 94.0s| 19800 | 12028 | 99300 |   5.0 |   150M |  51 |4020 |1373 | 205 |3620 |  1 |  11k|1442 | 6.927788e+04 | 6.926698e+04 |   0.02%|  30.66%
 94.0s| 19900 | 12078 | 99784 |   5.0 |   150M |  51 |4020 |1388 | 205 |3621 |  2 |  11k|1445 | 6.927788e+04 | 6.926698e+04 |   0.02%|  30.66%
 95.0s| 20000 | 12142 |100217 |   5.0 |   150M |  51 |4020 |1379 | 202 |3625 |  1 |  11k|1445 | 6.927788e+04 | 6.926698e+04 |   0.02%|  30.66%
 95.0s| 20100 | 12208 |100628 |   5.0 |   150M |  51 |4020 |1395 |   0 |3636 |  0 |  11k|1445 | 6.927788e+04 | 6.926698e+04 |   0.02%|  30.66%
 95.0s| 20200 | 12279 |101140 |   5.0 |   150M |  51 |4020 |1398 | 205 |3643 |  1 |  11k|1448 | 6.927788e+04 | 6.926698e+04 |   0.02%|  30.66%
 96.0s| 20300 | 12344 |101644 |   5.0 |   151M |  51 |4020 |1414 | 205 |3652 |  2 |  11k|1448 | 6.927788e+04 | 6.926698e+04 |   0.02%|  30.66%
 96.0s| 20400 | 12432 |102293 |   5.0 |   151M |  51 |4020 |1433 | 205 |3656 |  1 |  11k|1448 | 6.927788e+04 | 6.926698e+04 |   0.02%|  30.66%
 97.0s| 20500 | 12514 |102860 |   5.0 |   151M |  51 |4020 |1437 | 205 |3668 |  1 |  11k|1448 | 6.927788e+04 | 6.926698e+04 |   0.02%|  30.66%
 97.0s| 20600 | 12590 |103528 |   5.0 |   151M |  51 |4020 |1434 | 206 |3675 |  1 |  11k|1449 | 6.927788e+04 | 6.926698e+04 |   0.02%|  30.66%
 98.0s| 20700 | 12644 |103939 |   5.0 |   151M |  51 |4020 |1429 | 205 |3675 |  1 |  11k|1449 | 6.927788e+04 | 6.926698e+04 |   0.02%|  30.66%
 98.0s| 20800 | 12705 |104445 |   5.0 |   151M |  51 |4020 |1487 | 204 |3677 |  1 |  11k|1449 | 6.927788e+04 | 6.926698e+04 |   0.02%|  30.66%
 98.0s| 20900 | 12761 |104979 |   5.0 |   151M |  51 |4020 |1468 | 204 |3677 |  1 |  11k|1450 | 6.927788e+04 | 6.926698e+04 |   0.02%|  30.66%
 time | node  | left  |LP iter|LP it/n|mem/heur|mdpt |vars |cons |rows |cuts |sepa|confs|strbr|  dualbound   | primalbound  |  gap   | compl. 
 99.0s| 21000 | 12841 |105448 |   5.0 |   151M |  51 |4020 |1498 | 210 |3690 |  1 |  11k|1450 | 6.927788e+04 | 6.926698e+04 |   0.02%|  30.66%
 99.0s| 21100 | 12923 |106043 |   5.0 |   153M |  51 |4020 |1585 | 203 |3696 |  1 |  11k|1450 | 6.927788e+04 | 6.926698e+04 |   0.02%|  30.66%
  100s| 21200 | 13003 |106449 |   5.0 |   153M |  51 |4020 |1582 | 205 |3700 |  1 |  11k|1450 | 6.927788e+04 | 6.926698e+04 |   0.02%|  30.66%
  100s| 21300 | 13075 |106969 |   5.0 |   153M |  51 |4020 |1535 | 207 |3717 |  1 |  12k|1450 | 6.927788e+04 | 6.926698e+04 |   0.02%|  30.66%
  101s| 21400 | 13151 |107507 |   5.0 |   153M |  51 |4020 |1526 |   0 |3721 |  0 |  12k|1451 | 6.927788e+04 | 6.926698e+04 |   0.02%|  30.66%
  101s| 21500 | 13209 |108012 |   5.0 |   153M |  51 |4020 |1481 | 206 |3729 |  1 |  12k|1451 | 6.927788e+04 | 6.926698e+04 |   0.02%|  30.66%
  101s| 21600 | 13250 |108276 |   5.0 |   153M |  51 |4020 |1482 | 204 |3735 |  1 |  12k|1451 | 6.927788e+04 | 6.926698e+04 |   0.02%|  30.66%
  102s| 21700 | 13312 |108692 |   5.0 |   153M |  51 |4020 |1443 | 204 |3740 |  1 |  12k|1451 | 6.927788e+04 | 6.926698e+04 |   0.02%|  30.66%
  102s| 21800 | 13369 |108925 |   5.0 |   154M |  51 |4020 |1480 | 202 |3740 |  1 |  12k|1451 | 6.927788e+04 | 6.926698e+04 |   0.02%|  30.66%
  102s| 21900 | 13395 |109122 |   5.0 |   154M |  51 |4020 |1511 | 205 |3740 |  2 |  12k|1452 | 6.927788e+04 | 6.926698e+04 |   0.02%|  30.66%
  102s| 22000 | 13432 |109619 |   5.0 |   154M |  51 |4020 |1444 | 212 |3748 |  1 |  12k|1453 | 6.927788e+04 | 6.926698e+04 |   0.02%|  30.66%
  103s| 22100 | 13503 |110184 |   5.0 |   154M |  51 |4020 |1357 | 210 |3763 |  1 |  12k|1453 | 6.927788e+04 | 6.926698e+04 |   0.02%|  30.66%
  103s| 22200 | 13573 |110690 |   5.0 |   154M |  51 |4020 |1331 | 201 |3782 |  1 |  12k|1453 | 6.927788e+04 | 6.926698e+04 |   0.02%|  30.67%
  104s| 22300 | 13645 |111152 |   5.0 |   154M |  51 |4020 |1308 | 208 |3793 |  1 |  12k|1453 | 6.927788e+04 | 6.926698e+04 |   0.02%|  30.67%
  104s| 22400 | 13697 |111517 |   5.0 |   154M |  51 |4020 |1265 |   0 |3796 |  0 |  12k|1453 | 6.927788e+04 | 6.926698e+04 |   0.02%|  30.67%
 time | node  | left  |LP iter|LP it/n|mem/heur|mdpt |vars |cons |rows |cuts |sepa|confs|strbr|  dualbound   | primalbound  |  gap   | compl. 
  104s| 22500 | 13753 |111962 |   5.0 |   155M |  51 |4020 |1254 |   0 |3802 |  0 |  12k|1453 | 6.927788e+04 | 6.926698e+04 |   0.02%|  30.67%
  104s| 22600 | 13803 |112320 |   5.0 |   155M |  51 |4020 |1251 |   0 |3803 |  0 |  12k|1453 | 6.927787e+04 | 6.926698e+04 |   0.02%|  30.67%
  105s| 22700 | 13857 |112859 |   5.0 |   155M |  51 |4020 |1227 | 206 |3809 |  1 |  12k|1453 | 6.927787e+04 | 6.926698e+04 |   0.02%|  30.67%
  105s| 22800 | 13921 |113302 |   5.0 |   155M |  51 |4020 |1208 | 203 |3812 |  1 |  12k|1453 | 6.927787e+04 | 6.926698e+04 |   0.02%|  30.67%
  105s| 22900 | 13983 |113713 |   5.0 |   155M |  51 |4020 |1163 | 203 |3822 |  1 |  12k|1453 | 6.927787e+04 | 6.926698e+04 |   0.02%|  30.67%
  106s| 23000 | 14069 |114305 |   5.0 |   156M |  51 |4020 |1081 | 203 |3831 |  1 |  12k|1453 | 6.927787e+04 | 6.926698e+04 |   0.02%|  30.67%
  106s| 23100 | 14121 |114942 |   5.0 |   157M |  51 |4020 |1076 | 204 |3838 |  1 |  12k|1454 | 6.927787e+04 | 6.926698e+04 |   0.02%|  30.67%
  106s| 23200 | 14179 |115449 |   5.0 |   157M |  51 |4020 |1095 | 207 |3852 |  1 |  12k|1456 | 6.927787e+04 | 6.926698e+04 |   0.02%|  30.67%
  107s| 23300 | 14263 |116047 |   5.0 |   157M |  51 |4020 |1033 | 203 |3865 |  1 |  12k|1456 | 6.927787e+04 | 6.926698e+04 |   0.02%|  30.67%
  107s| 23400 | 14325 |116545 |   5.0 |   157M |  51 |4020 |1014 | 207 |3891 |  1 |  12k|1456 | 6.927787e+04 | 6.926698e+04 |   0.02%|  30.67%
  108s| 23500 | 14376 |117040 |   5.0 |   157M |  51 |4020 |1008 | 207 |3897 |  1 |  12k|1456 | 6.927787e+04 | 6.926698e+04 |   0.02%|  30.67%
  108s| 23600 | 14423 |117537 |   5.0 |   157M |  51 |4020 | 991 | 208 |3911 |  2 |  12k|1456 | 6.927787e+04 | 6.926698e+04 |   0.02%|  30.67%
  108s| 23700 | 14478 |117981 |   5.0 |   157M |  51 |4020 | 992 | 208 |3921 |  2 |  12k|1456 | 6.927787e+04 | 6.926698e+04 |   0.02%|  30.67%
  109s| 23800 | 14526 |118386 |   5.0 |   157M |  51 |4020 |1014 |   0 |3924 |  0 |  13k|1456 | 6.927787e+04 | 6.926698e+04 |   0.02%|  30.67%
  109s| 23900 | 14553 |118643 |   5.0 |   157M |  51 |4020 |1018 | 207 |3924 |  1 |  13k|1457 | 6.927787e+04 | 6.926698e+04 |   0.02%|  30.67%
 time | node  | left  |LP iter|LP it/n|mem/heur|mdpt |vars |cons |rows |cuts |sepa|confs|strbr|  dualbound   | primalbound  |  gap   | compl. 
  109s| 24000 | 14602 |119057 |   5.0 |   157M |  51 |4020 | 998 | 205 |3935 |  1 |  13k|1457 | 6.927787e+04 | 6.926698e+04 |   0.02%|  30.67%
  109s| 24100 | 14648 |119447 |   4.9 |   157M |  51 |4020 | 992 |   0 |3941 |  0 |  13k|1458 | 6.927787e+04 | 6.926698e+04 |   0.02%|  30.67%
  110s| 24200 | 14700 |119954 |   5.0 |   157M |  51 |4020 | 980 | 203 |3948 |  2 |  13k|1459 | 6.927787e+04 | 6.926698e+04 |   0.02%|  30.67%
  110s| 24300 | 14743 |120347 |   4.9 |   157M |  51 |4020 | 992 | 203 |3954 |  1 |  13k|1461 | 6.927787e+04 | 6.926698e+04 |   0.02%|  30.67%
  110s| 24400 | 14795 |120704 |   4.9 |   159M |  51 |4020 |1049 | 203 |3958 |  1 |  13k|1461 | 6.927787e+04 | 6.926698e+04 |   0.02%|  30.67%
  111s| 24500 | 14871 |121285 |   4.9 |   159M |  51 |4020 |1058 | 206 |3980 |  1 |  13k|1461 | 6.927787e+04 | 6.926698e+04 |   0.02%|  30.67%
  111s| 24600 | 14898 |121665 |   4.9 |   160M |  51 |4020 |1082 |   0 |3988 |  0 |  13k|1466 | 6.927787e+04 | 6.926698e+04 |   0.02%|  30.67%
  111s| 24700 | 14940 |122088 |   4.9 |   160M |  51 |4020 |1116 | 202 |4007 |  2 |  13k|1470 | 6.927787e+04 | 6.926698e+04 |   0.02%|  30.67%
  112s| 24800 | 14990 |122523 |   4.9 |   160M |  51 |4020 |1138 |   0 |4019 |  0 |  13k|1471 | 6.927787e+04 | 6.926698e+04 |   0.02%|  30.68%
  112s| 24900 | 15030 |122962 |   4.9 |   160M |  51 |4020 |1113 |   0 |4046 |  0 |  13k|1471 | 6.927787e+04 | 6.926698e+04 |   0.02%|  30.68%
  112s| 25000 | 15120 |123486 |   4.9 |   160M |  51 |4020 |1112 | 207 |4049 |  1 |  13k|1471 | 6.927787e+04 | 6.926698e+04 |   0.02%|  30.68%
  113s| 25100 | 15184 |123909 |   4.9 |   161M |  51 |4020 |1086 | 206 |4054 |  1 |  13k|1471 | 6.927787e+04 | 6.926698e+04 |   0.02%|  30.68%
  113s| 25200 | 15231 |124261 |   4.9 |   161M |  51 |4020 |1113 | 205 |4057 |  1 |  13k|1471 | 6.927787e+04 | 6.926698e+04 |   0.02%|  30.68%
  113s| 25300 | 15259 |124503 |   4.9 |   161M |  51 |4020 |1132 | 205 |4057 |  1 |  13k|1471 | 6.927787e+04 | 6.926698e+04 |   0.02%|  30.68%
  113s| 25400 | 15302 |124854 |   4.9 |   162M |  51 |4020 |1154 |   0 |4059 |  0 |  13k|1471 | 6.927787e+04 | 6.926698e+04 |   0.02%|  30.68%
 time | node  | left  |LP iter|LP it/n|mem/heur|mdpt |vars |cons |rows |cuts |sepa|confs|strbr|  dualbound   | primalbound  |  gap   | compl. 
  114s| 25500 | 15336 |125126 |   4.9 |   162M |  51 |4020 |1165 | 206 |4061 |  1 |  13k|1471 | 6.927787e+04 | 6.926698e+04 |   0.02%|  30.68%
  114s| 25600 | 15371 |125417 |   4.9 |   162M |  51 |4020 |1190 | 206 |4067 |  1 |  13k|1471 | 6.927787e+04 | 6.926698e+04 |   0.02%|  30.68%
  114s| 25700 | 15431 |125881 |   4.9 |   162M |  51 |4020 |1153 |   0 |4071 |  0 |  13k|1472 | 6.927787e+04 | 6.926698e+04 |   0.02%|  30.68%
  115s| 25800 | 15520 |126526 |   4.9 |   162M |  51 |4020 |1164 | 202 |4080 |  1 |  13k|1472 | 6.927787e+04 | 6.926698e+04 |   0.02%|  30.68%
  115s| 25900 | 15563 |127069 |   4.9 |   162M |  51 |4020 |1146 | 207 |4082 |  1 |  13k|1472 | 6.927787e+04 | 6.926698e+04 |   0.02%|  30.68%
  115s| 26000 | 15643 |127653 |   4.9 |   162M |  51 |4020 |1127 | 202 |4089 |  1 |  13k|1472 | 6.927787e+04 | 6.926698e+04 |   0.02%|  30.68%
  116s| 26100 | 15719 |128260 |   4.9 |   162M |  51 |4020 |1103 | 203 |4097 |  1 |  13k|1473 | 6.927787e+04 | 6.926698e+04 |   0.02%|  30.68%
  116s| 26200 | 15778 |128850 |   4.9 |   162M |  51 |4020 |1104 | 202 |4098 |  0 |  13k|1474 | 6.927787e+04 | 6.926698e+04 |   0.02%|  30.68%
  116s| 26300 | 15840 |129400 |   4.9 |   163M |  51 |4020 |1065 | 203 |4102 |  1 |  14k|1474 | 6.927787e+04 | 6.926698e+04 |   0.02%|  30.68%
  117s| 26400 | 15889 |129801 |   4.9 |   163M |  51 |4020 |1092 | 204 |4103 |  1 |  14k|1474 | 6.927787e+04 | 6.926698e+04 |   0.02%|  30.68%
  117s| 26500 | 15961 |130294 |   4.9 |   163M |  51 |4020 |1126 | 202 |4106 |  1 |  14k|1474 | 6.927787e+04 | 6.926698e+04 |   0.02%|  30.68%
  117s| 26600 | 16011 |130722 |   4.9 |   163M |  51 |4020 |1177 | 207 |4116 |  1 |  14k|1477 | 6.927786e+04 | 6.926698e+04 |   0.02%|  30.68%
  118s| 26700 | 16049 |131153 |   4.9 |   163M |  51 |4020 |1167 | 204 |4145 |  1 |  14k|1481 | 6.927786e+04 | 6.926698e+04 |   0.02%|  30.68%
  118s| 26800 | 16101 |131620 |   4.9 |   163M |  51 |4020 |1154 |   0 |4148 |  0 |  14k|1481 | 6.927786e+04 | 6.926698e+04 |   0.02%|  30.68%
  119s| 26900 | 16137 |131990 |   4.9 |   163M |  51 |4020 |1176 | 207 |4153 |  1 |  14k|1482 | 6.927786e+04 | 6.926698e+04 |   0.02%|  30.68%
 time | node  | left  |LP iter|LP it/n|mem/heur|mdpt |vars |cons |rows |cuts |sepa|confs|strbr|  dualbound   | primalbound  |  gap   | compl. 
  119s| 27000 | 16196 |132586 |   4.9 |   163M |  51 |4020 |1152 | 204 |4157 |  2 |  14k|1483 | 6.927786e+04 | 6.926698e+04 |   0.02%|  30.68%
  119s| 27100 | 16264 |133113 |   4.9 |   163M |  51 |4020 |1174 | 204 |4159 |  1 |  14k|1483 | 6.927786e+04 | 6.926698e+04 |   0.02%|  30.68%
  120s| 27200 | 16332 |133592 |   4.9 |   164M |  51 |4020 |1171 |   0 |4176 |  0 |  14k|1483 | 6.927786e+04 | 6.926698e+04 |   0.02%|  30.68%
  120s| 27300 | 16403 |134105 |   4.9 |   164M |  51 |4020 |1170 | 207 |4196 |  2 |  14k|1486 | 6.927786e+04 | 6.926698e+04 |   0.02%|  30.68%
  121s| 27400 | 16450 |134488 |   4.9 |   164M |  51 |4020 |1120 | 206 |4199 |  1 |  14k|1486 | 6.927786e+04 | 6.926698e+04 |   0.02%|  30.68%
  121s| 27500 | 16479 |134706 |   4.9 |   164M |  51 |4020 |1116 | 206 |4199 |  1 |  14k|1487 | 6.927786e+04 | 6.926698e+04 |   0.02%|  30.68%
  121s| 27600 | 16536 |135137 |   4.9 |   165M |  51 |4020 |1093 | 203 |4205 |  2 |  14k|1487 | 6.927786e+04 | 6.926698e+04 |   0.02%|  30.68%
  122s| 27700 | 16612 |135694 |   4.9 |   165M |  51 |4020 |1005 | 201 |4220 |  2 |  14k|1487 | 6.927786e+04 | 6.926698e+04 |   0.02%|  30.72%
  122s| 27800 | 16688 |136166 |   4.9 |   165M |  51 |4020 | 989 | 213 |4246 |  1 |  14k|1487 | 6.927786e+04 | 6.926698e+04 |   0.02%|  30.72%
  122s| 27900 | 16742 |136570 |   4.9 |   165M |  51 |4020 | 939 | 204 |4252 |  2 |  14k|1488 | 6.927786e+04 | 6.926698e+04 |   0.02%|  30.72%
  123s| 28000 | 16805 |137113 |   4.9 |   165M |  51 |4020 | 918 | 202 |4269 |  1 |  14k|1488 | 6.927786e+04 | 6.926698e+04 |   0.02%|  30.72%
  123s| 28100 | 16839 |137399 |   4.9 |   165M |  51 |4020 | 887 | 205 |4275 |  1 |  14k|1490 | 6.927786e+04 | 6.926698e+04 |   0.02%|  30.72%
  123s| 28200 | 16871 |137630 |   4.9 |   165M |  51 |4020 | 905 |   0 |4307 |  0 |  14k|1496 | 6.927786e+04 | 6.926698e+04 |   0.02%|  30.72%
  124s| 28300 | 16947 |138121 |   4.9 |   166M |  51 |4020 | 887 | 203 |4324 |  1 |  14k|1496 | 6.927786e+04 | 6.926698e+04 |   0.02%|  30.72%
  124s| 28400 | 16974 |138452 |   4.9 |   166M |  51 |4020 | 875 |   0 |4332 |  0 |  14k|1496 | 6.927786e+04 | 6.926698e+04 |   0.02%|  30.72%
 time | node  | left  |LP iter|LP it/n|mem/heur|mdpt |vars |cons |rows |cuts |sepa|confs|strbr|  dualbound   | primalbound  |  gap   | compl. 
  124s| 28500 | 17026 |138871 |   4.9 |   166M |  51 |4020 | 846 | 203 |4335 |  1 |  14k|1496 | 6.927786e+04 | 6.926698e+04 |   0.02%|  30.72%
  125s| 28600 | 17080 |139291 |   4.9 |   166M |  51 |4020 | 849 | 206 |4343 |  1 |  15k|1500 | 6.927786e+04 | 6.926698e+04 |   0.02%|  30.72%
  125s| 28700 | 17130 |139767 |   4.9 |   166M |  51 |4020 | 890 | 204 |4343 |  1 |  15k|1502 | 6.927786e+04 | 6.926698e+04 |   0.02%|  30.72%
  125s| 28800 | 17184 |140189 |   4.9 |   166M |  51 |4020 | 921 | 207 |4353 |  1 |  15k|1505 | 6.927786e+04 | 6.926698e+04 |   0.02%|  30.72%
  125s| 28900 | 17235 |140564 |   4.9 |   166M |  51 |4020 | 933 | 206 |4355 |  0 |  15k|1505 | 6.927786e+04 | 6.926698e+04 |   0.02%|  30.72%
  126s| 29000 | 17313 |141039 |   4.9 |   166M |  51 |4020 | 947 |   0 |4377 |  0 |  15k|1510 | 6.927786e+04 | 6.926698e+04 |   0.02%|  30.72%
  126s| 29100 | 17370 |141464 |   4.9 |   166M |  51 |4020 |1032 | 207 |4390 |  1 |  15k|1513 | 6.927786e+04 | 6.926698e+04 |   0.02%|  30.72%
  127s| 29200 | 17429 |141977 |   4.9 |   166M |  51 |4020 |1137 |   0 |4397 |  0 |  15k|1513 | 6.927786e+04 | 6.926698e+04 |   0.02%|  30.72%
  127s| 29300 | 17490 |142463 |   4.9 |   167M |  51 |4020 |1160 | 207 |4409 |  1 |  15k|1518 | 6.927786e+04 | 6.926698e+04 |   0.02%|  30.72%
  127s| 29400 | 17522 |142723 |   4.8 |   167M |  51 |4020 |1176 | 206 |4409 |  1 |  15k|1522 | 6.927786e+04 | 6.926698e+04 |   0.02%|  30.72%
  128s| 29500 | 17581 |143192 |   4.8 |   167M |  51 |4020 |1151 | 203 |4424 |  1 |  15k|1522 | 6.927786e+04 | 6.926698e+04 |   0.02%|  30.72%
  128s| 29600 | 17641 |143601 |   4.8 |   167M |  51 |4020 |1142 | 204 |4425 |  1 |  15k|1523 | 6.927786e+04 | 6.926698e+04 |   0.02%|  30.72%
  129s| 29700 | 17705 |144068 |   4.8 |   167M |  51 |4020 |1168 | 206 |4442 |  1 |  15k|1536 | 6.927786e+04 | 6.926698e+04 |   0.02%|  30.72%
  129s| 29800 | 17741 |144515 |   4.8 |   167M |  51 |4020 |1114 |   0 |4450 |  0 |  15k|1538 | 6.927786e+04 | 6.926698e+04 |   0.02%|  30.72%
  129s| 29900 | 17815 |145010 |   4.8 |   167M |  51 |4020 |1157 | 207 |4455 |  2 |  15k|1538 | 6.927786e+04 | 6.926698e+04 |   0.02%|  30.72%
 time | node  | left  |LP iter|LP it/n|mem/heur|mdpt |vars |cons |rows |cuts |sepa|confs|strbr|  dualbound   | primalbound  |  gap   | compl. 
  129s| 30000 | 17864 |145395 |   4.8 |   167M |  51 |4020 |1172 | 210 |4471 |  1 |  15k|1542 | 6.927786e+04 | 6.926698e+04 |   0.02%|  30.72%
  130s| 30100 | 17924 |145794 |   4.8 |   167M |  51 |4020 |1164 | 204 |4474 |  1 |  15k|1544 | 6.927786e+04 | 6.926698e+04 |   0.02%|  30.72%
  130s| 30200 | 17991 |146290 |   4.8 |   167M |  51 |4020 |1117 | 207 |4484 |  3 |  15k|1545 | 6.927786e+04 | 6.926698e+04 |   0.02%|  30.72%
  131s| 30300 | 18041 |146674 |   4.8 |   167M |  51 |4020 |1101 |   0 |4502 |  0 |  16k|1545 | 6.927786e+04 | 6.926698e+04 |   0.02%|  30.73%
  131s| 30400 | 18105 |147089 |   4.8 |   167M |  51 |4020 |1086 | 204 |4514 |  1 |  16k|1545 | 6.927786e+04 | 6.926698e+04 |   0.02%|  30.73%
  131s| 30500 | 18197 |147549 |   4.8 |   167M |  51 |4020 |1134 | 205 |4525 |  1 |  16k|1546 | 6.927786e+04 | 6.926698e+04 |   0.02%|  30.73%
  132s| 30600 | 18265 |147980 |   4.8 |   167M |  51 |4020 |1103 | 205 |4530 |  1 |  16k|1546 | 6.927785e+04 | 6.926698e+04 |   0.02%|  30.73%
  132s| 30700 | 18315 |148350 |   4.8 |   167M |  51 |4020 |1118 | 204 |4532 |  1 |  16k|1549 | 6.927785e+04 | 6.926698e+04 |   0.02%|  30.73%
  132s| 30800 | 18353 |148647 |   4.8 |   168M |  51 |4020 |1170 | 204 |4533 |  1 |  16k|1550 | 6.927785e+04 | 6.926698e+04 |   0.02%|  30.73%
  133s| 30900 | 18405 |149077 |   4.8 |   168M |  51 |4020 |1171 |   0 |4539 |  0 |  16k|1551 | 6.927785e+04 | 6.926698e+04 |   0.02%|  30.73%
  133s| 31000 | 18453 |149404 |   4.8 |   169M |  51 |4020 |1153 | 204 |4547 |  1 |  16k|1558 | 6.927785e+04 | 6.926698e+04 |   0.02%|  30.73%
  133s| 31100 | 18514 |149839 |   4.8 |   169M |  51 |4020 |1076 | 204 |4554 |  1 |  16k|1560 | 6.927785e+04 | 6.926698e+04 |   0.02%|  30.73%
  134s| 31200 | 18596 |150229 |   4.8 |   169M |  51 |4020 |1102 | 205 |4567 |  1 |  16k|1561 | 6.927785e+04 | 6.926698e+04 |   0.02%|  30.73%
  134s| 31300 | 18665 |150647 |   4.8 |   170M |  51 |4020 |1006 | 202 |4572 |  1 |  16k|1562 | 6.927785e+04 | 6.926698e+04 |   0.02%|  30.73%
  134s| 31400 | 18724 |151072 |   4.8 |   170M |  51 |4020 | 988 | 204 |4577 |  1 |  16k|1562 | 6.927785e+04 | 6.926698e+04 |   0.02%|  30.73%
 time | node  | left  |LP iter|LP it/n|mem/heur|mdpt |vars |cons |rows |cuts |sepa|confs|strbr|  dualbound   | primalbound  |  gap   | compl. 
  135s| 31500 | 18791 |151498 |   4.8 |   170M |  51 |4020 |1039 | 204 |4598 |  1 |  16k|1565 | 6.927785e+04 | 6.926698e+04 |   0.02%|  30.73%
  135s| 31600 | 18875 |152024 |   4.8 |   170M |  51 |4020 |1068 | 204 |4608 |  1 |  17k|1572 | 6.927785e+04 | 6.926698e+04 |   0.02%|  30.73%
  136s| 31700 | 18937 |152469 |   4.8 |   170M |  51 |4020 |1049 | 205 |4611 |  1 |  17k|1575 | 6.927785e+04 | 6.926698e+04 |   0.02%|  30.73%
  136s| 31800 | 18981 |152839 |   4.8 |   170M |  54 |4020 |1051 | 206 |4621 |  1 |  17k|1579 | 6.927785e+04 | 6.926698e+04 |   0.02%|  30.73%
  136s| 31900 | 19046 |153217 |   4.8 |   170M |  54 |4020 | 995 | 202 |4621 |  1 |  17k|1579 | 6.927785e+04 | 6.926698e+04 |   0.02%|  30.73%
  137s| 32000 | 19102 |153831 |   4.8 |   170M |  54 |4020 | 955 | 206 |4636 |  1 |  17k|1579 | 6.927785e+04 | 6.926698e+04 |   0.02%|  30.73%
  137s| 32100 | 19153 |154189 |   4.8 |   170M |  54 |4020 | 925 | 204 |4640 |  1 |  17k|1585 | 6.927785e+04 | 6.926698e+04 |   0.02%|  30.73%
  138s| 32200 | 19204 |154618 |   4.8 |   171M |  54 |4020 | 894 | 202 |4648 |  1 |  17k|1585 | 6.927785e+04 | 6.926698e+04 |   0.02%|  30.73%
  138s| 32300 | 19241 |154953 |   4.8 |   171M |  54 |4020 | 903 | 205 |4660 |  1 |  17k|1588 | 6.927785e+04 | 6.926698e+04 |   0.02%|  30.73%
  138s| 32400 | 19319 |155340 |   4.8 |   171M |  54 |4020 | 956 | 203 |4664 |  1 |  17k|1588 | 6.927785e+04 | 6.926698e+04 |   0.02%|  30.73%
  138s| 32500 | 19377 |155714 |   4.8 |   171M |  54 |4020 | 986 | 203 |4677 |  1 |  17k|1592 | 6.927785e+04 | 6.926698e+04 |   0.02%|  30.73%
  139s| 32600 | 19430 |156116 |   4.8 |   171M |  54 |4020 |1021 | 209 |4695 |  1 |  17k|1596 | 6.927785e+04 | 6.926698e+04 |   0.02%|  30.73%
  139s| 32700 | 19482 |156559 |   4.8 |   171M |  54 |4020 |1044 | 203 |4721 |  2 |  17k|1606 | 6.927785e+04 | 6.926698e+04 |   0.02%|  30.73%
  140s| 32800 | 19523 |156929 |   4.8 |   171M |  54 |4020 |1044 | 206 |4727 |  1 |  17k|1610 | 6.927785e+04 | 6.926698e+04 |   0.02%|  30.73%
  140s| 32900 | 19567 |157292 |   4.8 |   171M |  54 |4020 |1038 |   0 |4735 |  0 |  17k|1624 | 6.927785e+04 | 6.926698e+04 |   0.02%|  30.73%
 time | node  | left  |LP iter|LP it/n|mem/heur|mdpt |vars |cons |rows |cuts |sepa|confs|strbr|  dualbound   | primalbound  |  gap   | compl. 
  140s| 33000 | 19634 |157796 |   4.8 |   171M |  54 |4020 |1024 | 208 |4742 |  1 |  17k|1628 | 6.927785e+04 | 6.926698e+04 |   0.02%|  30.73%
  141s| 33100 | 19686 |158201 |   4.8 |   171M |  54 |4020 |1029 | 208 |4749 |  1 |  17k|1629 | 6.927785e+04 | 6.926698e+04 |   0.02%|  30.73%
  141s| 33200 | 19737 |158633 |   4.8 |   171M |  54 |4020 | 982 | 204 |4758 |  1 |  17k|1629 | 6.927785e+04 | 6.926698e+04 |   0.02%|  30.73%
  141s| 33300 | 19770 |158938 |   4.8 |   172M |  54 |4020 | 988 | 203 |4763 |  1 |  17k|1632 | 6.927785e+04 | 6.926698e+04 |   0.02%|  30.73%
  142s| 33400 | 19807 |159184 |   4.8 |   172M |  54 |4020 |1023 | 208 |4768 |  1 |  17k|1635 | 6.927785e+04 | 6.926698e+04 |   0.02%|  30.73%
  142s| 33500 | 19843 |159461 |   4.8 |   172M |  54 |4020 |1052 |   0 |4772 |  0 |  17k|1637 | 6.927784e+04 | 6.926698e+04 |   0.02%|  30.73%
  143s| 33600 | 19875 |159781 |   4.8 |   172M |  54 |4020 |1049 | 206 |4776 |  1 |  18k|1640 | 6.927784e+04 | 6.926698e+04 |   0.02%|  30.73%
  143s| 33700 | 19942 |160328 |   4.8 |   172M |  54 |4020 |1042 |   0 |4781 |  0 |  18k|1648 | 6.927784e+04 | 6.926698e+04 |   0.02%|  30.73%
  144s| 33800 | 19993 |160700 |   4.7 |   172M |  54 |4020 |1067 | 202 |4785 |  1 |  18k|1653 | 6.927784e+04 | 6.926698e+04 |   0.02%|  30.73%
  144s| 33900 | 20044 |161047 |   4.7 |   172M |  54 |4020 |1077 | 202 |4790 |  1 |  18k|1653 | 6.927784e+04 | 6.926698e+04 |   0.02%|  30.73%
  144s| 34000 | 20100 |161393 |   4.7 |   172M |  54 |4020 |1145 | 204 |4792 |  0 |  18k|1656 | 6.927784e+04 | 6.926698e+04 |   0.02%|  30.73%
  145s| 34100 | 20161 |161813 |   4.7 |   172M |  54 |4020 |1137 |   0 |4794 |  0 |  18k|1656 | 6.927784e+04 | 6.926698e+04 |   0.02%|  30.73%
  145s| 34200 | 20227 |162334 |   4.7 |   172M |  54 |4020 |1091 | 204 |4804 |  1 |  18k|1656 | 6.927784e+04 | 6.926698e+04 |   0.02%|  30.73%
  145s| 34300 | 20287 |162734 |   4.7 |   173M |  54 |4020 |1054 | 206 |4808 |  4 |  18k|1656 | 6.927784e+04 | 6.926698e+04 |   0.02%|  30.74%
  146s| 34400 | 20345 |163106 |   4.7 |   173M |  54 |4020 |1024 | 203 |4811 |  0 |  18k|1656 | 6.927784e+04 | 6.926698e+04 |   0.02%|  30.74%
 time | node  | left  |LP iter|LP it/n|mem/heur|mdpt |vars |cons |rows |cuts |sepa|confs|strbr|  dualbound   | primalbound  |  gap   | compl. 
  146s| 34500 | 20397 |163432 |   4.7 |   173M |  54 |4020 | 957 |   0 |4817 |  0 |  18k|1656 | 6.927784e+04 | 6.926698e+04 |   0.02%|  30.74%
  147s| 34600 | 20448 |163761 |   4.7 |   173M |  54 |4020 | 935 | 202 |4824 |  1 |  18k|1658 | 6.927784e+04 | 6.926698e+04 |   0.02%|  30.74%
  147s| 34700 | 20476 |163997 |   4.7 |   173M |  54 |4020 | 974 | 203 |4824 |  2 |  18k|1658 | 6.927784e+04 | 6.926698e+04 |   0.02%|  30.74%
  148s| 34800 | 20520 |164458 |   4.7 |   173M |  54 |4020 | 950 | 207 |4830 |  1 |  18k|1663 | 6.927784e+04 | 6.926698e+04 |   0.02%|  30.74%
  148s| 34900 | 20578 |164940 |   4.7 |   173M |  54 |4020 | 895 | 205 |4841 |  1 |  18k|1666 | 6.927784e+04 | 6.926698e+04 |   0.02%|  30.74%
  149s| 35000 | 20640 |165352 |   4.7 |   173M |  54 |4020 | 796 | 203 |4846 |  1 |  18k|1666 | 6.927784e+04 | 6.926698e+04 |   0.02%|  30.74%
  149s| 35100 | 20693 |165763 |   4.7 |   173M |  54 |4020 | 785 | 203 |4846 |  1 |  18k|1666 | 6.927784e+04 | 6.926698e+04 |   0.02%|  30.74%
  149s| 35200 | 20765 |166171 |   4.7 |   173M |  54 |4020 | 785 | 204 |4848 |  1 |  18k|1666 | 6.927784e+04 | 6.926698e+04 |   0.02%|  30.74%

SCIP Status        : solving was interrupted [time limit reached]
Solving Time (sec) : 150.00
Solving Nodes      : 35218
Primal Bound       : +6.92669805930007e+04 (608 solutions)
Dual Bound         : +6.92778409938929e+04
Gap                : 0.02 %
[SCIP-SEQ] Solver status: timelimit
[SCIP-SEQ] Best objective (bestSol): 69266.98059300074
[SCIP-SEQ] Final relative gap: 0.00015679044761617516
[warmstart] 第 1 车完成：已分配 SKU 数=26，装载湿重=32.495000，本车目标值=69266.980593，剩余 SKU 数=174

================ 当前求解车辆 2/2 ================
[warmstart-time] 总预算=300.000s，已用=149.951s，剩余=150.049s，剩余车辆数=1，本车 SCIP time limit=150.049s
配置 SCIP 求解参数（单车热启动子问题）...
[progress]整车整体 MIP 阶段已禁用 run_epgap / run_epagap 提前停机，仅保留时间上限。
[warmstart-time] 已禁用单车 run_epgap / run_epagap 提前停机；本车仅受 time limit 或最优性证明等 SCIP 自然终止条件影响。
presolving:
   (0.0s) symmetry computation started: requiring (bin +, int +, cont +), (fixed: bin -, int -, cont -)
   (0.0s) symmetry computation finished: 1 generators found (max: 1500, log10 of symmetry group size: 0.00) (symcode time: 0.00)
dynamic symmetry handling statistics:
   orbitopal reduction:       no components
   orbital reduction:         no components
   lexicographic reduction:    1 permutations with support sizes 40
handled 1 out of 1 symmetry components
presolving (0 rounds: 0 fast, 0 medium, 0 exhaustive):
 0 deleted vars, 0 deleted constraints, 0 added constraints, 0 tightened bounds, 0 added holes, 0 changed sides, 0 changed coefficients
 0 implications, 0 cliques
presolved problem has 3500 variables (3500 bin, 0 int, 0 impl, 0 cont) and 278 constraints
    278 constraints of type <linear>
Presolving Time: 0.00

 time | node  | left  |LP iter|LP it/n|mem/heur|mdpt |vars |cons |rows |cuts |sepa|confs|strbr|  dualbound   | primalbound  |  gap   | compl. 
  0.0s|     1 |     0 |    56 |     - |    52M |   0 |3500 | 330 | 269 |   0 |  0 |  61 |   0 | 6.736573e+04 |      --      |    Inf | unknown
  0.0s|     1 |     0 |    97 |     - |    55M |   0 |3500 | 330 | 272 |   3 |  1 |  61 |   0 | 6.736489e+04 |      --      |    Inf | unknown
  0.0s|     1 |     0 |   103 |     - |    55M |   0 |3500 | 330 | 274 |   5 |  2 |  61 |   0 | 6.736357e+04 |      --      |    Inf | unknown
  0.0s|     1 |     0 |   111 |     - |    57M |   0 |3500 | 330 | 277 |   8 |  3 |  61 |   0 | 6.736331e+04 |      --      |    Inf | unknown
r 0.0s|     1 |     0 |   111 |     - |shifting|   0 |3500 | 330 | 277 |   8 |  3 |  61 |   0 | 6.736331e+04 | 6.662083e+04 |   1.11%| unknown
  0.0s|     1 |     0 |   125 |     - |    58M |   0 |3500 | 330 | 280 |  11 |  4 |  61 |   0 | 6.736302e+04 | 6.662083e+04 |   1.11%| unknown
  0.0s|     1 |     0 |   125 |     - |    58M |   0 |3500 | 330 | 256 |  11 |  4 |  61 |   0 | 6.736302e+04 | 6.662083e+04 |   1.11%| unknown
  0.0s|     1 |     0 |   131 |     - |    58M |   0 |3500 | 330 | 259 |  14 |  5 |  61 |   0 | 6.736298e+04 | 6.662083e+04 |   1.11%| unknown
  0.0s|     1 |     0 |   142 |     - |    61M |   0 |3500 | 330 | 262 |  17 |  6 |  61 |   0 | 6.736288e+04 | 6.662083e+04 |   1.11%| unknown
  0.0s|     1 |     0 |   147 |     - |    61M |   0 |3500 | 330 | 266 |  21 |  7 |  61 |   0 | 6.736286e+04 | 6.662083e+04 |   1.11%| unknown
  0.0s|     1 |     0 |   156 |     - |    61M |   0 |3500 | 330 | 269 |  24 |  8 |  61 |   0 | 6.736274e+04 | 6.662083e+04 |   1.11%| unknown
  0.0s|     1 |     0 |   162 |     - |    62M |   0 |3500 | 330 | 272 |  27 |  9 |  61 |   0 | 6.736272e+04 | 6.662083e+04 |   1.11%| unknown
  1.0s|     1 |     0 |   182 |     - |    62M |   0 |3500 | 330 | 275 |  30 | 10 |  61 |   0 | 6.736254e+04 | 6.662083e+04 |   1.11%| unknown
  1.0s|     1 |     0 |   189 |     - |    63M |   0 |3500 | 330 | 277 |  33 | 11 |  61 |   0 | 6.736251e+04 | 6.662083e+04 |   1.11%| unknown
L 1.0s|     1 |     0 |   658 |     - |    rens|   0 |3500 | 324 | 277 |  33 | 11 |  79 |   0 | 6.736251e+04 | 6.714506e+04 |   0.32%| unknown
 time | node  | left  |LP iter|LP it/n|mem/heur|mdpt |vars |cons |rows |cuts |sepa|confs|strbr|  dualbound   | primalbound  |  gap   | compl. 
  1.0s|     1 |     0 |   658 |     - |    63M |   0 |3500 | 324 | 277 |  33 | 11 |  79 |   0 | 6.736251e+04 | 6.714506e+04 |   0.32%| unknown
  1.0s|     1 |     0 |   658 |     - |    63M |   0 |3500 | 324 | 182 |  33 | 11 |  79 |   0 | 6.736251e+04 | 6.714506e+04 |   0.32%| unknown
  1.0s|     1 |     0 |   670 |     - |    64M |   0 |3500 | 324 | 186 |  37 | 12 |  79 |   0 | 6.736244e+04 | 6.714506e+04 |   0.32%| unknown
  1.0s|     1 |     0 |   676 |     - |    64M |   0 |3500 | 324 | 188 |  39 | 13 |  79 |   0 | 6.736238e+04 | 6.714506e+04 |   0.32%| unknown
  1.0s|     1 |     0 |   676 |     - |    64M |   0 |3500 | 229 | 188 |  39 | 13 |  79 |  21 | 6.735975e+04 | 6.714506e+04 |   0.32%| unknown
  1.0s|     1 |     0 |   682 |     - |    65M |   0 |3500 | 229 | 192 |  43 | 14 |  79 |  21 | 6.735975e+04 | 6.714506e+04 |   0.32%| unknown
  1.0s|     1 |     0 |   689 |     - |    65M |   0 |3500 | 229 | 192 |  46 | 15 |  79 |  21 | 6.735975e+04 | 6.714506e+04 |   0.32%| unknown
  1.0s|     1 |     2 |   689 |     - |    65M |   0 |3500 | 229 | 192 |  46 | 15 |  79 |  35 | 6.735975e+04 | 6.714506e+04 |   0.32%| unknown
r 4.0s|    85 |    54 |  2040 |  21.7 |shifting|  19 |3500 | 279 | 167 |  82 |  0 | 130 | 421 | 6.735942e+04 | 6.728596e+04 |   0.11%|  41.88%
  4.0s|   100 |    71 |  2170 |  19.7 |    85M |  19 |3500 | 276 | 174 |  99 |  1 | 132 | 430 | 6.735937e+04 | 6.728596e+04 |   0.11%|  41.89%
r 4.0s|   103 |    74 |  2181 |  19.2 |ziroundi|  19 |3500 | 276 | 174 |  99 |  1 | 132 | 430 | 6.735937e+04 | 6.728651e+04 |   0.11%|  41.89%
  7.0s|   200 |   163 |  4778 |  22.9 |    95M |  22 |3500 | 318 | 173 | 148 |  1 | 191 | 851 | 6.735937e+04 | 6.728651e+04 |   0.11%|  42.14%
  8.0s|   300 |   257 |  5646 |  18.1 |   101M |  22 |3500 | 330 | 173 | 206 |  1 | 203 | 863 | 6.735935e+04 | 6.728651e+04 |   0.11%|  42.15%
L 8.0s|   303 |   260 |  5660 |  18.0 |    rins|  22 |3500 | 330 | 173 | 206 |  1 | 203 | 863 | 6.735935e+04 | 6.728653e+04 |   0.11%|  42.15%
 10.0s|   400 |   357 |  6610 |  16.0 |   108M |  22 |3500 | 342 | 170 | 263 |  2 | 215 | 907 | 6.735935e+04 | 6.728653e+04 |   0.11%|  42.21%
 time | node  | left  |LP iter|LP it/n|mem/heur|mdpt |vars |cons |rows |cuts |sepa|confs|strbr|  dualbound   | primalbound  |  gap   | compl. 
r10.0s|   440 |   364 |  6862 |  15.1 |rounding|  24 |3500 | 344 | 173 | 279 |  0 | 217 | 912 | 6.735935e+04 | 6.731985e+04 |   0.06%|  49.15%
 11.0s|   500 |   426 |  7240 |  14.1 |   110M |  27 |3500 | 346 | 169 | 318 |  1 | 228 | 920 | 6.735932e+04 | 6.731985e+04 |   0.06%|  49.15%
 12.0s|   600 |   524 |  8247 |  13.4 |   114M |  27 |3500 | 365 | 170 | 365 |  1 | 275 |1080 | 6.735932e+04 | 6.731985e+04 |   0.06%|  49.20%
L12.0s|   640 |   564 |  8579 |  13.1 |crossove|  31 |3500 | 374 | 175 | 374 |  1 | 287 |1102 | 6.735932e+04 | 6.732064e+04 |   0.06%|  49.20%
 13.0s|   700 |   622 |  9054 |  12.6 |   116M |  31 |3500 | 395 | 171 | 409 |  1 | 309 |1107 | 6.735927e+04 | 6.732064e+04 |   0.06%|  49.22%
 14.0s|   800 |   722 |  9676 |  11.8 |   117M |  31 |3500 | 406 | 170 | 441 |  1 | 332 |1117 | 6.735889e+04 | 6.732064e+04 |   0.06%|  49.23%
 15.0s|   900 |   822 | 10379 |  11.3 |   117M |  31 |3500 | 424 | 170 | 461 |  1 | 364 |1137 | 6.735889e+04 | 6.732064e+04 |   0.06%|  49.24%
d15.0s|   927 |   708 | 10577 |  11.2 |guideddi|  31 |3500 | 428 | 172 |   0 |  1 | 370 |1201 | 6.735811e+04 | 6.734373e+04 |   0.02%|  49.47%
 16.0s|  1000 |   771 | 11307 |  11.1 |   117M |  31 |3500 | 430 | 171 | 541 |  1 | 394 |1203 | 6.735795e+04 | 6.734373e+04 |   0.02%|  49.66%
 17.0s|  1100 |   828 | 11772 |  10.5 |   119M |  33 |3500 | 449 | 171 | 562 |  1 | 428 |1210 | 6.735773e+04 | 6.734373e+04 |   0.02%|  49.73%
 17.0s|  1200 |   896 | 12311 |  10.1 |   120M |  33 |3500 | 490 |   0 | 574 |  0 | 478 |1215 | 6.735743e+04 | 6.734373e+04 |   0.02%|  49.79%
Restart triggered after 50 consecutive estimations that the remaining tree will be large
 18.0s|  1300 |   940 | 13642 |  10.3 |   120M |  33 |3500 | 499 | 173 | 598 |  1 | 529 |1270 | 6.735741e+04 | 6.734373e+04 |   0.02%|  49.84%
 19.0s|  1400 |  1000 | 14362 |  10.1 |   120M |  33 |3500 | 528 | 171 | 631 |  2 | 575 |1281 | 6.735726e+04 | 6.734373e+04 |   0.02%|  50.00%
 19.0s|  1500 |  1028 | 14754 |   9.7 |   120M |  33 |3500 | 540 | 175 | 642 |  2 | 601 |1293 | 6.735726e+04 | 6.734373e+04 |   0.02%|  50.10%
 20.0s|  1600 |  1075 | 15325 |   9.4 |   120M |  33 |3500 | 544 | 174 | 679 |  1 | 613 |1295 | 6.735722e+04 | 6.734373e+04 |   0.02%|  50.19%
 time | node  | left  |LP iter|LP it/n|mem/heur|mdpt |vars |cons |rows |cuts |sepa|confs|strbr|  dualbound   | primalbound  |  gap   | compl. 
 21.0s|  1700 |  1140 | 16098 |   9.3 |   120M |  33 |3500 | 621 | 172 | 720 |  1 | 697 |1299 | 6.735722e+04 | 6.734373e+04 |   0.02%|  50.37%
 21.0s|  1800 |  1190 | 16799 |   9.2 |   122M |  33 |3500 | 696 | 174 | 802 |  1 | 785 |1308 | 6.735715e+04 | 6.734373e+04 |   0.02%|  50.56%
 22.0s|  1900 |  1254 | 17418 |   9.1 |   122M |  33 |3500 | 728 |   0 | 834 |  0 | 849 |1309 | 6.735713e+04 | 6.734373e+04 |   0.02%|  50.81%
 23.0s|  2000 |  1304 | 17993 |   8.9 |   122M |  33 |3500 | 789 | 169 | 860 |  1 | 925 |1311 | 6.735708e+04 | 6.734373e+04 |   0.02%|  50.91%
 23.0s|  2100 |  1322 | 18205 |   8.6 |   122M |  33 |3500 | 761 | 170 | 866 |  1 | 927 |1317 | 6.735706e+04 | 6.734373e+04 |   0.02%|  50.97%
L23.0s|  2153 |  1317 | 18327 |   8.4 |    rins|  33 |3500 | 762 | 172 | 870 |  1 | 937 |1321 | 6.735706e+04 | 6.734436e+04 |   0.02%|  50.99%
 23.0s|  2200 |  1326 | 18414 |   8.3 |   122M |  33 |3500 | 763 | 174 | 870 |  1 | 941 |1322 | 6.735706e+04 | 6.734436e+04 |   0.02%|  51.05%
 24.0s|  2300 |  1359 | 18727 |   8.1 |   123M |  34 |3500 | 777 | 169 | 880 |  1 | 971 |1324 | 6.735703e+04 | 6.734436e+04 |   0.02%|  51.09%
 24.0s|  2400 |  1377 | 18950 |   7.8 |   123M |  34 |3500 | 807 | 174 | 884 |  1 |1012 |1327 | 6.735703e+04 | 6.734436e+04 |   0.02%|  51.09%
 24.0s|  2500 |  1393 | 19101 |   7.6 |   123M |  34 |3500 | 814 |   0 | 888 |  0 |1027 |1327 | 6.735701e+04 | 6.734436e+04 |   0.02%|  51.13%
 25.0s|  2600 |  1439 | 19596 |   7.5 |   123M |  34 |3500 | 829 | 173 | 906 |  3 |1050 |1331 | 6.735700e+04 | 6.734436e+04 |   0.02%|  51.14%
 25.0s|  2700 |  1493 | 20172 |   7.4 |   123M |  34 |3500 | 867 | 169 | 930 |  1 |1109 |1332 | 6.735691e+04 | 6.734436e+04 |   0.02%|  51.18%
 26.0s|  2800 |  1557 | 20762 |   7.3 |   123M |  34 |3500 | 891 | 169 | 944 |  1 |1150 |1339 | 6.735688e+04 | 6.734436e+04 |   0.02%|  51.18%
 26.0s|  2900 |  1595 | 21356 |   7.3 |   123M |  34 |3500 | 897 | 169 |1015 |  1 |1170 |1340 | 6.735686e+04 | 6.734436e+04 |   0.02%|  51.20%
 27.0s|  3000 |  1651 | 22018 |   7.3 |   123M |  34 |3500 | 905 | 172 |1036 |  1 |1201 |1345 | 6.735685e+04 | 6.734436e+04 |   0.02%|  51.20%
 time | node  | left  |LP iter|LP it/n|mem/heur|mdpt |vars |cons |rows |cuts |sepa|confs|strbr|  dualbound   | primalbound  |  gap   | compl. 
 27.0s|  3100 |  1683 | 22281 |   7.1 |   123M |  34 |3500 | 960 | 170 |1048 |  1 |1264 |1345 | 6.735685e+04 | 6.734436e+04 |   0.02%|  51.20%
 27.0s|  3200 |  1727 | 22562 |   7.0 |   124M |  34 |3500 | 979 | 171 |1049 |  2 |1301 |1346 | 6.735685e+04 | 6.734436e+04 |   0.02%|  51.21%
 28.0s|  3300 |  1787 | 22922 |   6.9 |   124M |  34 |3500 |1040 | 171 |1060 |  1 |1374 |1347 | 6.735683e+04 | 6.734436e+04 |   0.02%|  51.22%
 28.0s|  3400 |  1828 | 23397 |   6.8 |   124M |  34 |3500 |1066 | 170 |1093 |  1 |1429 |1360 | 6.735681e+04 | 6.734436e+04 |   0.02%|  51.28%
 29.0s|  3500 |  1891 | 23942 |   6.8 |   124M |  34 |3500 |1150 | 177 |1117 |  1 |1540 |1360 | 6.735681e+04 | 6.734436e+04 |   0.02%|  51.31%
 29.0s|  3600 |  1941 | 24425 |   6.7 |   124M |  34 |3500 |1174 | 178 |1143 |  1 |1601 |1363 | 6.735681e+04 | 6.734436e+04 |   0.02%|  51.33%
 30.0s|  3700 |  1985 | 25014 |   6.7 |   124M |  34 |3500 |1142 | 169 |1200 |  1 |1621 |1364 | 6.735674e+04 | 6.734436e+04 |   0.02%|  51.46%
 30.0s|  3800 |  2033 | 25561 |   6.7 |   124M |  34 |3500 |1205 | 172 |1210 |  1 |1721 |1364 | 6.735666e+04 | 6.734436e+04 |   0.02%|  51.51%
 30.0s|  3900 |  2073 | 25997 |   6.6 |   124M |  34 |3500 |1203 |   0 |1232 |  0 |1758 |1367 | 6.735664e+04 | 6.734436e+04 |   0.02%|  51.52%
 31.0s|  4000 |  2099 | 26290 |   6.5 |   124M |  35 |3500 |1184 | 173 |1239 |  1 |1761 |1373 | 6.735664e+04 | 6.734436e+04 |   0.02%|  51.52%
 31.0s|  4100 |  2126 | 26815 |   6.5 |   124M |  35 |3500 |1176 | 173 |1264 |  1 |1798 |1377 | 6.735663e+04 | 6.734436e+04 |   0.02%|  51.58%
L31.0s|  4120 |  2085 | 27045 |   6.5 |    alns|  35 |3500 |1172 | 175 |1282 |  2 |1813 |1377 | 6.735663e+04 | 6.734575e+04 |   0.02%|  51.72%
 32.0s|  4200 |  2111 | 27392 |   6.5 |   125M |  35 |3500 |1179 |   0 |1298 |  0 |1853 |1378 | 6.735663e+04 | 6.734575e+04 |   0.02%|  51.73%
 32.0s|  4300 |  2143 | 27751 |   6.4 |   125M |  35 |3500 |1161 | 173 |1317 |  1 |1875 |1378 | 6.735659e+04 | 6.734575e+04 |   0.02%|  51.77%
 32.0s|  4400 |  2154 | 28004 |   6.3 |   125M |  35 |3500 |1163 |   0 |1331 |  0 |1906 |1379 | 6.735658e+04 | 6.734575e+04 |   0.02%|  51.86%
 time | node  | left  |LP iter|LP it/n|mem/heur|mdpt |vars |cons |rows |cuts |sepa|confs|strbr|  dualbound   | primalbound  |  gap   | compl. 
 33.0s|  4500 |  2182 | 28239 |   6.2 |   125M |  35 |3500 |1139 | 169 |1335 |  1 |1930 |1381 | 6.735651e+04 | 6.734575e+04 |   0.02%|  51.89%
 33.0s|  4600 |  2204 | 28400 |   6.1 |   125M |  35 |3500 |1143 | 169 |1339 |  1 |1943 |1381 | 6.735650e+04 | 6.734575e+04 |   0.02%|  51.89%
 33.0s|  4700 |  2245 | 28710 |   6.1 |   125M |  35 |3500 |1165 |   0 |1339 |  0 |1976 |1381 | 6.735649e+04 | 6.734575e+04 |   0.02%|  51.89%
 33.0s|  4800 |  2307 | 29226 |   6.0 |   125M |  35 |3500 |1152 |   0 |1372 |  0 |2023 |1382 | 6.735644e+04 | 6.734575e+04 |   0.02%|  51.90%
 34.0s|  4900 |  2357 | 29755 |   6.0 |   126M |  35 |3500 |1150 |   0 |1395 |  0 |2059 |1385 | 6.735644e+04 | 6.734575e+04 |   0.02%|  51.90%
 34.0s|  5000 |  2369 | 29908 |   5.9 |   126M |  37 |3500 |1188 |   0 |1398 |  0 |2103 |1389 | 6.735644e+04 | 6.734575e+04 |   0.02%|  51.90%
 34.0s|  5100 |  2380 | 30072 |   5.9 |   126M |  37 |3500 |1186 | 171 |1404 |  1 |2123 |1393 | 6.735644e+04 | 6.734575e+04 |   0.02%|  51.90%
 34.0s|  5200 |  2409 | 30369 |   5.8 |   126M |  37 |3500 |1217 | 171 |1411 |  1 |2170 |1397 | 6.735644e+04 | 6.734575e+04 |   0.02%|  51.90%
 35.0s|  5300 |  2420 | 30605 |   5.7 |   126M |  37 |3500 |1277 | 177 |1415 |  1 |2250 |1398 | 6.735643e+04 | 6.734575e+04 |   0.02%|  51.94%
 35.0s|  5400 |  2451 | 30980 |   5.7 |   126M |  37 |3500 |1329 | 173 |1421 |  1 |2348 |1402 | 6.735643e+04 | 6.734575e+04 |   0.02%|  51.99%
 35.0s|  5500 |  2465 | 31123 |   5.6 |   126M |  37 |3500 |1319 | 174 |1430 |  1 |2360 |1402 | 6.735643e+04 | 6.734575e+04 |   0.02%|  52.00%
 35.0s|  5600 |  2473 | 31265 |   5.5 |   126M |  37 |3500 |1295 | 171 |1437 |  1 |2360 |1404 | 6.735643e+04 | 6.734575e+04 |   0.02%|  52.01%
 36.0s|  5700 |  2489 | 31500 |   5.5 |   126M |  37 |3500 |1262 |   0 |1446 |  0 |2372 |1409 | 6.735641e+04 | 6.734575e+04 |   0.02%|  52.07%
 36.0s|  5800 |  2507 | 31764 |   5.4 |   126M |  41 |3500 |1252 | 170 |1455 |  1 |2387 |1410 | 6.735640e+04 | 6.734575e+04 |   0.02%|  52.10%
 36.0s|  5900 |  2511 | 31921 |   5.4 |   126M |  41 |3500 |1234 |   0 |1457 |  0 |2415 |1414 | 6.735640e+04 | 6.734575e+04 |   0.02%|  52.14%
 time | node  | left  |LP iter|LP it/n|mem/heur|mdpt |vars |cons |rows |cuts |sepa|confs|strbr|  dualbound   | primalbound  |  gap   | compl. 
 36.0s|  6000 |  2539 | 32113 |   5.3 |   127M |  41 |3500 |1212 | 173 |1462 |  1 |2432 |1414 | 6.735639e+04 | 6.734575e+04 |   0.02%|  52.20%
 37.0s|  6100 |  2573 | 32601 |   5.3 |   127M |  41 |3500 |1210 |   0 |1474 |  0 |2476 |1419 | 6.735637e+04 | 6.734575e+04 |   0.02%|  52.22%
 37.0s|  6200 |  2607 | 32922 |   5.3 |   127M |  41 |3500 |1204 | 174 |1477 |  1 |2501 |1419 | 6.735637e+04 | 6.734575e+04 |   0.02%|  52.22%
 37.0s|  6300 |  2636 | 33264 |   5.2 |   127M |  41 |3500 |1224 | 172 |1488 |  1 |2569 |1420 | 6.735637e+04 | 6.734575e+04 |   0.02%|  52.29%
 37.0s|  6400 |  2669 | 33635 |   5.2 |   127M |  41 |3500 |1257 | 175 |1498 |  2 |2623 |1422 | 6.735635e+04 | 6.734575e+04 |   0.02%|  52.32%
 38.0s|  6500 |  2671 | 33852 |   5.2 |   128M |  41 |3500 |1225 |   0 |1504 |  0 |2645 |1437 | 6.735635e+04 | 6.734575e+04 |   0.02%|  52.46%
 38.0s|  6600 |  2702 | 34081 |   5.1 |   128M |  41 |3500 |1224 |   0 |1506 |  0 |2661 |1439 | 6.735634e+04 | 6.734575e+04 |   0.02%|  52.46%
 38.0s|  6700 |  2727 | 34331 |   5.1 |   128M |  41 |3500 |1188 | 175 |1513 |  1 |2668 |1447 | 6.735634e+04 | 6.734575e+04 |   0.02%|  52.49%
 38.0s|  6800 |  2739 | 34518 |   5.0 |   128M |  41 |3500 |1187 |   0 |1515 |  0 |2682 |1449 | 6.735633e+04 | 6.734575e+04 |   0.02%|  52.50%
 38.0s|  6900 |  2757 | 34717 |   5.0 |   128M |  41 |3500 |1175 |   0 |1516 |  0 |2695 |1453 | 6.735633e+04 | 6.734575e+04 |   0.02%|  52.50%
 39.0s|  7000 |  2800 | 35197 |   5.0 |   128M |  41 |3500 |1215 | 174 |1521 |  1 |2749 |1455 | 6.735633e+04 | 6.734575e+04 |   0.02%|  52.50%
 39.0s|  7100 |  2836 | 35679 |   5.0 |   128M |  41 |3500 |1251 | 177 |1532 |  2 |2800 |1460 | 6.735632e+04 | 6.734575e+04 |   0.02%|  52.50%
 39.0s|  7200 |  2852 | 35943 |   5.0 |   128M |  41 |3500 |1241 | 175 |1537 |  1 |2822 |1471 | 6.735632e+04 | 6.734575e+04 |   0.02%|  52.52%
 39.0s|  7300 |  2898 | 36244 |   4.9 |   128M |  41 |3500 |1228 | 170 |1541 |  1 |2837 |1475 | 6.735630e+04 | 6.734575e+04 |   0.02%|  52.57%
 39.0s|  7400 |  2925 | 36432 |   4.9 |   128M |  41 |3500 |1241 |   0 |1541 |  0 |2866 |1475 | 6.735630e+04 | 6.734575e+04 |   0.02%|  52.57%
 time | node  | left  |LP iter|LP it/n|mem/heur|mdpt |vars |cons |rows |cuts |sepa|confs|strbr|  dualbound   | primalbound  |  gap   | compl. 
 40.0s|  7500 |  2962 | 36698 |   4.9 |   128M |  41 |3500 |1208 |   0 |1549 |  0 |2872 |1476 | 6.735626e+04 | 6.734575e+04 |   0.02%|  52.62%
 40.0s|  7600 |  3006 | 37004 |   4.8 |   128M |  41 |3500 |1209 | 176 |1553 |  1 |2889 |1478 | 6.735626e+04 | 6.734575e+04 |   0.02%|  52.62%
 40.0s|  7700 |  3026 | 37265 |   4.8 |   128M |  41 |3500 |1200 |   0 |1554 |  0 |2909 |1478 | 6.735626e+04 | 6.734575e+04 |   0.02%|  52.62%
 40.0s|  7800 |  3050 | 37571 |   4.8 |   128M |  41 |3500 |1167 | 172 |1560 |  1 |2918 |1487 | 6.735626e+04 | 6.734575e+04 |   0.02%|  52.62%
 40.0s|  7900 |  3084 | 37794 |   4.8 |   128M |  41 |3500 |1153 | 170 |1564 |  1 |2925 |1496 | 6.735626e+04 | 6.734575e+04 |   0.02%|  52.62%
 41.0s|  8000 |  3110 | 37968 |   4.7 |   128M |  41 |3500 |1128 |   0 |1566 |  0 |2929 |1498 | 6.735626e+04 | 6.734575e+04 |   0.02%|  52.64%
 41.0s|  8100 |  3130 | 38208 |   4.7 |   128M |  41 |3500 |1106 | 176 |1575 |  1 |2940 |1505 | 6.735625e+04 | 6.734575e+04 |   0.02%|  52.64%
 41.0s|  8200 |  3142 | 38402 |   4.7 |   128M |  41 |3500 |1105 | 170 |1577 |  1 |2964 |1510 | 6.735625e+04 | 6.734575e+04 |   0.02%|  52.65%
 41.0s|  8300 |  3151 | 38650 |   4.6 |   128M |  41 |3500 |1091 | 176 |1582 |  1 |2971 |1513 | 6.735624e+04 | 6.734575e+04 |   0.02%|  52.70%
 42.0s|  8400 |  3185 | 38872 |   4.6 |   128M |  41 |3500 |1096 | 169 |1585 |  1 |2988 |1516 | 6.735624e+04 | 6.734575e+04 |   0.02%|  52.70%
 42.0s|  8500 |  3195 | 39128 |   4.6 |   128M |  41 |3500 |1117 |   0 |1588 |  0 |3018 |1516 | 6.735623e+04 | 6.734575e+04 |   0.02%|  52.71%
 42.0s|  8600 |  3235 | 39557 |   4.6 |   128M |  41 |3500 |1140 |   0 |1593 |  0 |3071 |1527 | 6.735623e+04 | 6.734575e+04 |   0.02%|  52.74%
 42.0s|  8700 |  3261 | 39899 |   4.6 |   128M |  41 |3500 |1178 | 177 |1600 |  2 |3135 |1533 | 6.735623e+04 | 6.734575e+04 |   0.02%|  52.78%
 42.0s|  8800 |  3282 | 40310 |   4.6 |   129M |  41 |3500 |1171 |   0 |1606 |  0 |3165 |1540 | 6.735623e+04 | 6.734575e+04 |   0.02%|  52.79%
 43.0s|  8900 |  3318 | 40596 |   4.5 |   129M |  41 |3500 |1168 |   0 |1607 |  0 |3195 |1540 | 6.735622e+04 | 6.734575e+04 |   0.02%|  52.80%
 time | node  | left  |LP iter|LP it/n|mem/heur|mdpt |vars |cons |rows |cuts |sepa|confs|strbr|  dualbound   | primalbound  |  gap   | compl. 
 43.0s|  9000 |  3331 | 40890 |   4.5 |   129M |  41 |3500 |1153 |   0 |1608 |  0 |3210 |1544 | 6.735622e+04 | 6.734575e+04 |   0.02%|  52.80%
 43.0s|  9100 |  3359 | 41194 |   4.5 |   129M |  41 |3500 |1124 |   0 |1612 |  0 |3244 |1550 | 6.735621e+04 | 6.734575e+04 |   0.02%|  52.80%
 43.0s|  9200 |  3388 | 41381 |   4.5 |   129M |  41 |3500 |1107 | 169 |1613 |  1 |3257 |1556 | 6.735621e+04 | 6.734575e+04 |   0.02%|  52.84%
 44.0s|  9300 |  3401 | 41668 |   4.5 |   129M |  41 |3500 |1090 |   0 |1620 |  0 |3284 |1562 | 6.735621e+04 | 6.734575e+04 |   0.02%|  52.89%
 44.0s|  9400 |  3421 | 41839 |   4.4 |   129M |  41 |3500 |1073 | 172 |1622 |  1 |3292 |1565 | 6.735621e+04 | 6.734575e+04 |   0.02%|  52.92%
 44.0s|  9500 |  3431 | 41983 |   4.4 |   129M |  41 |3500 |1057 |   0 |1625 |  0 |3300 |1565 | 6.735621e+04 | 6.734575e+04 |   0.02%|  52.92%
 44.0s|  9600 |  3449 | 42165 |   4.4 |   129M |  41 |3500 |1035 | 171 |1625 |  1 |3308 |1568 | 6.735620e+04 | 6.734575e+04 |   0.02%|  52.93%
 44.0s|  9700 |  3459 | 42349 |   4.3 |   129M |  41 |3500 | 980 | 172 |1631 |  1 |3309 |1572 | 6.735620e+04 | 6.734575e+04 |   0.02%|  52.94%
 44.0s|  9800 |  3469 | 42547 |   4.3 |   129M |  41 |3500 | 945 | 172 |1634 |  1 |3310 |1575 | 6.735620e+04 | 6.734575e+04 |   0.02%|  52.94%
 45.0s|  9900 |  3473 | 42722 |   4.3 |   129M |  41 |3500 | 927 | 172 |1636 |  1 |3318 |1580 | 6.735619e+04 | 6.734575e+04 |   0.02%|  52.96%
 45.0s| 10000 |  3473 | 42852 |   4.3 |   129M |  41 |3500 | 913 | 175 |1638 |  0 |3324 |1591 | 6.735619e+04 | 6.734575e+04 |   0.02%|  52.96%
 45.0s| 10100 |  3479 | 42980 |   4.2 |   129M |  41 |3500 | 893 |   0 |1638 |  0 |3325 |1598 | 6.735619e+04 | 6.734575e+04 |   0.02%|  52.96%
 45.0s| 10200 |  3505 | 43368 |   4.2 |   130M |  41 |3500 | 866 | 173 |1647 |  1 |3334 |1602 | 6.735617e+04 | 6.734575e+04 |   0.02%|  52.97%
 46.0s| 10300 |  3525 | 43669 |   4.2 |   130M |  41 |3500 | 861 |   0 |1655 |  0 |3353 |1602 | 6.735616e+04 | 6.734575e+04 |   0.02%|  52.99%
 46.0s| 10400 |  3551 | 43960 |   4.2 |   130M |  41 |3500 | 865 | 174 |1657 |  1 |3373 |1609 | 6.735615e+04 | 6.734575e+04 |   0.02%|  52.99%
 time | node  | left  |LP iter|LP it/n|mem/heur|mdpt |vars |cons |rows |cuts |sepa|confs|strbr|  dualbound   | primalbound  |  gap   | compl. 
 46.0s| 10500 |  3567 | 44185 |   4.2 |   130M |  41 |3500 | 866 | 175 |1658 |  1 |3391 |1618 | 6.735615e+04 | 6.734575e+04 |   0.02%|  53.00%
 46.0s| 10600 |  3617 | 44600 |   4.2 |   130M |  41 |3500 | 876 |   0 |1664 |  0 |3433 |1624 | 6.735614e+04 | 6.734575e+04 |   0.02%|  53.01%
 47.0s| 10700 |  3637 | 44777 |   4.2 |   130M |  41 |3500 | 876 |   0 |1667 |  0 |3438 |1625 | 6.735614e+04 | 6.734575e+04 |   0.02%|  53.01%
 47.0s| 10800 |  3666 | 44983 |   4.1 |   131M |  41 |3500 | 878 | 173 |1667 |  1 |3458 |1626 | 6.735614e+04 | 6.734575e+04 |   0.02%|  53.02%
 47.0s| 10900 |  3700 | 45265 |   4.1 |   131M |  41 |3500 | 916 |   0 |1667 |  0 |3500 |1626 | 6.735614e+04 | 6.734575e+04 |   0.02%|  53.02%
 47.0s| 11000 |  3710 | 45452 |   4.1 |   132M |  41 |3500 | 908 |   0 |1670 |  0 |3515 |1628 | 6.735613e+04 | 6.734575e+04 |   0.02%|  53.03%
 47.0s| 11100 |  3732 | 45679 |   4.1 |   132M |  41 |3500 | 892 | 173 |1671 |  1 |3522 |1631 | 6.735611e+04 | 6.734575e+04 |   0.02%|  53.03%
 48.0s| 11200 |  3747 | 45902 |   4.1 |   132M |  41 |3500 | 892 | 174 |1674 |  1 |3531 |1636 | 6.735611e+04 | 6.734575e+04 |   0.02%|  53.03%
 48.0s| 11300 |  3773 | 46060 |   4.1 |   132M |  41 |3500 | 882 | 174 |1674 |  2 |3554 |1637 | 6.735611e+04 | 6.734575e+04 |   0.02%|  53.03%
 48.0s| 11400 |  3817 | 46449 |   4.1 |   132M |  41 |3500 | 872 |   0 |1675 |  0 |3566 |1638 | 6.735610e+04 | 6.734575e+04 |   0.02%|  53.04%
 48.0s| 11500 |  3833 | 46598 |   4.0 |   132M |  41 |3500 | 862 | 171 |1678 |  1 |3570 |1638 | 6.735610e+04 | 6.734575e+04 |   0.02%|  53.04%
 48.0s| 11600 |  3853 | 46856 |   4.0 |   132M |  41 |3500 | 870 |   0 |1682 |  0 |3592 |1643 | 6.735609e+04 | 6.734575e+04 |   0.02%|  53.05%
 49.0s| 11700 |  3885 | 47069 |   4.0 |   132M |  41 |3500 | 870 | 175 |1685 |  1 |3611 |1645 | 6.735609e+04 | 6.734575e+04 |   0.02%|  53.06%
 49.0s| 11800 |  3900 | 47305 |   4.0 |   132M |  41 |3500 | 878 | 172 |1686 |  1 |3631 |1650 | 6.735608e+04 | 6.734575e+04 |   0.02%|  53.08%
 49.0s| 11900 |  3918 | 47512 |   4.0 |   132M |  41 |3500 | 871 |   0 |1689 |  0 |3652 |1656 | 6.735608e+04 | 6.734575e+04 |   0.02%|  53.08%
 time | node  | left  |LP iter|LP it/n|mem/heur|mdpt |vars |cons |rows |cuts |sepa|confs|strbr|  dualbound   | primalbound  |  gap   | compl. 
 49.0s| 12000 |  3942 | 47781 |   4.0 |   132M |  41 |3500 | 861 | 174 |1690 |  1 |3665 |1658 | 6.735608e+04 | 6.734575e+04 |   0.02%|  53.08%
 49.0s| 12100 |  3962 | 47979 |   3.9 |   132M |  41 |3500 | 857 |   0 |1691 |  0 |3674 |1666 | 6.735608e+04 | 6.734575e+04 |   0.02%|  53.08%
 50.0s| 12200 |  3980 | 48167 |   3.9 |   132M |  41 |3500 | 863 |   0 |1691 |  0 |3690 |1666 | 6.735607e+04 | 6.734575e+04 |   0.02%|  53.11%
 50.0s| 12300 |  4018 | 48499 |   3.9 |   132M |  41 |3500 | 862 |   0 |1695 |  0 |3706 |1667 | 6.735606e+04 | 6.734575e+04 |   0.02%|  53.13%
 50.0s| 12400 |  4036 | 48711 |   3.9 |   132M |  41 |3500 | 894 |   0 |1696 |  0 |3746 |1667 | 6.735606e+04 | 6.734575e+04 |   0.02%|  53.13%
 50.0s| 12500 |  4038 | 48831 |   3.9 |   132M |  41 |3500 | 916 | 170 |1696 |  1 |3772 |1667 | 6.735606e+04 | 6.734575e+04 |   0.02%|  53.13%
 50.0s| 12600 |  4051 | 49000 |   3.9 |   132M |  41 |3500 | 926 | 172 |1697 |  1 |3797 |1670 | 6.735606e+04 | 6.734575e+04 |   0.02%|  53.13%
 51.0s| 12700 |  4073 | 49208 |   3.9 |   132M |  41 |3500 | 910 | 171 |1698 |  1 |3802 |1673 | 6.735605e+04 | 6.734575e+04 |   0.02%|  53.13%
 51.0s| 12800 |  4095 | 49387 |   3.8 |   132M |  41 |3500 | 893 |   0 |1698 |  0 |3809 |1673 | 6.735605e+04 | 6.734575e+04 |   0.02%|  53.13%
 51.0s| 12900 |  4097 | 49500 |   3.8 |   132M |  41 |3500 | 886 | 172 |1698 |  1 |3819 |1676 | 6.735605e+04 | 6.734575e+04 |   0.02%|  53.13%
 51.0s| 13000 |  4122 | 49705 |   3.8 |   132M |  41 |3500 | 879 | 170 |1699 |  1 |3825 |1678 | 6.735605e+04 | 6.734575e+04 |   0.02%|  53.13%
 51.0s| 13100 |  4140 | 49897 |   3.8 |   133M |  41 |3500 | 879 | 171 |1703 |  0 |3846 |1686 | 6.735605e+04 | 6.734575e+04 |   0.02%|  53.14%
 51.0s| 13200 |  4174 | 50154 |   3.8 |   133M |  41 |3500 | 877 | 171 |1707 |  1 |3880 |1689 | 6.735605e+04 | 6.734575e+04 |   0.02%|  53.14%
 52.0s| 13300 |  4203 | 50317 |   3.8 |   133M |  41 |3500 | 900 | 170 |1707 |  1 |3917 |1690 | 6.735605e+04 | 6.734575e+04 |   0.02%|  53.17%
 52.0s| 13400 |  4217 | 50554 |   3.8 |   133M |  41 |3500 | 877 | 173 |1714 |  1 |3933 |1691 | 6.735604e+04 | 6.734575e+04 |   0.02%|  53.23%
 time | node  | left  |LP iter|LP it/n|mem/heur|mdpt |vars |cons |rows |cuts |sepa|confs|strbr|  dualbound   | primalbound  |  gap   | compl. 
 52.0s| 13500 |  4218 | 50669 |   3.7 |   133M |  41 |3500 | 897 | 173 |1714 |  1 |3969 |1693 | 6.735604e+04 | 6.734575e+04 |   0.02%|  53.24%
 52.0s| 13600 |  4232 | 50840 |   3.7 |   133M |  41 |3500 | 896 | 174 |1716 |  1 |3983 |1695 | 6.735603e+04 | 6.734575e+04 |   0.02%|  53.24%
 52.0s| 13700 |  4240 | 51031 |   3.7 |   133M |  41 |3500 | 887 | 175 |1720 |  0 |4007 |1698 | 6.735602e+04 | 6.734575e+04 |   0.02%|  53.26%
 53.0s| 13800 |  4256 | 51345 |   3.7 |   133M |  41 |3500 | 894 | 174 |1722 |  1 |4029 |1703 | 6.735602e+04 | 6.734575e+04 |   0.02%|  53.26%
 53.0s| 13900 |  4300 | 51678 |   3.7 |   133M |  41 |3500 | 892 | 175 |1736 |  0 |4046 |1707 | 6.735601e+04 | 6.734575e+04 |   0.02%|  53.26%
 53.0s| 14000 |  4325 | 51850 |   3.7 |   133M |  41 |3500 | 892 |   0 |1742 |  0 |4064 |1707 | 6.735601e+04 | 6.734575e+04 |   0.02%|  53.26%
 53.0s| 14100 |  4333 | 52043 |   3.7 |   133M |  41 |3500 | 889 |   0 |1743 |  0 |4071 |1710 | 6.735600e+04 | 6.734575e+04 |   0.02%|  53.27%
 53.0s| 14200 |  4345 | 52208 |   3.7 |   133M |  41 |3500 | 891 |   0 |1743 |  0 |4092 |1711 | 6.735599e+04 | 6.734575e+04 |   0.02%|  53.27%
 54.0s| 14300 |  4353 | 52376 |   3.6 |   133M |  41 |3500 | 882 | 175 |1745 |  1 |4098 |1711 | 6.735599e+04 | 6.734575e+04 |   0.02%|  53.27%
 54.0s| 14400 |  4365 | 52514 |   3.6 |   133M |  41 |3500 | 888 |   0 |1745 |  0 |4115 |1715 | 6.735599e+04 | 6.734575e+04 |   0.02%|  53.27%
 54.0s| 14500 |  4383 | 52690 |   3.6 |   133M |  41 |3500 | 862 | 170 |1746 |  1 |4122 |1721 | 6.735598e+04 | 6.734575e+04 |   0.02%|  53.27%
 54.0s| 14600 |  4419 | 52930 |   3.6 |   133M |  41 |3500 | 886 | 170 |1746 |  2 |4161 |1721 | 6.735597e+04 | 6.734575e+04 |   0.02%|  53.28%
 54.0s| 14700 |  4453 | 53295 |   3.6 |   133M |  41 |3500 | 900 | 170 |1747 |  1 |4191 |1724 | 6.735597e+04 | 6.734575e+04 |   0.02%|  53.28%
 54.0s| 14800 |  4467 | 53463 |   3.6 |   133M |  41 |3500 | 897 | 174 |1750 |  1 |4218 |1726 | 6.735597e+04 | 6.734575e+04 |   0.02%|  53.28%
 55.0s| 14900 |  4480 | 53585 |   3.6 |   133M |  41 |3500 | 891 | 176 |1751 |  1 |4228 |1726 | 6.735597e+04 | 6.734575e+04 |   0.02%|  53.28%
 time | node  | left  |LP iter|LP it/n|mem/heur|mdpt |vars |cons |rows |cuts |sepa|confs|strbr|  dualbound   | primalbound  |  gap   | compl. 
 55.0s| 15000 |  4494 | 53714 |   3.6 |   133M |  41 |3500 | 889 |   0 |1754 |  0 |4244 |1726 | 6.735597e+04 | 6.734575e+04 |   0.02%|  53.28%
 55.0s| 15100 |  4504 | 53923 |   3.6 |   133M |  41 |3500 | 895 |   0 |1754 |  0 |4263 |1728 | 6.735597e+04 | 6.734575e+04 |   0.02%|  53.29%
 55.0s| 15200 |  4519 | 54086 |   3.5 |   133M |  41 |3500 | 900 | 173 |1756 |  0 |4281 |1732 | 6.735597e+04 | 6.734575e+04 |   0.02%|  53.29%
 55.0s| 15300 |  4541 | 54370 |   3.5 |   133M |  41 |3500 | 901 | 172 |1759 |  1 |4302 |1732 | 6.735596e+04 | 6.734575e+04 |   0.02%|  53.29%
 55.0s| 15400 |  4565 | 54634 |   3.5 |   133M |  41 |3500 | 897 | 173 |1762 |  2 |4316 |1739 | 6.735596e+04 | 6.734575e+04 |   0.02%|  53.29%
 55.0s| 15500 |  4567 | 54774 |   3.5 |   133M |  41 |3500 | 895 |   0 |1762 |  0 |4326 |1747 | 6.735596e+04 | 6.734575e+04 |   0.02%|  53.29%
 56.0s| 15600 |  4586 | 55029 |   3.5 |   133M |  41 |3500 | 899 | 170 |1764 |  1 |4368 |1754 | 6.735596e+04 | 6.734575e+04 |   0.02%|  53.30%
 56.0s| 15700 |  4607 | 55297 |   3.5 |   133M |  41 |3500 | 881 | 169 |1765 |  1 |4380 |1755 | 6.735595e+04 | 6.734575e+04 |   0.02%|  53.30%
 56.0s| 15800 |  4627 | 55429 |   3.5 |   133M |  41 |3500 | 881 | 169 |1765 |  1 |4404 |1762 | 6.735595e+04 | 6.734575e+04 |   0.02%|  53.31%
 56.0s| 15900 |  4638 | 55606 |   3.5 |   133M |  41 |3500 | 894 |   0 |1765 |  0 |4442 |1762 | 6.735595e+04 | 6.734575e+04 |   0.02%|  53.31%
 56.0s| 16000 |  4660 | 55782 |   3.5 |   133M |  41 |3500 | 889 | 176 |1767 |  1 |4461 |1764 | 6.735594e+04 | 6.734575e+04 |   0.02%|  53.32%
 56.0s| 16100 |  4690 | 55971 |   3.5 |   133M |  41 |3500 | 880 |   0 |1768 |  0 |4470 |1768 | 6.735594e+04 | 6.734575e+04 |   0.02%|  53.32%
 56.0s| 16200 |  4721 | 56374 |   3.5 |   134M |  41 |3500 | 878 | 174 |1769 |  1 |4500 |1772 | 6.735594e+04 | 6.734575e+04 |   0.02%|  53.33%
 57.0s| 16300 |  4759 | 56625 |   3.5 |   134M |  41 |3500 | 857 |   0 |1772 |  0 |4515 |1773 | 6.735594e+04 | 6.734575e+04 |   0.02%|  53.33%
 57.0s| 16400 |  4787 | 56921 |   3.5 |   134M |  41 |3500 | 856 | 171 |1772 |  1 |4531 |1774 | 6.735594e+04 | 6.734575e+04 |   0.02%|  53.33%
 time | node  | left  |LP iter|LP it/n|mem/heur|mdpt |vars |cons |rows |cuts |sepa|confs|strbr|  dualbound   | primalbound  |  gap   | compl. 
 57.0s| 16500 |  4809 | 57112 |   3.4 |   134M |  41 |3500 | 845 |   0 |1772 |  0 |4542 |1776 | 6.735594e+04 | 6.734575e+04 |   0.02%|  53.34%
 57.0s| 16600 |  4829 | 57294 |   3.4 |   134M |  41 |3500 | 849 | 170 |1772 |  1 |4564 |1776 | 6.735594e+04 | 6.734575e+04 |   0.02%|  53.34%
 57.0s| 16700 |  4850 | 57522 |   3.4 |   134M |  41 |3500 | 854 | 172 |1772 |  1 |4591 |1778 | 6.735593e+04 | 6.734575e+04 |   0.02%|  53.34%
 58.0s| 16800 |  4864 | 57673 |   3.4 |   134M |  41 |3500 | 874 | 172 |1772 |  1 |4616 |1779 | 6.735593e+04 | 6.734575e+04 |   0.02%|  53.34%
 58.0s| 16900 |  4880 | 57854 |   3.4 |   134M |  41 |3500 | 882 | 174 |1773 |  1 |4660 |1779 | 6.735593e+04 | 6.734575e+04 |   0.02%|  53.34%
 58.0s| 17000 |  4893 | 58115 |   3.4 |   134M |  41 |3500 | 904 |   0 |1775 |  0 |4687 |1784 | 6.735593e+04 | 6.734575e+04 |   0.02%|  53.34%
 58.0s| 17100 |  4919 | 58447 |   3.4 |   134M |  41 |3500 | 917 | 172 |1776 |  1 |4718 |1787 | 6.735593e+04 | 6.734575e+04 |   0.02%|  53.37%
 58.0s| 17200 |  4928 | 58644 |   3.4 |   134M |  41 |3500 | 896 | 173 |1776 |  1 |4733 |1790 | 6.735593e+04 | 6.734575e+04 |   0.02%|  53.41%
 58.0s| 17300 |  4982 | 58967 |   3.4 |   135M |  41 |3500 | 924 | 174 |1777 |  1 |4771 |1792 | 6.735593e+04 | 6.734575e+04 |   0.02%|  53.41%
 59.0s| 17400 |  5009 | 59176 |   3.4 |   135M |  41 |3500 | 945 | 173 |1777 |  1 |4804 |1793 | 6.735593e+04 | 6.734575e+04 |   0.02%|  53.42%
 59.0s| 17500 |  5047 | 59467 |   3.4 |   135M |  41 |3500 | 942 | 174 |1778 |  2 |4837 |1796 | 6.735592e+04 | 6.734575e+04 |   0.02%|  53.42%
 59.0s| 17600 |  5065 | 59731 |   3.4 |   135M |  41 |3500 | 957 |   0 |1783 |  0 |4877 |1798 | 6.735591e+04 | 6.734575e+04 |   0.02%|  53.43%
 59.0s| 17700 |  5075 | 59922 |   3.4 |   135M |  41 |3500 | 956 | 174 |1785 |  1 |4887 |1805 | 6.735590e+04 | 6.734575e+04 |   0.02%|  53.44%
 59.0s| 17800 |  5095 | 60111 |   3.4 |   135M |  41 |3500 | 990 | 174 |1789 |  1 |4932 |1808 | 6.735590e+04 | 6.734575e+04 |   0.02%|  53.45%
 60.0s| 17900 |  5138 | 60440 |   3.4 |   135M |  41 |3500 |1002 | 174 |1790 |  2 |4962 |1810 | 6.735590e+04 | 6.734575e+04 |   0.02%|  53.45%
 time | node  | left  |LP iter|LP it/n|mem/heur|mdpt |vars |cons |rows |cuts |sepa|confs|strbr|  dualbound   | primalbound  |  gap   | compl. 
 60.0s| 18000 |  5186 | 61072 |   3.4 |   135M |  41 |3500 |1053 | 174 |1796 |  1 |5041 |1814 | 6.735590e+04 | 6.734575e+04 |   0.02%|  53.47%
 60.0s| 18100 |  5208 | 61238 |   3.4 |   136M |  41 |3500 |1043 |   0 |1796 |  0 |5064 |1816 | 6.735590e+04 | 6.734575e+04 |   0.02%|  53.47%
 60.0s| 18200 |  5226 | 61400 |   3.4 |   136M |  41 |3500 |1010 | 171 |1798 |  2 |5072 |1816 | 6.735590e+04 | 6.734575e+04 |   0.02%|  53.47%
 60.0s| 18300 |  5240 | 61622 |   3.4 |   136M |  41 |3500 | 990 | 171 |1799 |  1 |5081 |1817 | 6.735589e+04 | 6.734575e+04 |   0.02%|  53.48%
 61.0s| 18400 |  5255 | 61856 |   3.3 |   136M |  41 |3500 |1004 | 171 |1800 |  1 |5115 |1817 | 6.735589e+04 | 6.734575e+04 |   0.02%|  53.48%
 61.0s| 18500 |  5272 | 62025 |   3.3 |   136M |  41 |3500 |1015 |   0 |1800 |  0 |5133 |1821 | 6.735589e+04 | 6.734575e+04 |   0.02%|  53.48%
 61.0s| 18600 |  5302 | 62225 |   3.3 |   136M |  41 |3500 |1036 | 171 |1801 |  1 |5162 |1821 | 6.735589e+04 | 6.734575e+04 |   0.02%|  53.48%
 61.0s| 18700 |  5332 | 62414 |   3.3 |   136M |  41 |3500 |1041 | 171 |1805 |  1 |5205 |1824 | 6.735588e+04 | 6.734575e+04 |   0.02%|  53.48%
 61.0s| 18800 |  5356 | 62555 |   3.3 |   136M |  41 |3500 |1048 | 171 |1805 |  1 |5226 |1825 | 6.735588e+04 | 6.734575e+04 |   0.02%|  53.49%
 61.0s| 18900 |  5385 | 62838 |   3.3 |   136M |  41 |3500 |1023 | 174 |1807 |  1 |5242 |1826 | 6.735588e+04 | 6.734575e+04 |   0.02%|  53.49%
 62.0s| 19000 |  5419 | 63090 |   3.3 |   136M |  41 |3500 |1002 |   0 |1817 |  0 |5252 |1826 | 6.735588e+04 | 6.734575e+04 |   0.02%|  53.57%
 62.0s| 19100 |  5473 | 63365 |   3.3 |   136M |  41 |3500 |1007 |   0 |1817 |  0 |5305 |1834 | 6.735588e+04 | 6.734575e+04 |   0.02%|  53.57%
 62.0s| 19200 |  5496 | 63556 |   3.3 |   136M |  41 |3500 | 996 |   0 |1817 |  0 |5321 |1838 | 6.735587e+04 | 6.734575e+04 |   0.02%|  53.57%
 62.0s| 19300 |  5550 | 63822 |   3.3 |   136M |  41 |3500 |1012 |   0 |1817 |  0 |5351 |1839 | 6.735587e+04 | 6.734575e+04 |   0.02%|  53.57%
 63.0s| 19400 |  5594 | 64046 |   3.3 |   136M |  41 |3500 |1093 | 172 |1817 |  1 |5457 |1847 | 6.735587e+04 | 6.734575e+04 |   0.02%|  53.57%
 time | node  | left  |LP iter|LP it/n|mem/heur|mdpt |vars |cons |rows |cuts |sepa|confs|strbr|  dualbound   | primalbound  |  gap   | compl. 
 63.0s| 19500 |  5658 | 64360 |   3.3 |   136M |  41 |3500 |1194 | 171 |1817 |  1 |5573 |1855 | 6.735587e+04 | 6.734575e+04 |   0.02%|  53.57%
 63.0s| 19600 |  5668 | 64512 |   3.3 |   136M |  41 |3500 |1167 | 172 |1818 |  1 |5578 |1855 | 6.735587e+04 | 6.734575e+04 |   0.02%|  53.58%
 63.0s| 19700 |  5690 | 64725 |   3.3 |   137M |  41 |3500 |1164 |   0 |1818 |  0 |5610 |1861 | 6.735587e+04 | 6.734575e+04 |   0.02%|  53.60%
 64.0s| 19800 |  5711 | 64966 |   3.3 |   137M |  41 |3500 |1227 | 176 |1818 |  1 |5698 |1868 | 6.735586e+04 | 6.734575e+04 |   0.02%|  53.61%
 64.0s| 19900 |  5737 | 65325 |   3.3 |   137M |  41 |3500 |1197 | 172 |1819 |  1 |5728 |1871 | 6.735585e+04 | 6.734575e+04 |   0.02%|  53.63%
 64.0s| 20000 |  5770 | 65556 |   3.3 |   137M |  41 |3500 |1198 |   0 |1821 |  0 |5774 |1877 | 6.735584e+04 | 6.734575e+04 |   0.01%|  53.66%
 64.0s| 20100 |  5802 | 65761 |   3.3 |   137M |  41 |3500 |1202 | 172 |1822 |  1 |5806 |1878 | 6.735584e+04 | 6.734575e+04 |   0.01%|  53.66%
 64.0s| 20200 |  5825 | 65991 |   3.3 |   137M |  41 |3500 |1222 | 172 |1822 |  1 |5840 |1884 | 6.735584e+04 | 6.734575e+04 |   0.01%|  53.66%
 65.0s| 20300 |  5847 | 66196 |   3.3 |   137M |  41 |3500 |1247 | 172 |1822 |  1 |5885 |1888 | 6.735583e+04 | 6.734575e+04 |   0.01%|  53.66%
 65.0s| 20400 |  5859 | 66415 |   3.2 |   137M |  41 |3500 |1203 |   0 |1824 |  0 |5906 |1890 | 6.735583e+04 | 6.734575e+04 |   0.01%|  53.66%
 65.0s| 20500 |  5867 | 66592 |   3.2 |   138M |  41 |3500 |1159 |   0 |1824 |  0 |5939 |1894 | 6.735583e+04 | 6.734575e+04 |   0.01%|  53.67%
 65.0s| 20600 |  5892 | 66751 |   3.2 |   138M |  41 |3500 |1145 | 173 |1825 |  1 |5974 |1894 | 6.735583e+04 | 6.734575e+04 |   0.01%|  53.67%
 65.0s| 20700 |  5913 | 66899 |   3.2 |   138M |  41 |3500 |1119 | 169 |1825 |  1 |6016 |1895 | 6.735582e+04 | 6.734575e+04 |   0.01%|  53.68%
 65.0s| 20800 |  5927 | 67040 |   3.2 |   138M |  41 |3500 |1174 | 172 |1825 |  1 |6083 |1899 | 6.735582e+04 | 6.734575e+04 |   0.01%|  53.68%
 65.0s| 20900 |  5939 | 67266 |   3.2 |   138M |  41 |3500 |1162 | 170 |1825 |  1 |6156 |1904 | 6.735581e+04 | 6.734575e+04 |   0.01%|  53.68%
 time | node  | left  |LP iter|LP it/n|mem/heur|mdpt |vars |cons |rows |cuts |sepa|confs|strbr|  dualbound   | primalbound  |  gap   | compl. 
 66.0s| 21000 |  5956 | 67479 |   3.2 |   138M |  41 |3500 |1164 | 172 |1827 |  1 |6220 |1909 | 6.735581e+04 | 6.734575e+04 |   0.01%|  53.69%
 66.0s| 21100 |  5961 | 67645 |   3.2 |   138M |  41 |3500 |1077 | 172 |1827 |  1 |6254 |1911 | 6.735581e+04 | 6.734575e+04 |   0.01%|  53.69%
 66.0s| 21200 |  5975 | 67809 |   3.2 |   138M |  41 |3500 |1060 | 171 |1828 |  1 |6256 |1912 | 6.735580e+04 | 6.734575e+04 |   0.01%|  53.69%
 66.0s| 21300 |  6000 | 67981 |   3.2 |   138M |  41 |3500 |1019 | 173 |1828 |  1 |6267 |1915 | 6.735579e+04 | 6.734575e+04 |   0.01%|  53.71%
 66.0s| 21400 |  6041 | 68200 |   3.2 |   138M |  41 |3500 |1016 | 169 |1829 |  2 |6289 |1917 | 6.735579e+04 | 6.734575e+04 |   0.01%|  53.71%
 67.0s| 21500 |  6073 | 68372 |   3.2 |   139M |  41 |3500 |1018 | 169 |1829 |  1 |6321 |1920 | 6.735577e+04 | 6.734575e+04 |   0.01%|  53.71%
 67.0s| 21600 |  6085 | 68510 |   3.2 |   139M |  41 |3500 |1002 | 169 |1829 |  1 |6327 |1920 | 6.735577e+04 | 6.734575e+04 |   0.01%|  53.71%
 67.0s| 21700 |  6105 | 68631 |   3.2 |   139M |  41 |3500 |1004 | 169 |1829 |  1 |6343 |1920 | 6.735577e+04 | 6.734575e+04 |   0.01%|  53.71%
 67.0s| 21800 |  6123 | 68870 |   3.1 |   139M |  41 |3500 | 990 |   0 |1830 |  0 |6361 |1926 | 6.735577e+04 | 6.734575e+04 |   0.01%|  53.71%
 67.0s| 21900 |  6142 | 69007 |   3.1 |   139M |  41 |3500 | 969 | 174 |1830 |  1 |6388 |1928 | 6.735577e+04 | 6.734575e+04 |   0.01%|  53.72%
 67.0s| 22000 |  6176 | 69292 |   3.1 |   139M |  41 |3500 | 978 | 169 |1831 |  1 |6444 |1930 | 6.735577e+04 | 6.734575e+04 |   0.01%|  53.72%
 68.0s| 22100 |  6196 | 69481 |   3.1 |   139M |  41 |3500 | 974 |   0 |1833 |  0 |6471 |1934 | 6.735577e+04 | 6.734575e+04 |   0.01%|  53.72%
 68.0s| 22200 |  6216 | 69601 |   3.1 |   139M |  41 |3500 | 989 | 173 |1833 |  1 |6503 |1934 | 6.735577e+04 | 6.734575e+04 |   0.01%|  53.72%
 68.0s| 22300 |  6238 | 69747 |   3.1 |   139M |  41 |3500 | 983 |   0 |1833 |  0 |6527 |1936 | 6.735577e+04 | 6.734575e+04 |   0.01%|  53.72%
 68.0s| 22400 |  6241 | 69875 |   3.1 |   139M |  41 |3500 |1002 |   0 |1835 |  0 |6565 |1940 | 6.735577e+04 | 6.734575e+04 |   0.01%|  53.72%
 time | node  | left  |LP iter|LP it/n|mem/heur|mdpt |vars |cons |rows |cuts |sepa|confs|strbr|  dualbound   | primalbound  |  gap   | compl. 
 68.0s| 22500 |  6246 | 70032 |   3.1 |   139M |  41 |3500 | 976 | 173 |1836 |  1 |6585 |1942 | 6.735576e+04 | 6.734575e+04 |   0.01%|  53.73%
 69.0s| 22600 |  6263 | 70305 |   3.1 |   139M |  41 |3500 | 979 | 171 |1838 |  1 |6614 |1943 | 6.735576e+04 | 6.734575e+04 |   0.01%|  53.73%
 69.0s| 22700 |  6295 | 70647 |   3.1 |   140M |  41 |3500 | 937 | 170 |1838 |  1 |6632 |1944 | 6.735575e+04 | 6.734575e+04 |   0.01%|  53.75%
 69.0s| 22800 |  6308 | 70871 |   3.1 |   140M |  41 |3500 | 925 |   0 |1840 |  0 |6655 |1944 | 6.735575e+04 | 6.734575e+04 |   0.01%|  53.75%
 69.0s| 22900 |  6316 | 71004 |   3.1 |   140M |  41 |3500 | 877 | 175 |1841 |  1 |6667 |1948 | 6.735574e+04 | 6.734575e+04 |   0.01%|  53.77%
 69.0s| 23000 |  6332 | 71111 |   3.1 |   140M |  41 |3500 | 874 |   0 |1842 |  0 |6672 |1951 | 6.735574e+04 | 6.734575e+04 |   0.01%|  53.77%
 69.0s| 23100 |  6343 | 71221 |   3.1 |   140M |  41 |3500 | 879 | 174 |1842 |  1 |6695 |1952 | 6.735574e+04 | 6.734575e+04 |   0.01%|  53.78%
 70.0s| 23200 |  6359 | 71374 |   3.1 |   140M |  41 |3500 | 852 | 174 |1849 |  1 |6713 |1953 | 6.735574e+04 | 6.734575e+04 |   0.01%|  53.84%
 70.0s| 23300 |  6377 | 71594 |   3.1 |   140M |  41 |3500 | 862 |   0 |1850 |  0 |6739 |1964 | 6.735574e+04 | 6.734575e+04 |   0.01%|  53.84%
 70.0s| 23400 |  6386 | 71770 |   3.1 |   140M |  41 |3500 | 893 | 173 |1850 |  1 |6790 |1966 | 6.735574e+04 | 6.734575e+04 |   0.01%|  53.84%
 70.0s| 23500 |  6396 | 71924 |   3.1 |   140M |  41 |3500 | 899 |   0 |1850 |  0 |6812 |1967 | 6.735574e+04 | 6.734575e+04 |   0.01%|  53.84%
 70.0s| 23600 |  6428 | 72170 |   3.0 |   140M |  41 |3500 | 899 | 173 |1851 |  1 |6829 |1967 | 6.735573e+04 | 6.734575e+04 |   0.01%|  53.90%
 70.0s| 23700 |  6452 | 72395 |   3.0 |   140M |  41 |3500 | 902 |   0 |1853 |  0 |6859 |1970 | 6.735573e+04 | 6.734575e+04 |   0.01%|  53.91%
 71.0s| 23800 |  6476 | 72664 |   3.0 |   140M |  41 |3500 | 894 |   0 |1860 |  0 |6900 |1977 | 6.735572e+04 | 6.734575e+04 |   0.01%|  53.93%
 71.0s| 23900 |  6514 | 73044 |   3.0 |   140M |  41 |3500 | 899 | 176 |1861 |  1 |6925 |1979 | 6.735572e+04 | 6.734575e+04 |   0.01%|  53.93%
 time | node  | left  |LP iter|LP it/n|mem/heur|mdpt |vars |cons |rows |cuts |sepa|confs|strbr|  dualbound   | primalbound  |  gap   | compl. 
 71.0s| 24000 |  6544 | 73325 |   3.0 |   140M |  41 |3500 | 893 |   0 |1861 |  0 |6966 |1979 | 6.735572e+04 | 6.734575e+04 |   0.01%|  53.94%
 71.0s| 24100 |  6557 | 73635 |   3.0 |   140M |  41 |3500 | 909 | 176 |1862 |  1 |7003 |1986 | 6.735572e+04 | 6.734575e+04 |   0.01%|  53.96%
 71.0s| 24200 |  6582 | 73869 |   3.0 |   140M |  41 |3500 | 920 | 173 |1865 |  1 |7048 |1990 | 6.735571e+04 | 6.734575e+04 |   0.01%|  53.99%
 72.0s| 24300 |  6602 | 74081 |   3.0 |   140M |  41 |3500 | 921 | 175 |1866 |  1 |7066 |1995 | 6.735571e+04 | 6.734575e+04 |   0.01%|  53.99%
 72.0s| 24400 |  6622 | 74318 |   3.0 |   140M |  41 |3500 | 937 | 175 |1867 |  1 |7091 |2009 | 6.735571e+04 | 6.734575e+04 |   0.01%|  53.99%
 72.0s| 24500 |  6629 | 74522 |   3.0 |   140M |  41 |3500 | 933 |   0 |1868 |  0 |7129 |2014 | 6.735571e+04 | 6.734575e+04 |   0.01%|  54.02%
 72.0s| 24600 |  6629 | 74748 |   3.0 |   140M |  41 |3500 | 910 | 175 |1868 |  1 |7132 |2018 | 6.735571e+04 | 6.734575e+04 |   0.01%|  54.03%
 72.0s| 24700 |  6635 | 74926 |   3.0 |   140M |  41 |3500 | 931 |   0 |1876 |  0 |7165 |2024 | 6.735571e+04 | 6.734575e+04 |   0.01%|  54.03%
 72.0s| 24800 |  6652 | 75074 |   3.0 |   140M |  41 |3500 | 939 | 174 |1881 |  1 |7195 |2024 | 6.735571e+04 | 6.734575e+04 |   0.01%|  54.03%
 73.0s| 24900 |  6678 | 75289 |   3.0 |   140M |  41 |3500 | 950 | 175 |1885 |  1 |7214 |2030 | 6.735570e+04 | 6.734575e+04 |   0.01%|  54.03%
 73.0s| 25000 |  6696 | 75535 |   3.0 |   141M |  41 |3500 | 948 |   0 |1889 |  0 |7266 |2038 | 6.735570e+04 | 6.734575e+04 |   0.01%|  54.03%
 73.0s| 25100 |  6722 | 75841 |   3.0 |   141M |  41 |3500 | 946 | 171 |1891 |  1 |7294 |2045 | 6.735570e+04 | 6.734575e+04 |   0.01%|  54.03%
 73.0s| 25200 |  6741 | 76010 |   3.0 |   141M |  41 |3500 | 952 | 171 |1891 |  1 |7307 |2051 | 6.735570e+04 | 6.734575e+04 |   0.01%|  54.06%
 73.0s| 25300 |  6769 | 76206 |   3.0 |   141M |  41 |3500 | 917 |   0 |1891 |  0 |7334 |2053 | 6.735570e+04 | 6.734575e+04 |   0.01%|  54.07%
 73.0s| 25400 |  6783 | 76396 |   3.0 |   141M |  41 |3500 | 910 | 169 |1892 |  1 |7356 |2055 | 6.735569e+04 | 6.734575e+04 |   0.01%|  54.09%
 time | node  | left  |LP iter|LP it/n|mem/heur|mdpt |vars |cons |rows |cuts |sepa|confs|strbr|  dualbound   | primalbound  |  gap   | compl. 
 74.0s| 25500 |  6808 | 76652 |   3.0 |   141M |  41 |3500 | 933 |   0 |1903 |  0 |7401 |2057 | 6.735569e+04 | 6.734575e+04 |   0.01%|  54.11%
 74.0s| 25600 |  6839 | 76884 |   3.0 |   141M |  41 |3500 | 903 | 170 |1909 |  1 |7423 |2058 | 6.735569e+04 | 6.734575e+04 |   0.01%|  54.12%
 74.0s| 25700 |  6864 | 77108 |   3.0 |   141M |  41 |3500 | 931 | 172 |1913 |  2 |7478 |2062 | 6.735569e+04 | 6.734575e+04 |   0.01%|  54.12%
 74.0s| 25800 |  6888 | 77278 |   3.0 |   141M |  41 |3500 | 927 |   0 |1916 |  0 |7492 |2064 | 6.735569e+04 | 6.734575e+04 |   0.01%|  54.12%
 74.0s| 25900 |  6899 | 77484 |   3.0 |   141M |  41 |3500 | 965 |   0 |1916 |  0 |7538 |2065 | 6.735569e+04 | 6.734575e+04 |   0.01%|  54.12%
 75.0s| 26000 |  6915 | 77700 |   3.0 |   141M |  41 |3500 | 950 |   0 |1918 |  0 |7571 |2068 | 6.735569e+04 | 6.734575e+04 |   0.01%|  54.12%
 75.0s| 26100 |  6921 | 77852 |   3.0 |   141M |  41 |3500 | 991 | 172 |1919 |  1 |7638 |2072 | 6.735569e+04 | 6.734575e+04 |   0.01%|  54.12%
 75.0s| 26200 |  6969 | 78065 |   3.0 |   141M |  41 |3500 | 974 | 169 |1919 |  1 |7666 |2075 | 6.735568e+04 | 6.734575e+04 |   0.01%|  54.12%
 75.0s| 26300 |  6998 | 78200 |   3.0 |   141M |  41 |3500 | 988 |   0 |1919 |  0 |7688 |2075 | 6.735568e+04 | 6.734575e+04 |   0.01%|  54.12%
 75.0s| 26400 |  7024 | 78358 |   3.0 |   141M |  41 |3500 | 967 |   0 |1919 |  0 |7700 |2076 | 6.735568e+04 | 6.734575e+04 |   0.01%|  54.12%
 75.0s| 26500 |  7044 | 78480 |   3.0 |   141M |  41 |3500 | 964 |   0 |1920 |  0 |7700 |2076 | 6.735568e+04 | 6.734575e+04 |   0.01%|  54.12%
 76.0s| 26600 |  7082 | 78847 |   3.0 |   141M |  41 |3500 | 944 |   0 |1926 |  0 |7748 |2076 | 6.735568e+04 | 6.734575e+04 |   0.01%|  54.12%
 76.0s| 26700 |  7118 | 79055 |   3.0 |   141M |  41 |3500 | 931 | 170 |1927 |  1 |7771 |2076 | 6.735568e+04 | 6.734575e+04 |   0.01%|  54.12%
 76.0s| 26800 |  7146 | 79296 |   3.0 |   142M |  41 |3500 | 918 |   0 |1928 |  0 |7793 |2076 | 6.735567e+04 | 6.734575e+04 |   0.01%|  54.14%
 76.0s| 26900 |  7164 | 79530 |   2.9 |   142M |  41 |3500 | 890 | 170 |1930 |  2 |7809 |2081 | 6.735566e+04 | 6.734575e+04 |   0.01%|  54.15%
 time | node  | left  |LP iter|LP it/n|mem/heur|mdpt |vars |cons |rows |cuts |sepa|confs|strbr|  dualbound   | primalbound  |  gap   | compl. 
 76.0s| 27000 |  7163 | 79706 |   2.9 |   142M |  42 |3500 | 866 | 176 |1932 |  1 |7824 |2085 | 6.735566e+04 | 6.734575e+04 |   0.01%|  54.15%
 76.0s| 27100 |  7176 | 79831 |   2.9 |   142M |  42 |3500 | 850 |   0 |1933 |  0 |7834 |2088 | 6.735566e+04 | 6.734575e+04 |   0.01%|  54.15%
 77.0s| 27200 |  7200 | 80045 |   2.9 |   142M |  42 |3500 | 860 | 170 |1937 |  1 |7867 |2091 | 6.735566e+04 | 6.734575e+04 |   0.01%|  54.15%
 77.0s| 27300 |  7214 | 80219 |   2.9 |   142M |  42 |3500 | 843 | 171 |1945 |  1 |7940 |2103 | 6.735565e+04 | 6.734575e+04 |   0.01%|  54.17%
 77.0s| 27400 |  7245 | 80487 |   2.9 |   142M |  42 |3500 | 836 | 172 |1947 |  1 |7966 |2105 | 6.735565e+04 | 6.734575e+04 |   0.01%|  54.17%
 77.0s| 27500 |  7281 | 80829 |   2.9 |   143M |  42 |3500 | 822 |   0 |1952 |  0 |7988 |2107 | 6.735565e+04 | 6.734575e+04 |   0.01%|  54.17%
 78.0s| 27600 |  7299 | 81053 |   2.9 |   143M |  42 |3500 | 771 | 175 |1954 |  1 |7997 |2107 | 6.735565e+04 | 6.734575e+04 |   0.01%|  54.18%
 78.0s| 27700 |  7319 | 81190 |   2.9 |   143M |  42 |3500 | 751 | 176 |1956 |  2 |8004 |2107 | 6.735565e+04 | 6.734575e+04 |   0.01%|  54.18%
 78.0s| 27800 |  7343 | 81564 |   2.9 |   143M |  42 |3500 | 738 |   0 |1959 |  0 |8010 |2111 | 6.735564e+04 | 6.734575e+04 |   0.01%|  54.18%
 78.0s| 27900 |  7355 | 81729 |   2.9 |   143M |  42 |3500 | 714 | 176 |1966 |  1 |8031 |2118 | 6.735564e+04 | 6.734575e+04 |   0.01%|  54.18%
 78.0s| 28000 |  7377 | 81923 |   2.9 |   143M |  42 |3500 | 716 | 175 |1970 |  1 |8051 |2118 | 6.735564e+04 | 6.734575e+04 |   0.01%|  54.18%
 78.0s| 28100 |  7393 | 82059 |   2.9 |   143M |  42 |3500 | 703 |   0 |1971 |  0 |8055 |2118 | 6.735564e+04 | 6.734575e+04 |   0.01%|  54.20%
 78.0s| 28200 |  7411 | 82255 |   2.9 |   143M |  42 |3500 | 704 | 172 |1971 |  1 |8070 |2118 | 6.735564e+04 | 6.734575e+04 |   0.01%|  54.20%
 79.0s| 28300 |  7426 | 82479 |   2.9 |   143M |  42 |3500 | 684 | 171 |1972 |  1 |8109 |2125 | 6.735564e+04 | 6.734575e+04 |   0.01%|  54.21%
 79.0s| 28400 |  7447 | 82644 |   2.9 |   143M |  42 |3500 | 682 |   0 |1972 |  0 |8140 |2125 | 6.735564e+04 | 6.734575e+04 |   0.01%|  54.21%
 time | node  | left  |LP iter|LP it/n|mem/heur|mdpt |vars |cons |rows |cuts |sepa|confs|strbr|  dualbound   | primalbound  |  gap   | compl. 
 79.0s| 28500 |  7468 | 82840 |   2.9 |   143M |  42 |3500 | 696 |   0 |1975 |  0 |8171 |2125 | 6.735563e+04 | 6.734575e+04 |   0.01%|  54.21%
 79.0s| 28600 |  7493 | 83050 |   2.9 |   143M |  42 |3500 | 686 | 171 |1975 |  1 |8188 |2125 | 6.735563e+04 | 6.734575e+04 |   0.01%|  54.22%
 79.0s| 28700 |  7520 | 83230 |   2.9 |   144M |  42 |3500 | 722 | 171 |1975 |  3 |8239 |2128 | 6.735563e+04 | 6.734575e+04 |   0.01%|  54.22%
 79.0s| 28800 |  7543 | 83436 |   2.9 |   144M |  42 |3500 | 733 | 176 |1975 |  1 |8272 |2133 | 6.735563e+04 | 6.734575e+04 |   0.01%|  54.22%
 80.0s| 28900 |  7555 | 83648 |   2.9 |   144M |  42 |3500 | 752 | 172 |1976 |  1 |8302 |2141 | 6.735563e+04 | 6.734575e+04 |   0.01%|  54.22%
 80.0s| 29000 |  7571 | 83777 |   2.9 |   144M |  42 |3500 | 750 | 172 |1976 |  1 |8322 |2143 | 6.735563e+04 | 6.734575e+04 |   0.01%|  54.22%
 80.0s| 29100 |  7587 | 83986 |   2.9 |   145M |  42 |3500 | 704 | 172 |1976 |  1 |8346 |2148 | 6.735563e+04 | 6.734575e+04 |   0.01%|  54.25%
 80.0s| 29200 |  7592 | 84161 |   2.9 |   145M |  42 |3500 | 707 | 171 |1982 |  1 |8359 |2151 | 6.735563e+04 | 6.734575e+04 |   0.01%|  54.25%
 80.0s| 29300 |  7604 | 84317 |   2.9 |   145M |  42 |3500 | 697 | 172 |1982 |  1 |8394 |2157 | 6.735563e+04 | 6.734575e+04 |   0.01%|  54.29%
 81.0s| 29400 |  7624 | 84635 |   2.9 |   145M |  42 |3500 | 713 |   0 |1982 |  0 |8433 |2157 | 6.735562e+04 | 6.734575e+04 |   0.01%|  54.30%
 81.0s| 29500 |  7641 | 84925 |   2.9 |   145M |  42 |3500 | 716 | 174 |1982 |  1 |8474 |2160 | 6.735562e+04 | 6.734575e+04 |   0.01%|  54.33%
 81.0s| 29600 |  7658 | 85177 |   2.9 |   145M |  42 |3500 | 778 | 171 |1983 |  1 |8565 |2163 | 6.735561e+04 | 6.734575e+04 |   0.01%|  54.34%
 81.0s| 29700 |  7688 | 85464 |   2.9 |   145M |  42 |3500 | 749 |   0 |1996 |  0 |8598 |2166 | 6.735561e+04 | 6.734575e+04 |   0.01%|  54.34%
 81.0s| 29800 |  7698 | 85682 |   2.9 |   145M |  42 |3500 | 751 |   0 |2004 |  0 |8615 |2169 | 6.735561e+04 | 6.734575e+04 |   0.01%|  54.34%
 82.0s| 29900 |  7730 | 85958 |   2.9 |   145M |  42 |3500 | 740 |   0 |2005 |  0 |8652 |2173 | 6.735561e+04 | 6.734575e+04 |   0.01%|  54.34%
 time | node  | left  |LP iter|LP it/n|mem/heur|mdpt |vars |cons |rows |cuts |sepa|confs|strbr|  dualbound   | primalbound  |  gap   | compl. 
 82.0s| 30000 |  7735 | 86083 |   2.9 |   145M |  42 |3500 | 749 | 173 |2007 |  2 |8685 |2178 | 6.735560e+04 | 6.734575e+04 |   0.01%|  54.35%
 82.0s| 30100 |  7775 | 86366 |   2.9 |   145M |  42 |3500 | 767 | 173 |2021 |  1 |8735 |2180 | 6.735560e+04 | 6.734575e+04 |   0.01%|  54.35%
L82.0s| 30199 |  7772 | 86515 |   2.9 |    alns|  42 |3500 | 780 | 174 |2025 |  3 |8762 |2186 | 6.735560e+04 | 6.734585e+04 |   0.01%|  54.36%
 82.0s| 30200 |  7771 | 86515 |   2.9 |   145M |  42 |3500 | 780 |   0 |2025 |  0 |8762 |2186 | 6.735560e+04 | 6.734585e+04 |   0.01%|  54.36%
 82.0s| 30300 |  7775 | 86642 |   2.9 |   145M |  42 |3500 | 798 |   0 |2027 |  0 |8801 |2188 | 6.735560e+04 | 6.734585e+04 |   0.01%|  54.38%
 83.0s| 30400 |  7799 | 86823 |   2.8 |   145M |  42 |3500 | 798 |   0 |2029 |  0 |8816 |2189 | 6.735560e+04 | 6.734585e+04 |   0.01%|  54.38%
 83.0s| 30500 |  7829 | 87091 |   2.8 |   145M |  42 |3500 | 790 | 172 |2029 |  1 |8822 |2190 | 6.735560e+04 | 6.734585e+04 |   0.01%|  54.39%
 83.0s| 30600 |  7851 | 87333 |   2.8 |   145M |  42 |3500 | 776 | 173 |2031 |  1 |8838 |2193 | 6.735559e+04 | 6.734585e+04 |   0.01%|  54.39%
 83.0s| 30700 |  7879 | 87615 |   2.8 |   145M |  42 |3500 | 759 |   0 |2032 |  0 |8861 |2196 | 6.735559e+04 | 6.734585e+04 |   0.01%|  54.39%
 83.0s| 30800 |  7904 | 87814 |   2.8 |   145M |  42 |3500 | 745 |   0 |2034 |  0 |8872 |2196 | 6.735559e+04 | 6.734585e+04 |   0.01%|  54.39%
 84.0s| 30900 |  7912 | 87960 |   2.8 |   145M |  42 |3500 | 743 |   0 |2036 |  0 |8894 |2203 | 6.735559e+04 | 6.734585e+04 |   0.01%|  54.39%
 84.0s| 31000 |  7939 | 88103 |   2.8 |   145M |  42 |3500 | 755 | 173 |2036 |  1 |8923 |2205 | 6.735559e+04 | 6.734585e+04 |   0.01%|  54.39%
 84.0s| 31100 |  7955 | 88243 |   2.8 |   145M |  42 |3500 | 766 |   0 |2036 |  0 |8965 |2207 | 6.735559e+04 | 6.734585e+04 |   0.01%|  54.39%
 84.0s| 31200 |  7970 | 88457 |   2.8 |   145M |  42 |3500 | 772 |   0 |2036 |  0 |9017 |2208 | 6.735558e+04 | 6.734585e+04 |   0.01%|  54.41%
 84.0s| 31300 |  7979 | 88613 |   2.8 |   145M |  42 |3500 | 772 | 172 |2036 |  1 |9037 |2211 | 6.735558e+04 | 6.734585e+04 |   0.01%|  54.41%
 time | node  | left  |LP iter|LP it/n|mem/heur|mdpt |vars |cons |rows |cuts |sepa|confs|strbr|  dualbound   | primalbound  |  gap   | compl. 
 84.0s| 31400 |  7994 | 88788 |   2.8 |   145M |  42 |3500 | 770 |   0 |2036 |  0 |9051 |2215 | 6.735558e+04 | 6.734585e+04 |   0.01%|  54.41%
 85.0s| 31500 |  8022 | 89160 |   2.8 |   146M |  42 |3500 | 731 | 175 |2039 |  2 |9075 |2216 | 6.735557e+04 | 6.734585e+04 |   0.01%|  54.42%
 85.0s| 31600 |  8056 | 89578 |   2.8 |   146M |  42 |3500 | 727 | 175 |2041 |  1 |9101 |2220 | 6.735557e+04 | 6.734585e+04 |   0.01%|  54.42%
 85.0s| 31700 |  8078 | 89804 |   2.8 |   146M |  42 |3500 | 697 | 175 |2041 |  1 |9114 |2225 | 6.735557e+04 | 6.734585e+04 |   0.01%|  54.43%
 85.0s| 31800 |  8110 | 90099 |   2.8 |   146M |  42 |3500 | 691 | 176 |2046 |  1 |9136 |2230 | 6.735557e+04 | 6.734585e+04 |   0.01%|  54.44%
 86.0s| 31900 |  8132 | 90328 |   2.8 |   146M |  43 |3500 | 683 | 174 |2059 |  1 |9154 |2233 | 6.735557e+04 | 6.734585e+04 |   0.01%|  54.44%
 86.0s| 32000 |  8172 | 90531 |   2.8 |   146M |  43 |3500 | 677 |   0 |2064 |  0 |9176 |2235 | 6.735557e+04 | 6.734585e+04 |   0.01%|  54.45%
 86.0s| 32100 |  8214 | 90966 |   2.8 |   146M |  43 |3500 | 647 | 173 |2075 |  1 |9227 |2236 | 6.735556e+04 | 6.734585e+04 |   0.01%|  54.46%
 86.0s| 32200 |  8238 | 91180 |   2.8 |   146M |  43 |3500 | 618 | 173 |2075 |  1 |9252 |2236 | 6.735556e+04 | 6.734585e+04 |   0.01%|  54.47%
 86.0s| 32300 |  8244 | 91283 |   2.8 |   146M |  43 |3500 | 649 |   0 |2075 |  0 |9283 |2238 | 6.735556e+04 | 6.734585e+04 |   0.01%|  54.47%
 87.0s| 32400 |  8260 | 91446 |   2.8 |   146M |  43 |3500 | 640 |   0 |2080 |  0 |9302 |2238 | 6.735556e+04 | 6.734585e+04 |   0.01%|  54.48%
 87.0s| 32500 |  8268 | 91734 |   2.8 |   147M |  43 |3500 | 643 |   0 |2108 |  0 |9338 |2247 | 6.735555e+04 | 6.734585e+04 |   0.01%|  54.50%
 87.0s| 32600 |  8276 | 91922 |   2.8 |   147M |  43 |3500 | 630 | 175 |2109 |  1 |9355 |2251 | 6.735555e+04 | 6.734585e+04 |   0.01%|  54.54%
 87.0s| 32700 |  8283 | 92150 |   2.8 |   147M |  43 |3500 | 650 |   0 |2118 |  0 |9380 |2251 | 6.735555e+04 | 6.734585e+04 |   0.01%|  54.54%
 87.0s| 32800 |  8285 | 92360 |   2.8 |   147M |  43 |3500 | 621 | 175 |2120 |  1 |9392 |2255 | 6.735554e+04 | 6.734585e+04 |   0.01%|  54.57%
 time | node  | left  |LP iter|LP it/n|mem/heur|mdpt |vars |cons |rows |cuts |sepa|confs|strbr|  dualbound   | primalbound  |  gap   | compl. 
 88.0s| 32900 |  8316 | 92542 |   2.8 |   147M |  43 |3500 | 631 | 174 |2125 |  1 |9427 |2256 | 6.735554e+04 | 6.734585e+04 |   0.01%|  54.58%
 88.0s| 33000 |  8331 | 92698 |   2.8 |   147M |  43 |3500 | 633 |   0 |2137 |  0 |9448 |2259 | 6.735554e+04 | 6.734585e+04 |   0.01%|  54.59%
 88.0s| 33100 |  8349 | 92886 |   2.8 |   147M |  43 |3500 | 610 | 175 |2139 |  1 |9454 |2260 | 6.735554e+04 | 6.734585e+04 |   0.01%|  54.61%
 88.0s| 33200 |  8354 | 93070 |   2.8 |   147M |  43 |3500 | 620 | 169 |2144 |  1 |9475 |2261 | 6.735554e+04 | 6.734585e+04 |   0.01%|  54.62%
 88.0s| 33300 |  8371 | 93289 |   2.8 |   147M |  43 |3500 | 637 |   0 |2149 |  0 |9505 |2263 | 6.735554e+04 | 6.734585e+04 |   0.01%|  54.62%
 89.0s| 33400 |  8411 | 93580 |   2.8 |   147M |  43 |3500 | 653 | 170 |2150 |  1 |9544 |2264 | 6.735553e+04 | 6.734585e+04 |   0.01%|  54.65%
 89.0s| 33500 |  8450 | 93888 |   2.8 |   147M |  43 |3500 | 693 | 171 |2167 |  1 |9593 |2267 | 6.735553e+04 | 6.734585e+04 |   0.01%|  54.66%
 89.0s| 33600 |  8479 | 94133 |   2.8 |   147M |  43 |3500 | 711 | 172 |2174 |  1 |9647 |2273 | 6.735553e+04 | 6.734585e+04 |   0.01%|  54.69%
 89.0s| 33700 |  8503 | 94341 |   2.8 |   147M |  43 |3500 | 733 | 170 |2177 |  1 |9693 |2276 | 6.735552e+04 | 6.734585e+04 |   0.01%|  54.70%
 89.0s| 33800 |  8531 | 94527 |   2.8 |   147M |  43 |3500 | 725 |   0 |2182 |  0 |9719 |2276 | 6.735552e+04 | 6.734585e+04 |   0.01%|  54.71%
 90.0s| 33900 |  8551 | 94698 |   2.8 |   148M |  43 |3500 | 686 | 172 |2182 |  1 |9743 |2276 | 6.735551e+04 | 6.734585e+04 |   0.01%|  54.71%
 90.0s| 34000 |  8583 | 95058 |   2.8 |   148M |  43 |3500 | 707 | 174 |2188 |  1 |9810 |2284 | 6.735551e+04 | 6.734585e+04 |   0.01%|  54.71%
 90.0s| 34100 |  8606 | 95318 |   2.8 |   148M |  43 |3500 | 739 | 172 |2191 |  1 |9860 |2284 | 6.735551e+04 | 6.734585e+04 |   0.01%|  54.72%
 90.0s| 34200 |  8635 | 95486 |   2.8 |   148M |  43 |3500 | 756 | 172 |2191 |  1 |9906 |2287 | 6.735551e+04 | 6.734585e+04 |   0.01%|  54.72%
 90.0s| 34300 |  8653 | 95653 |   2.8 |   148M |  43 |3500 | 773 |   0 |2201 |  0 |9943 |2294 | 6.735551e+04 | 6.734585e+04 |   0.01%|  54.75%
 time | node  | left  |LP iter|LP it/n|mem/heur|mdpt |vars |cons |rows |cuts |sepa|confs|strbr|  dualbound   | primalbound  |  gap   | compl. 
 91.0s| 34400 |  8687 | 95912 |   2.8 |   148M |  43 |3500 | 742 |   0 |2204 |  0 |9955 |2295 | 6.735551e+04 | 6.734585e+04 |   0.01%|  54.75%
 91.0s| 34500 |  8713 | 96156 |   2.8 |   148M |  43 |3500 | 742 |   0 |2204 |  0 |9994 |2299 | 6.735551e+04 | 6.734585e+04 |   0.01%|  54.75%
 91.0s| 34600 |  8727 | 96341 |   2.8 |   148M |  43 |3500 | 717 | 172 |2210 |  1 |  10k|2299 | 6.735550e+04 | 6.734585e+04 |   0.01%|  54.76%
 91.0s| 34700 |  8742 | 96529 |   2.8 |   148M |  43 |3500 | 712 |   0 |2211 |  0 |  10k|2300 | 6.735550e+04 | 6.734585e+04 |   0.01%|  54.76%
 91.0s| 34800 |  8764 | 96698 |   2.8 |   148M |  43 |3500 | 742 | 170 |2213 |  1 |  10k|2300 | 6.735550e+04 | 6.734585e+04 |   0.01%|  54.76%
 91.0s| 34900 |  8773 | 96830 |   2.8 |   148M |  43 |3500 | 744 | 175 |2213 |  1 |  10k|2301 | 6.735550e+04 | 6.734585e+04 |   0.01%|  54.78%
 92.0s| 35000 |  8780 | 97266 |   2.8 |   148M |  43 |3500 | 688 |   0 |2214 |  0 |  10k|2306 | 6.735550e+04 | 6.734585e+04 |   0.01%|  54.80%
 92.0s| 35100 |  8801 | 97496 |   2.8 |   148M |  43 |3500 | 669 | 173 |2220 |  4 |  10k|2313 | 6.735550e+04 | 6.734585e+04 |   0.01%|  54.80%
 92.0s| 35200 |  8825 | 97749 |   2.8 |   148M |  43 |3500 | 643 | 174 |2222 |  1 |  10k|2317 | 6.735550e+04 | 6.734585e+04 |   0.01%|  54.80%
 92.0s| 35300 |  8837 | 97937 |   2.8 |   148M |  43 |3500 | 642 | 176 |2222 |  1 |  10k|2317 | 6.735550e+04 | 6.734585e+04 |   0.01%|  54.80%
 92.0s| 35400 |  8873 | 98218 |   2.8 |   148M |  43 |3500 | 606 | 177 |2228 |  1 |  10k|2317 | 6.735549e+04 | 6.734585e+04 |   0.01%|  54.81%
 93.0s| 35500 |  8896 | 98504 |   2.8 |   149M |  43 |3500 | 604 | 177 |2230 |  1 |  10k|2318 | 6.735549e+04 | 6.734585e+04 |   0.01%|  54.81%
 93.0s| 35600 |  8911 | 98696 |   2.8 |   149M |  43 |3500 | 614 |   0 |2230 |  0 |  10k|2318 | 6.735549e+04 | 6.734585e+04 |   0.01%|  54.81%
 93.0s| 35700 |  8945 | 98917 |   2.8 |   149M |  43 |3500 | 649 |   0 |2231 |  0 |  10k|2321 | 6.735549e+04 | 6.734585e+04 |   0.01%|  54.82%
 93.0s| 35800 |  8950 | 99075 |   2.8 |   149M |  43 |3500 | 654 |   0 |2232 |  0 |  10k|2324 | 6.735549e+04 | 6.734585e+04 |   0.01%|  54.83%
 time | node  | left  |LP iter|LP it/n|mem/heur|mdpt |vars |cons |rows |cuts |sepa|confs|strbr|  dualbound   | primalbound  |  gap   | compl. 
 93.0s| 35900 |  8984 | 99358 |   2.8 |   149M |  43 |3500 | 686 | 172 |2234 |  1 |  10k|2330 | 6.735548e+04 | 6.734585e+04 |   0.01%|  54.83%
 93.0s| 36000 |  9002 | 99578 |   2.8 |   149M |  43 |3500 | 695 | 170 |2235 |  1 |  10k|2337 | 6.735547e+04 | 6.734585e+04 |   0.01%|  54.85%
 94.0s| 36100 |  9005 | 99708 |   2.8 |   149M |  43 |3500 | 672 |   0 |2239 |  0 |  10k|2345 | 6.735547e+04 | 6.734585e+04 |   0.01%|  54.87%
 94.0s| 36200 |  9038 | 99938 |   2.8 |   149M |  43 |3500 | 688 | 170 |2242 |  1 |  10k|2352 | 6.735547e+04 | 6.734585e+04 |   0.01%|  54.88%
 94.0s| 36300 |  9068 |100219 |   2.8 |   150M |  43 |3500 | 724 |   0 |2245 |  0 |  10k|2356 | 6.735547e+04 | 6.734585e+04 |   0.01%|  54.89%
 94.0s| 36400 |  9086 |100470 |   2.8 |   150M |  43 |3500 | 728 |   0 |2248 |  0 |  10k|2361 | 6.735547e+04 | 6.734585e+04 |   0.01%|  54.90%
 94.0s| 36500 |  9102 |100674 |   2.8 |   150M |  43 |3500 | 680 |   0 |2252 |  0 |  10k|2372 | 6.735547e+04 | 6.734585e+04 |   0.01%|  54.91%
 94.0s| 36600 |  9109 |100850 |   2.7 |   150M |  43 |3500 | 693 | 176 |2252 |  1 |  10k|2372 | 6.735547e+04 | 6.734585e+04 |   0.01%|  54.92%
 95.0s| 36700 |  9122 |100990 |   2.7 |   150M |  43 |3500 | 749 |   0 |2253 |  0 |  10k|2373 | 6.735546e+04 | 6.734585e+04 |   0.01%|  54.93%
 95.0s| 36800 |  9128 |101159 |   2.7 |   150M |  43 |3500 | 764 | 177 |2254 |  1 |  10k|2375 | 6.735546e+04 | 6.734585e+04 |   0.01%|  54.95%
 95.0s| 36900 |  9139 |101303 |   2.7 |   150M |  43 |3500 | 760 | 171 |2255 |  1 |  10k|2376 | 6.735546e+04 | 6.734585e+04 |   0.01%|  54.98%
 95.0s| 37000 |  9150 |101536 |   2.7 |   150M |  43 |3500 | 743 | 173 |2256 |  2 |  10k|2379 | 6.735546e+04 | 6.734585e+04 |   0.01%|  55.01%
 95.0s| 37100 |  9156 |101745 |   2.7 |   150M |  43 |3500 | 739 | 171 |2257 |  1 |  10k|2385 | 6.735546e+04 | 6.734585e+04 |   0.01%|  55.04%
 95.0s| 37200 |  9170 |101910 |   2.7 |   150M |  43 |3500 | 758 |   0 |2259 |  0 |  10k|2386 | 6.735545e+04 | 6.734585e+04 |   0.01%|  55.06%
 96.0s| 37300 |  9177 |102062 |   2.7 |   150M |  43 |3500 | 756 |   0 |2259 |  0 |  10k|2387 | 6.735545e+04 | 6.734585e+04 |   0.01%|  55.07%
 time | node  | left  |LP iter|LP it/n|mem/heur|mdpt |vars |cons |rows |cuts |sepa|confs|strbr|  dualbound   | primalbound  |  gap   | compl. 
 96.0s| 37400 |  9189 |102254 |   2.7 |   150M |  43 |3500 | 783 |   0 |2264 |  0 |  10k|2388 | 6.735545e+04 | 6.734585e+04 |   0.01%|  55.10%
 96.0s| 37500 |  9230 |102486 |   2.7 |   151M |  43 |3500 | 787 | 170 |2264 |  1 |  10k|2388 | 6.735545e+04 | 6.734585e+04 |   0.01%|  55.11%
 96.0s| 37600 |  9252 |102645 |   2.7 |   151M |  43 |3500 | 755 | 176 |2271 |  1 |  10k|2388 | 6.735545e+04 | 6.734585e+04 |   0.01%|  55.20%
 96.0s| 37700 |  9268 |102834 |   2.7 |   151M |  43 |3500 | 784 | 172 |2271 |  1 |  11k|2389 | 6.735545e+04 | 6.734585e+04 |   0.01%|  55.21%
 96.0s| 37800 |  9279 |103043 |   2.7 |   151M |  43 |3500 | 734 | 170 |2274 |  1 |  11k|2391 | 6.735544e+04 | 6.734585e+04 |   0.01%|  55.24%
 97.0s| 37900 |  9280 |103158 |   2.7 |   151M |  43 |3500 | 734 |   0 |2277 |  0 |  11k|2400 | 6.735544e+04 | 6.734585e+04 |   0.01%|  55.27%
 97.0s| 38000 |  9286 |103301 |   2.7 |   151M |  43 |3500 | 729 | 173 |2280 |  1 |  11k|2405 | 6.735544e+04 | 6.734585e+04 |   0.01%|  55.31%
 97.0s| 38100 |  9309 |103473 |   2.7 |   151M |  43 |3500 | 746 | 175 |2281 |  1 |  11k|2407 | 6.735543e+04 | 6.734585e+04 |   0.01%|  55.33%
 97.0s| 38200 |  9315 |103559 |   2.7 |   151M |  43 |3500 | 763 |   0 |2281 |  0 |  11k|2417 | 6.735543e+04 | 6.734585e+04 |   0.01%|  55.33%
 97.0s| 38300 |  9319 |103648 |   2.7 |   151M |  43 |3500 | 783 | 170 |2281 |  1 |  11k|2420 | 6.735543e+04 | 6.734585e+04 |   0.01%|  55.33%
 97.0s| 38400 |  9335 |103831 |   2.7 |   151M |  43 |3500 | 829 | 176 |2281 |  2 |  11k|2422 | 6.735543e+04 | 6.734585e+04 |   0.01%|  55.33%
 98.0s| 38500 |  9345 |104032 |   2.7 |   151M |  43 |3500 | 790 | 175 |2282 |  2 |  11k|2425 | 6.735543e+04 | 6.734585e+04 |   0.01%|  55.35%
 98.0s| 38600 |  9369 |104236 |   2.7 |   151M |  43 |3500 | 766 | 170 |2284 |  1 |  11k|2426 | 6.735543e+04 | 6.734585e+04 |   0.01%|  55.36%
 98.0s| 38700 |  9408 |104460 |   2.7 |   151M |  43 |3500 | 903 | 171 |2284 |  1 |  11k|2429 | 6.735543e+04 | 6.734585e+04 |   0.01%|  55.37%
 98.0s| 38800 |  9421 |104587 |   2.7 |   151M |  43 |3500 | 884 | 171 |2285 |  1 |  11k|2430 | 6.735542e+04 | 6.734585e+04 |   0.01%|  55.37%
 time | node  | left  |LP iter|LP it/n|mem/heur|mdpt |vars |cons |rows |cuts |sepa|confs|strbr|  dualbound   | primalbound  |  gap   | compl. 
 98.0s| 38900 |  9456 |104781 |   2.7 |   151M |  43 |3500 | 871 | 171 |2285 |  1 |  11k|2431 | 6.735542e+04 | 6.734585e+04 |   0.01%|  55.37%
 98.0s| 39000 |  9481 |104982 |   2.7 |   151M |  43 |3500 | 899 | 171 |2286 |  1 |  11k|2433 | 6.735542e+04 | 6.734585e+04 |   0.01%|  55.38%
 99.0s| 39100 |  9496 |105146 |   2.7 |   151M |  43 |3500 | 936 |   0 |2291 |  0 |  11k|2438 | 6.735542e+04 | 6.734585e+04 |   0.01%|  55.38%
 99.0s| 39200 |  9528 |105331 |   2.7 |   151M |  43 |3500 | 927 | 170 |2293 |  2 |  11k|2438 | 6.735541e+04 | 6.734585e+04 |   0.01%|  55.39%
 99.0s| 39300 |  9560 |105444 |   2.7 |   151M |  43 |3500 | 904 | 170 |2293 |  1 |  11k|2438 | 6.735541e+04 | 6.734585e+04 |   0.01%|  55.39%
 99.0s| 39400 |  9586 |105606 |   2.7 |   151M |  43 |3500 | 913 |   0 |2294 |  0 |  11k|2440 | 6.735541e+04 | 6.734585e+04 |   0.01%|  55.39%
 99.0s| 39500 |  9583 |105746 |   2.7 |   151M |  43 |3500 | 837 | 169 |2296 |  1 |  11k|2443 | 6.735540e+04 | 6.734585e+04 |   0.01%|  55.41%
 99.0s| 39600 |  9600 |105977 |   2.7 |   151M |  43 |3500 | 850 |   0 |2297 |  0 |  11k|2451 | 6.735540e+04 | 6.734585e+04 |   0.01%|  55.43%
  100s| 39700 |  9612 |106109 |   2.7 |   151M |  43 |3500 | 838 |   0 |2297 |  0 |  11k|2455 | 6.735540e+04 | 6.734585e+04 |   0.01%|  55.44%
  100s| 39800 |  9626 |106311 |   2.7 |   151M |  43 |3500 | 809 | 175 |2298 |  2 |  11k|2461 | 6.735540e+04 | 6.734585e+04 |   0.01%|  55.45%
  100s| 39900 |  9647 |106592 |   2.7 |   151M |  43 |3500 | 755 | 174 |2298 |  1 |  11k|2468 | 6.735540e+04 | 6.734585e+04 |   0.01%|  55.46%
  100s| 40000 |  9675 |106766 |   2.7 |   151M |  43 |3500 | 731 | 170 |2298 |  1 |  12k|2473 | 6.735540e+04 | 6.734585e+04 |   0.01%|  55.47%
  100s| 40100 |  9682 |106928 |   2.7 |   151M |  43 |3500 | 760 | 171 |2298 |  0 |  12k|2476 | 6.735540e+04 | 6.734585e+04 |   0.01%|  55.48%
  100s| 40200 |  9690 |107067 |   2.7 |   151M |  43 |3500 | 749 | 171 |2298 |  2 |  12k|2483 | 6.735540e+04 | 6.734585e+04 |   0.01%|  55.50%
  101s| 40300 |  9720 |107305 |   2.7 |   151M |  43 |3500 | 745 | 171 |2298 |  2 |  12k|2483 | 6.735540e+04 | 6.734585e+04 |   0.01%|  55.50%
 time | node  | left  |LP iter|LP it/n|mem/heur|mdpt |vars |cons |rows |cuts |sepa|confs|strbr|  dualbound   | primalbound  |  gap   | compl. 
  101s| 40400 |  9749 |107518 |   2.7 |   151M |  43 |3500 | 733 | 171 |2300 |  1 |  12k|2484 | 6.735540e+04 | 6.734585e+04 |   0.01%|  55.50%
  101s| 40500 |  9760 |107656 |   2.7 |   151M |  43 |3500 | 728 |   0 |2300 |  0 |  12k|2488 | 6.735539e+04 | 6.734585e+04 |   0.01%|  55.51%
  101s| 40600 |  9782 |107855 |   2.7 |   151M |  43 |3500 | 716 | 172 |2300 |  1 |  12k|2493 | 6.735539e+04 | 6.734585e+04 |   0.01%|  55.53%
  101s| 40700 |  9789 |107978 |   2.6 |   151M |  43 |3500 | 705 |   0 |2300 |  0 |  12k|2494 | 6.735539e+04 | 6.734585e+04 |   0.01%|  55.54%
  101s| 40800 |  9795 |108176 |   2.6 |   151M |  43 |3500 | 693 |   0 |2309 |  0 |  12k|2500 | 6.735539e+04 | 6.734585e+04 |   0.01%|  55.55%
  102s| 40900 |  9797 |108299 |   2.6 |   151M |  43 |3500 | 676 | 173 |2310 |  1 |  12k|2501 | 6.735539e+04 | 6.734585e+04 |   0.01%|  55.58%
  102s| 41000 |  9825 |108533 |   2.6 |   151M |  43 |3500 | 644 |   0 |2310 |  0 |  12k|2502 | 6.735539e+04 | 6.734585e+04 |   0.01%|  55.59%
  102s| 41100 |  9846 |108826 |   2.6 |   151M |  43 |3500 | 657 | 178 |2311 |  1 |  12k|2504 | 6.735539e+04 | 6.734585e+04 |   0.01%|  55.59%
  102s| 41200 |  9868 |109062 |   2.6 |   151M |  43 |3500 | 713 | 175 |2313 |  1 |  12k|2507 | 6.735539e+04 | 6.734585e+04 |   0.01%|  55.60%
  102s| 41300 |  9883 |109297 |   2.6 |   151M |  43 |3500 | 705 | 170 |2316 |  2 |  12k|2511 | 6.735538e+04 | 6.734585e+04 |   0.01%|  55.61%
  103s| 41400 |  9899 |109483 |   2.6 |   152M |  43 |3500 | 652 |   0 |2319 |  0 |  12k|2516 | 6.735538e+04 | 6.734585e+04 |   0.01%|  55.61%
  103s| 41500 |  9912 |109725 |   2.6 |   152M |  43 |3500 | 630 | 169 |2325 |  1 |  12k|2520 | 6.735538e+04 | 6.734585e+04 |   0.01%|  55.65%
  103s| 41600 |  9913 |109918 |   2.6 |   152M |  43 |3500 | 637 | 173 |2328 |  2 |  12k|2531 | 6.735537e+04 | 6.734585e+04 |   0.01%|  55.69%
  103s| 41700 |  9929 |110045 |   2.6 |   152M |  43 |3500 | 624 | 172 |2328 |  1 |  12k|2531 | 6.735537e+04 | 6.734585e+04 |   0.01%|  55.69%
  103s| 41800 |  9947 |110187 |   2.6 |   152M |  43 |3500 | 619 | 170 |2328 |  2 |  12k|2531 | 6.735537e+04 | 6.734585e+04 |   0.01%|  55.69%
 time | node  | left  |LP iter|LP it/n|mem/heur|mdpt |vars |cons |rows |cuts |sepa|confs|strbr|  dualbound   | primalbound  |  gap   | compl. 
  103s| 41900 |  9951 |110424 |   2.6 |   152M |  44 |3500 | 619 | 174 |2333 |  1 |  12k|2535 | 6.735537e+04 | 6.734585e+04 |   0.01%|  55.70%
  104s| 42000 |  9961 |110641 |   2.6 |   152M |  44 |3500 | 638 |   0 |2335 |  0 |  12k|2536 | 6.735537e+04 | 6.734585e+04 |   0.01%|  55.71%
  104s| 42100 |  9959 |110809 |   2.6 |   152M |  44 |3500 | 651 |   0 |2336 |  0 |  12k|2539 | 6.735537e+04 | 6.734585e+04 |   0.01%|  55.75%
  104s| 42200 |  9978 |111011 |   2.6 |   152M |  44 |3500 | 640 |   0 |2341 |  0 |  12k|2541 | 6.735536e+04 | 6.734585e+04 |   0.01%|  55.75%
  104s| 42300 | 10000 |111239 |   2.6 |   152M |  44 |3500 | 649 | 174 |2353 |  1 |  12k|2544 | 6.735536e+04 | 6.734585e+04 |   0.01%|  55.77%
  104s| 42400 | 10015 |111399 |   2.6 |   152M |  44 |3500 | 679 |   0 |2354 |  0 |  12k|2544 | 6.735536e+04 | 6.734585e+04 |   0.01%|  55.78%
  104s| 42500 | 10029 |111578 |   2.6 |   152M |  44 |3500 | 683 |   0 |2357 |  0 |  12k|2547 | 6.735536e+04 | 6.734585e+04 |   0.01%|  55.79%
  105s| 42600 | 10035 |111797 |   2.6 |   152M |  44 |3500 | 688 | 173 |2366 |  1 |  12k|2552 | 6.735535e+04 | 6.734585e+04 |   0.01%|  55.82%
  105s| 42700 | 10036 |111957 |   2.6 |   152M |  44 |3500 | 692 | 171 |2366 |  1 |  12k|2552 | 6.735535e+04 | 6.734585e+04 |   0.01%|  55.85%
  105s| 42800 | 10038 |112103 |   2.6 |   152M |  44 |3500 | 684 |   0 |2371 |  0 |  12k|2557 | 6.735535e+04 | 6.734585e+04 |   0.01%|  55.87%
  105s| 42900 | 10055 |112376 |   2.6 |   152M |  44 |3500 | 677 | 169 |2371 |  1 |  12k|2561 | 6.735535e+04 | 6.734585e+04 |   0.01%|  55.88%
  105s| 43000 | 10063 |112507 |   2.6 |   152M |  44 |3500 | 679 |   0 |2372 |  0 |  12k|2562 | 6.735535e+04 | 6.734585e+04 |   0.01%|  55.89%
  106s| 43100 | 10062 |112677 |   2.6 |   152M |  44 |3500 | 686 |   0 |2376 |  0 |  12k|2566 | 6.735535e+04 | 6.734585e+04 |   0.01%|  55.90%
  106s| 43200 | 10061 |112842 |   2.6 |   152M |  44 |3500 | 683 | 172 |2380 |  1 |  12k|2569 | 6.735535e+04 | 6.734585e+04 |   0.01%|  55.94%
  106s| 43300 | 10071 |113018 |   2.6 |   152M |  44 |3500 | 692 |   0 |2382 |  0 |  12k|2571 | 6.735535e+04 | 6.734585e+04 |   0.01%|  55.94%
 time | node  | left  |LP iter|LP it/n|mem/heur|mdpt |vars |cons |rows |cuts |sepa|confs|strbr|  dualbound   | primalbound  |  gap   | compl. 
  106s| 43400 | 10085 |113217 |   2.6 |   152M |  44 |3500 | 710 | 172 |2382 |  1 |  12k|2575 | 6.735535e+04 | 6.734585e+04 |   0.01%|  55.98%
  106s| 43500 | 10088 |113388 |   2.6 |   152M |  44 |3500 | 713 |   0 |2388 |  0 |  12k|2584 | 6.735535e+04 | 6.734585e+04 |   0.01%|  55.99%
  106s| 43600 | 10096 |113520 |   2.6 |   152M |  44 |3500 | 710 | 172 |2394 |  1 |  12k|2587 | 6.735535e+04 | 6.734585e+04 |   0.01%|  56.00%
  107s| 43700 | 10102 |113691 |   2.6 |   152M |  44 |3500 | 700 |   0 |2396 |  0 |  12k|2594 | 6.735535e+04 | 6.734585e+04 |   0.01%|  56.05%
  107s| 43800 | 10116 |113790 |   2.6 |   153M |  44 |3500 | 717 |   0 |2397 |  0 |  12k|2594 | 6.735535e+04 | 6.734585e+04 |   0.01%|  56.05%
  107s| 43900 | 10130 |113955 |   2.6 |   153M |  44 |3500 | 718 | 172 |2401 |  1 |  12k|2594 | 6.735535e+04 | 6.734585e+04 |   0.01%|  56.05%
  107s| 44000 | 10141 |114172 |   2.6 |   153M |  44 |3500 | 762 | 171 |2401 |  1 |  12k|2599 | 6.735535e+04 | 6.734585e+04 |   0.01%|  56.09%
  107s| 44100 | 10187 |114380 |   2.6 |   154M |  44 |3500 | 797 | 171 |2402 |  1 |  12k|2603 | 6.735534e+04 | 6.734585e+04 |   0.01%|  56.10%
  107s| 44200 | 10197 |114606 |   2.6 |   154M |  44 |3500 | 832 | 175 |2402 |  1 |  13k|2607 | 6.735534e+04 | 6.734585e+04 |   0.01%|  56.10%
  108s| 44300 | 10207 |114744 |   2.6 |   154M |  44 |3500 | 877 |   0 |2410 |  0 |  13k|2607 | 6.735534e+04 | 6.734585e+04 |   0.01%|  56.11%
  108s| 44400 | 10229 |114946 |   2.6 |   154M |  44 |3500 | 864 | 170 |2411 |  2 |  13k|2608 | 6.735533e+04 | 6.734585e+04 |   0.01%|  56.14%
  108s| 44500 | 10247 |115174 |   2.6 |   154M |  44 |3500 | 833 |   0 |2417 |  0 |  13k|2611 | 6.735533e+04 | 6.734585e+04 |   0.01%|  56.17%
  108s| 44600 | 10259 |115314 |   2.6 |   154M |  44 |3500 | 843 |   0 |2418 |  0 |  13k|2617 | 6.735533e+04 | 6.734585e+04 |   0.01%|  56.17%
  108s| 44700 | 10269 |115486 |   2.6 |   154M |  44 |3500 | 858 | 172 |2418 |  1 |  13k|2619 | 6.735533e+04 | 6.734585e+04 |   0.01%|  56.19%
  109s| 44800 | 10285 |115677 |   2.6 |   154M |  44 |3500 | 858 | 171 |2420 |  1 |  13k|2623 | 6.735533e+04 | 6.734585e+04 |   0.01%|  56.22%
 time | node  | left  |LP iter|LP it/n|mem/heur|mdpt |vars |cons |rows |cuts |sepa|confs|strbr|  dualbound   | primalbound  |  gap   | compl. 
  109s| 44900 | 10294 |115902 |   2.6 |   154M |  44 |3500 | 833 |   0 |2420 |  0 |  13k|2626 | 6.735533e+04 | 6.734585e+04 |   0.01%|  56.25%
  109s| 45000 | 10309 |116089 |   2.6 |   154M |  44 |3500 | 823 | 174 |2420 |  1 |  13k|2626 | 6.735532e+04 | 6.734585e+04 |   0.01%|  56.26%
  109s| 45100 | 10317 |116215 |   2.6 |   154M |  44 |3500 | 841 | 174 |2420 |  1 |  13k|2632 | 6.735532e+04 | 6.734585e+04 |   0.01%|  56.26%
  109s| 45200 | 10321 |116394 |   2.6 |   154M |  44 |3500 | 830 | 170 |2422 |  1 |  13k|2632 | 6.735532e+04 | 6.734585e+04 |   0.01%|  56.26%
  109s| 45300 | 10333 |116537 |   2.6 |   154M |  44 |3500 | 817 | 169 |2423 |  1 |  13k|2632 | 6.735532e+04 | 6.734585e+04 |   0.01%|  56.26%
  109s| 45400 | 10335 |116666 |   2.6 |   154M |  44 |3500 | 833 | 173 |2427 |  2 |  13k|2643 | 6.735532e+04 | 6.734585e+04 |   0.01%|  56.28%
  110s| 45500 | 10377 |117040 |   2.6 |   155M |  44 |3500 | 913 | 172 |2427 |  0 |  13k|2644 | 6.735532e+04 | 6.734585e+04 |   0.01%|  56.29%
  110s| 45600 | 10401 |117363 |   2.6 |   155M |  44 |3500 | 939 | 174 |2428 |  1 |  13k|2647 | 6.735532e+04 | 6.734585e+04 |   0.01%|  56.31%
  110s| 45700 | 10399 |117558 |   2.6 |   155M |  44 |3500 | 902 | 174 |2430 |  1 |  13k|2654 | 6.735532e+04 | 6.734585e+04 |   0.01%|  56.34%
  110s| 45800 | 10430 |117760 |   2.6 |   155M |  44 |3500 | 969 |   0 |2430 |  0 |  13k|2654 | 6.735532e+04 | 6.734585e+04 |   0.01%|  56.35%
  111s| 45900 | 10436 |118022 |   2.6 |   155M |  44 |3500 | 961 |   0 |2431 |  0 |  13k|2658 | 6.735531e+04 | 6.734585e+04 |   0.01%|  56.38%
  111s| 46000 | 10449 |118172 |   2.6 |   155M |  44 |3500 | 921 | 175 |2431 |  1 |  13k|2660 | 6.735530e+04 | 6.734585e+04 |   0.01%|  56.38%
  111s| 46100 | 10465 |118349 |   2.6 |   155M |  44 |3500 | 917 | 170 |2431 |  1 |  13k|2664 | 6.735530e+04 | 6.734585e+04 |   0.01%|  56.40%
  111s| 46200 | 10482 |118607 |   2.6 |   155M |  44 |3500 | 901 |   0 |2437 |  0 |  13k|2666 | 6.735530e+04 | 6.734585e+04 |   0.01%|  56.41%
  111s| 46300 | 10499 |118965 |   2.6 |   155M |  44 |3500 | 878 |   0 |2439 |  0 |  13k|2669 | 6.735530e+04 | 6.734585e+04 |   0.01%|  56.44%
 time | node  | left  |LP iter|LP it/n|mem/heur|mdpt |vars |cons |rows |cuts |sepa|confs|strbr|  dualbound   | primalbound  |  gap   | compl. 
  112s| 46400 | 10521 |119196 |   2.6 |   156M |  44 |3500 | 865 | 170 |2440 |  0 |  13k|2671 | 6.735530e+04 | 6.734585e+04 |   0.01%|  56.44%
  112s| 46500 | 10539 |119385 |   2.6 |   156M |  44 |3500 | 859 |   0 |2440 |  0 |  13k|2673 | 6.735529e+04 | 6.734585e+04 |   0.01%|  56.44%
  112s| 46600 | 10551 |119535 |   2.6 |   156M |  44 |3500 | 880 |   0 |2440 |  0 |  13k|2674 | 6.735529e+04 | 6.734585e+04 |   0.01%|  56.46%
  112s| 46700 | 10554 |119727 |   2.6 |   156M |  44 |3500 | 869 |   0 |2451 |  0 |  14k|2676 | 6.735529e+04 | 6.734585e+04 |   0.01%|  56.51%
  112s| 46800 | 10558 |119898 |   2.6 |   156M |  44 |3500 | 876 |   0 |2451 |  0 |  14k|2683 | 6.735529e+04 | 6.734585e+04 |   0.01%|  56.54%
  112s| 46900 | 10571 |120052 |   2.6 |   156M |  44 |3500 | 805 | 172 |2451 |  1 |  14k|2690 | 6.735528e+04 | 6.734585e+04 |   0.01%|  56.55%
  113s| 47000 | 10570 |120157 |   2.6 |   156M |  44 |3500 | 816 | 173 |2451 |  1 |  14k|2697 | 6.735528e+04 | 6.734585e+04 |   0.01%|  56.56%
  113s| 47100 | 10579 |120319 |   2.5 |   156M |  44 |3500 | 814 | 172 |2452 |  1 |  14k|2701 | 6.735528e+04 | 6.734585e+04 |   0.01%|  56.59%
  113s| 47200 | 10589 |120527 |   2.5 |   156M |  44 |3500 | 818 |   0 |2452 |  0 |  14k|2704 | 6.735528e+04 | 6.734585e+04 |   0.01%|  56.59%
  113s| 47300 | 10595 |120663 |   2.5 |   156M |  44 |3500 | 795 | 175 |2457 |  1 |  14k|2706 | 6.735528e+04 | 6.734585e+04 |   0.01%|  56.61%
  113s| 47400 | 10608 |120924 |   2.5 |   156M |  44 |3500 | 847 |   0 |2465 |  0 |  14k|2706 | 6.735527e+04 | 6.734585e+04 |   0.01%|  56.65%
  113s| 47500 | 10623 |121131 |   2.5 |   156M |  44 |3500 | 802 |   0 |2480 |  0 |  14k|2711 | 6.735527e+04 | 6.734585e+04 |   0.01%|  56.73%
  114s| 47600 | 10665 |121278 |   2.5 |   157M |  44 |3500 | 905 | 170 |2481 |  2 |  14k|2713 | 6.735527e+04 | 6.734585e+04 |   0.01%|  56.74%
  114s| 47700 | 10678 |121433 |   2.5 |   157M |  44 |3500 | 906 | 173 |2482 |  1 |  14k|2720 | 6.735527e+04 | 6.734585e+04 |   0.01%|  56.77%
  114s| 47800 | 10676 |121590 |   2.5 |   157M |  44 |3500 | 922 |   0 |2484 |  0 |  14k|2723 | 6.735526e+04 | 6.734585e+04 |   0.01%|  56.79%
 time | node  | left  |LP iter|LP it/n|mem/heur|mdpt |vars |cons |rows |cuts |sepa|confs|strbr|  dualbound   | primalbound  |  gap   | compl. 
  114s| 47900 | 10682 |121733 |   2.5 |   157M |  44 |3500 | 910 | 172 |2487 |  1 |  14k|2729 | 6.735526e+04 | 6.734585e+04 |   0.01%|  56.81%
  114s| 48000 | 10693 |121896 |   2.5 |   157M |  44 |3500 | 906 | 171 |2487 |  1 |  14k|2735 | 6.735526e+04 | 6.734585e+04 |   0.01%|  56.84%
  114s| 48100 | 10703 |122020 |   2.5 |   157M |  44 |3500 | 864 |   0 |2488 |  0 |  14k|2736 | 6.735525e+04 | 6.734585e+04 |   0.01%|  56.85%
  115s| 48200 | 10702 |122145 |   2.5 |   157M |  44 |3500 | 827 |   0 |2490 |  0 |  14k|2739 | 6.735525e+04 | 6.734585e+04 |   0.01%|  56.87%
  115s| 48300 | 10740 |122332 |   2.5 |   157M |  44 |3500 | 803 | 172 |2492 |  1 |  14k|2739 | 6.735525e+04 | 6.734585e+04 |   0.01%|  56.88%
  115s| 48400 | 10753 |122501 |   2.5 |   157M |  44 |3500 | 836 | 171 |2492 |  1 |  14k|2742 | 6.735525e+04 | 6.734585e+04 |   0.01%|  56.89%
  115s| 48500 | 10787 |122661 |   2.5 |   157M |  44 |3500 | 828 |   0 |2499 |  0 |  14k|2742 | 6.735525e+04 | 6.734585e+04 |   0.01%|  56.92%
  115s| 48600 | 10793 |122789 |   2.5 |   157M |  44 |3500 | 842 | 172 |2501 |  4 |  14k|2745 | 6.735525e+04 | 6.734585e+04 |   0.01%|  56.92%
  115s| 48700 | 10794 |122928 |   2.5 |   157M |  44 |3500 | 829 |   0 |2506 |  0 |  14k|2748 | 6.735525e+04 | 6.734585e+04 |   0.01%|  56.94%
  116s| 48800 | 10812 |123197 |   2.5 |   157M |  44 |3500 | 803 |   0 |2511 |  0 |  14k|2753 | 6.735525e+04 | 6.734585e+04 |   0.01%|  57.00%
  116s| 48900 | 10824 |123423 |   2.5 |   157M |  44 |3500 | 821 | 170 |2511 |  0 |  14k|2757 | 6.735524e+04 | 6.734585e+04 |   0.01%|  57.01%
  116s| 49000 | 10850 |123589 |   2.5 |   157M |  44 |3500 | 810 | 175 |2513 |  1 |  14k|2759 | 6.735524e+04 | 6.734585e+04 |   0.01%|  57.01%
  116s| 49100 | 10868 |123807 |   2.5 |   157M |  44 |3500 | 801 | 171 |2518 |  1 |  14k|2761 | 6.735523e+04 | 6.734585e+04 |   0.01%|  57.04%
  116s| 49200 | 10900 |124064 |   2.5 |   157M |  44 |3500 | 809 | 171 |2522 |  1 |  14k|2766 | 6.735523e+04 | 6.734585e+04 |   0.01%|  57.04%
  117s| 49300 | 10897 |124278 |   2.5 |   157M |  44 |3500 | 810 | 172 |2522 |  1 |  14k|2774 | 6.735523e+04 | 6.734585e+04 |   0.01%|  57.05%
 time | node  | left  |LP iter|LP it/n|mem/heur|mdpt |vars |cons |rows |cuts |sepa|confs|strbr|  dualbound   | primalbound  |  gap   | compl. 
  117s| 49400 | 10927 |124571 |   2.5 |   157M |  44 |3500 | 775 | 171 |2525 |  1 |  14k|2774 | 6.735523e+04 | 6.734585e+04 |   0.01%|  57.06%
  117s| 49500 | 10955 |124797 |   2.5 |   157M |  44 |3500 | 777 | 171 |2527 |  1 |  14k|2777 | 6.735521e+04 | 6.734585e+04 |   0.01%|  57.06%
  117s| 49600 | 10970 |124967 |   2.5 |   157M |  44 |3500 | 799 | 172 |2528 |  1 |  14k|2782 | 6.735521e+04 | 6.734585e+04 |   0.01%|  57.07%
  117s| 49700 | 10978 |125081 |   2.5 |   157M |  44 |3500 | 791 | 172 |2529 |  1 |  14k|2782 | 6.735521e+04 | 6.734585e+04 |   0.01%|  57.08%
  117s| 49800 | 10985 |125218 |   2.5 |   157M |  44 |3500 | 793 | 176 |2530 |  0 |  15k|2784 | 6.735521e+04 | 6.734585e+04 |   0.01%|  57.10%
  118s| 49900 | 11004 |125404 |   2.5 |   157M |  44 |3500 | 853 | 170 |2532 |  1 |  15k|2784 | 6.735521e+04 | 6.734585e+04 |   0.01%|  57.11%
  118s| 50000 | 11031 |125579 |   2.5 |   157M |  44 |3500 | 884 | 172 |2532 |  1 |  15k|2784 | 6.735521e+04 | 6.734585e+04 |   0.01%|  57.11%
  118s| 50100 | 11027 |125770 |   2.5 |   157M |  44 |3500 | 874 | 173 |2532 |  1 |  15k|2784 | 6.735520e+04 | 6.734585e+04 |   0.01%|  57.13%
  118s| 50200 | 11026 |125955 |   2.5 |   157M |  44 |3500 | 832 |   0 |2534 |  0 |  15k|2785 | 6.735520e+04 | 6.734585e+04 |   0.01%|  57.17%
  118s| 50300 | 11041 |126162 |   2.5 |   157M |  44 |3500 | 795 |   0 |2538 |  0 |  15k|2787 | 6.735520e+04 | 6.734585e+04 |   0.01%|  57.19%
  118s| 50400 | 11050 |126289 |   2.5 |   157M |  44 |3500 | 805 |   0 |2538 |  0 |  15k|2787 | 6.735520e+04 | 6.734585e+04 |   0.01%|  57.19%
  119s| 50500 | 11052 |126432 |   2.5 |   157M |  44 |3500 | 831 |   0 |2538 |  0 |  15k|2787 | 6.735520e+04 | 6.734585e+04 |   0.01%|  57.22%
  119s| 50600 | 11059 |126590 |   2.5 |   157M |  44 |3500 | 867 |   0 |2538 |  0 |  15k|2789 | 6.735519e+04 | 6.734585e+04 |   0.01%|  57.25%
  119s| 50700 | 11072 |126852 |   2.5 |   157M |  44 |3500 | 842 | 171 |2549 |  1 |  15k|2792 | 6.735519e+04 | 6.734585e+04 |   0.01%|  57.25%
  119s| 50800 | 11085 |127038 |   2.5 |   157M |  44 |3500 | 903 |   0 |2553 |  0 |  15k|2795 | 6.735519e+04 | 6.734585e+04 |   0.01%|  57.27%
 time | node  | left  |LP iter|LP it/n|mem/heur|mdpt |vars |cons |rows |cuts |sepa|confs|strbr|  dualbound   | primalbound  |  gap   | compl. 
  119s| 50900 | 11094 |127254 |   2.5 |   157M |  44 |3500 | 903 | 176 |2554 |  1 |  15k|2800 | 6.735519e+04 | 6.734585e+04 |   0.01%|  57.28%
  119s| 51000 | 11102 |127471 |   2.5 |   157M |  44 |3500 | 886 | 175 |2555 |  0 |  15k|2804 | 6.735519e+04 | 6.734585e+04 |   0.01%|  57.28%
  120s| 51100 | 11109 |127669 |   2.5 |   158M |  44 |3500 | 882 |   0 |2557 |  0 |  15k|2808 | 6.735519e+04 | 6.734585e+04 |   0.01%|  57.29%
  120s| 51200 | 11126 |127863 |   2.5 |   158M |  44 |3500 | 867 | 170 |2562 |  1 |  15k|2809 | 6.735518e+04 | 6.734585e+04 |   0.01%|  57.30%
  120s| 51300 | 11128 |128003 |   2.5 |   158M |  44 |3500 | 852 |   0 |2562 |  0 |  15k|2811 | 6.735518e+04 | 6.734585e+04 |   0.01%|  57.31%
  120s| 51400 | 11127 |128131 |   2.5 |   158M |  44 |3500 | 831 |   0 |2562 |  0 |  15k|2824 | 6.735518e+04 | 6.734585e+04 |   0.01%|  57.35%
  120s| 51500 | 11138 |128276 |   2.5 |   158M |  44 |3500 | 834 |   0 |2562 |  0 |  15k|2824 | 6.735518e+04 | 6.734585e+04 |   0.01%|  57.36%
  120s| 51600 | 11153 |128456 |   2.5 |   158M |  44 |3500 | 810 | 174 |2564 |  2 |  15k|2826 | 6.735518e+04 | 6.734585e+04 |   0.01%|  57.36%
  121s| 51700 | 11164 |128732 |   2.5 |   158M |  44 |3500 | 784 |   0 |2576 |  0 |  15k|2827 | 6.735517e+04 | 6.734585e+04 |   0.01%|  57.37%
  121s| 51800 | 11172 |129026 |   2.5 |   158M |  44 |3500 | 783 |   0 |2581 |  0 |  15k|2830 | 6.735517e+04 | 6.734585e+04 |   0.01%|  57.37%
  121s| 51900 | 11188 |129202 |   2.5 |   158M |  44 |3500 | 787 |   0 |2582 |  0 |  15k|2830 | 6.735517e+04 | 6.734585e+04 |   0.01%|  57.38%
  121s| 52000 | 11188 |129346 |   2.5 |   158M |  44 |3500 | 812 | 172 |2588 |  1 |  15k|2834 | 6.735517e+04 | 6.734585e+04 |   0.01%|  57.40%
  121s| 52100 | 11186 |129498 |   2.5 |   158M |  44 |3500 | 826 | 173 |2588 |  1 |  15k|2835 | 6.735517e+04 | 6.734585e+04 |   0.01%|  57.43%
  122s| 52200 | 11193 |129644 |   2.5 |   158M |  44 |3500 | 834 |   0 |2590 |  0 |  15k|2837 | 6.735517e+04 | 6.734585e+04 |   0.01%|  57.43%
  122s| 52300 | 11199 |129785 |   2.5 |   158M |  44 |3500 | 878 |   0 |2592 |  0 |  15k|2838 | 6.735517e+04 | 6.734585e+04 |   0.01%|  57.44%
 time | node  | left  |LP iter|LP it/n|mem/heur|mdpt |vars |cons |rows |cuts |sepa|confs|strbr|  dualbound   | primalbound  |  gap   | compl. 
  122s| 52400 | 11213 |130011 |   2.5 |   158M |  44 |3500 | 886 | 170 |2600 |  1 |  15k|2839 | 6.735517e+04 | 6.734585e+04 |   0.01%|  57.46%
  122s| 52500 | 11238 |130219 |   2.5 |   158M |  44 |3500 | 909 | 170 |2606 |  1 |  16k|2842 | 6.735517e+04 | 6.734585e+04 |   0.01%|  57.47%
  122s| 52600 | 11251 |130415 |   2.5 |   158M |  44 |3500 | 896 | 170 |2616 |  1 |  16k|2846 | 6.735517e+04 | 6.734585e+04 |   0.01%|  57.48%
  123s| 52700 | 11263 |130598 |   2.5 |   158M |  44 |3500 | 834 | 171 |2618 |  1 |  16k|2847 | 6.735516e+04 | 6.734585e+04 |   0.01%|  57.51%
  123s| 52800 | 11275 |130742 |   2.5 |   158M |  44 |3500 | 804 | 176 |2619 |  1 |  16k|2849 | 6.735516e+04 | 6.734585e+04 |   0.01%|  57.52%
  123s| 52900 | 11294 |130921 |   2.5 |   158M |  44 |3500 | 809 | 176 |2621 |  1 |  16k|2852 | 6.735516e+04 | 6.734585e+04 |   0.01%|  57.53%
  123s| 53000 | 11304 |131110 |   2.5 |   158M |  44 |3500 | 844 |   0 |2622 |  0 |  16k|2853 | 6.735516e+04 | 6.734585e+04 |   0.01%|  57.56%
  123s| 53100 | 11312 |131249 |   2.5 |   158M |  44 |3500 | 848 | 172 |2624 |  1 |  16k|2853 | 6.735516e+04 | 6.734585e+04 |   0.01%|  57.57%
  123s| 53200 | 11321 |131474 |   2.5 |   158M |  44 |3500 | 861 | 170 |2628 |  1 |  16k|2853 | 6.735516e+04 | 6.734585e+04 |   0.01%|  57.58%
  123s| 53300 | 11326 |131656 |   2.5 |   158M |  44 |3500 | 858 |   0 |2629 |  0 |  16k|2854 | 6.735516e+04 | 6.734585e+04 |   0.01%|  57.61%
  124s| 53400 | 11345 |131791 |   2.5 |   158M |  44 |3500 | 846 | 169 |2629 |  1 |  16k|2855 | 6.735516e+04 | 6.734585e+04 |   0.01%|  57.61%
  124s| 53500 | 11346 |131917 |   2.5 |   158M |  44 |3500 | 844 | 170 |2634 |  1 |  16k|2855 | 6.735516e+04 | 6.734585e+04 |   0.01%|  57.64%
  124s| 53600 | 11354 |132089 |   2.5 |   158M |  44 |3500 | 822 | 175 |2640 |  1 |  16k|2857 | 6.735516e+04 | 6.734585e+04 |   0.01%|  57.69%
  124s| 53700 | 11362 |132251 |   2.5 |   158M |  44 |3500 | 809 | 173 |2641 |  0 |  16k|2857 | 6.735516e+04 | 6.734585e+04 |   0.01%|  57.71%
  124s| 53800 | 11363 |132466 |   2.5 |   158M |  44 |3500 | 821 |   0 |2644 |  0 |  16k|2860 | 6.735515e+04 | 6.734585e+04 |   0.01%|  57.73%
 time | node  | left  |LP iter|LP it/n|mem/heur|mdpt |vars |cons |rows |cuts |sepa|confs|strbr|  dualbound   | primalbound  |  gap   | compl. 
  124s| 53900 | 11375 |132621 |   2.5 |   158M |  44 |3500 | 842 | 173 |2645 |  1 |  16k|2862 | 6.735515e+04 | 6.734585e+04 |   0.01%|  57.75%
  125s| 54000 | 11380 |132788 |   2.5 |   158M |  44 |3500 | 836 | 176 |2647 |  1 |  16k|2865 | 6.735515e+04 | 6.734585e+04 |   0.01%|  57.78%
  125s| 54100 | 11378 |132900 |   2.5 |   158M |  44 |3500 | 863 |   0 |2648 |  0 |  16k|2867 | 6.735515e+04 | 6.734585e+04 |   0.01%|  57.79%
  125s| 54200 | 11393 |133110 |   2.5 |   158M |  44 |3500 | 872 |   0 |2649 |  0 |  16k|2867 | 6.735515e+04 | 6.734585e+04 |   0.01%|  57.79%
  125s| 54300 | 11415 |133322 |   2.5 |   159M |  44 |3500 | 870 | 174 |2649 |  1 |  16k|2867 | 6.735515e+04 | 6.734585e+04 |   0.01%|  57.80%
  125s| 54400 | 11425 |133492 |   2.4 |   159M |  44 |3500 | 888 | 179 |2652 |  2 |  16k|2869 | 6.735515e+04 | 6.734585e+04 |   0.01%|  57.81%
  125s| 54500 | 11431 |133680 |   2.4 |   159M |  44 |3500 | 895 |   0 |2664 |  0 |  16k|2870 | 6.735514e+04 | 6.734585e+04 |   0.01%|  57.85%
  126s| 54600 | 11443 |133849 |   2.4 |   159M |  44 |3500 | 895 |   0 |2672 |  0 |  16k|2874 | 6.735514e+04 | 6.734585e+04 |   0.01%|  57.85%
  126s| 54700 | 11451 |134035 |   2.4 |   159M |  44 |3500 | 897 |   0 |2677 |  0 |  16k|2878 | 6.735514e+04 | 6.734585e+04 |   0.01%|  57.86%
  126s| 54800 | 11466 |134212 |   2.4 |   159M |  44 |3500 | 898 |   0 |2679 |  0 |  16k|2879 | 6.735514e+04 | 6.734585e+04 |   0.01%|  57.89%
  126s| 54900 | 11470 |134341 |   2.4 |   159M |  44 |3500 | 942 | 174 |2679 |  1 |  16k|2881 | 6.735513e+04 | 6.734585e+04 |   0.01%|  57.92%
  126s| 55000 | 11497 |134526 |   2.4 |   159M |  44 |3500 | 918 | 171 |2679 |  1 |  16k|2881 | 6.735512e+04 | 6.734585e+04 |   0.01%|  57.94%
  126s| 55100 | 11505 |134678 |   2.4 |   159M |  44 |3500 | 915 | 169 |2684 |  1 |  16k|2881 | 6.735512e+04 | 6.734585e+04 |   0.01%|  57.96%
  127s| 55200 | 11505 |134861 |   2.4 |   159M |  44 |3500 | 930 | 174 |2684 |  2 |  16k|2882 | 6.735512e+04 | 6.734585e+04 |   0.01%|  58.00%
  127s| 55300 | 11508 |134987 |   2.4 |   159M |  44 |3500 | 901 |   0 |2688 |  0 |  16k|2882 | 6.735512e+04 | 6.734585e+04 |   0.01%|  58.04%
 time | node  | left  |LP iter|LP it/n|mem/heur|mdpt |vars |cons |rows |cuts |sepa|confs|strbr|  dualbound   | primalbound  |  gap   | compl. 
  127s| 55400 | 11515 |135181 |   2.4 |   159M |  44 |3500 | 938 |   0 |2695 |  0 |  16k|2882 | 6.735512e+04 | 6.734585e+04 |   0.01%|  58.05%
  127s| 55500 | 11524 |135306 |   2.4 |   159M |  44 |3500 | 960 | 175 |2695 |  1 |  16k|2882 | 6.735512e+04 | 6.734585e+04 |   0.01%|  58.06%
  127s| 55600 | 11537 |135395 |   2.4 |   159M |  44 |3500 | 960 | 175 |2696 |  1 |  16k|2882 | 6.735512e+04 | 6.734585e+04 |   0.01%|  58.06%
  127s| 55700 | 11551 |135546 |   2.4 |   159M |  44 |3500 |1009 |   0 |2697 |  0 |  17k|2882 | 6.735511e+04 | 6.734585e+04 |   0.01%|  58.07%
  128s| 55800 | 11549 |135717 |   2.4 |   159M |  44 |3500 | 957 | 178 |2707 |  2 |  17k|2885 | 6.735511e+04 | 6.734585e+04 |   0.01%|  58.15%
  128s| 55900 | 11554 |135874 |   2.4 |   159M |  44 |3500 | 931 |   0 |2707 |  0 |  17k|2885 | 6.735511e+04 | 6.734585e+04 |   0.01%|  58.17%
  128s| 56000 | 11581 |136080 |   2.4 |   160M |  44 |3500 | 908 | 171 |2713 |  1 |  17k|2887 | 6.735510e+04 | 6.734585e+04 |   0.01%|  58.21%
  128s| 56100 | 11594 |136210 |   2.4 |   160M |  46 |3500 | 869 | 175 |2717 |  3 |  17k|2888 | 6.735510e+04 | 6.734585e+04 |   0.01%|  58.22%
  128s| 56200 | 11605 |136339 |   2.4 |   160M |  46 |3500 | 893 | 169 |2717 |  1 |  17k|2888 | 6.735510e+04 | 6.734585e+04 |   0.01%|  58.24%
  128s| 56300 | 11596 |136488 |   2.4 |   160M |  46 |3500 | 902 |   0 |2720 |  0 |  17k|2890 | 6.735510e+04 | 6.734585e+04 |   0.01%|  58.24%
  129s| 56400 | 11609 |136672 |   2.4 |   160M |  46 |3500 | 895 |   0 |2722 |  0 |  17k|2891 | 6.735509e+04 | 6.734585e+04 |   0.01%|  58.27%
  129s| 56500 | 11617 |136872 |   2.4 |   160M |  46 |3500 | 883 | 171 |2722 |  1 |  17k|2893 | 6.735509e+04 | 6.734585e+04 |   0.01%|  58.28%
  129s| 56600 | 11621 |137030 |   2.4 |   160M |  46 |3500 | 881 |   0 |2724 |  0 |  17k|2897 | 6.735509e+04 | 6.734585e+04 |   0.01%|  58.30%
  129s| 56700 | 11629 |137224 |   2.4 |   160M |  46 |3500 | 865 | 170 |2726 |  0 |  17k|2898 | 6.735509e+04 | 6.734585e+04 |   0.01%|  58.32%
  129s| 56800 | 11641 |137397 |   2.4 |   160M |  46 |3500 | 831 | 177 |2730 |  1 |  17k|2899 | 6.735509e+04 | 6.734585e+04 |   0.01%|  58.33%
 time | node  | left  |LP iter|LP it/n|mem/heur|mdpt |vars |cons |rows |cuts |sepa|confs|strbr|  dualbound   | primalbound  |  gap   | compl. 
  129s| 56900 | 11647 |137545 |   2.4 |   160M |  46 |3500 | 808 |   0 |2735 |  0 |  17k|2900 | 6.735509e+04 | 6.734585e+04 |   0.01%|  58.34%
  130s| 57000 | 11650 |137735 |   2.4 |   160M |  46 |3500 | 824 |   0 |2737 |  0 |  17k|2904 | 6.735509e+04 | 6.734585e+04 |   0.01%|  58.37%
  130s| 57100 | 11657 |137912 |   2.4 |   160M |  46 |3500 | 820 |   0 |2737 |  0 |  17k|2912 | 6.735508e+04 | 6.734585e+04 |   0.01%|  58.39%
  130s| 57200 | 11676 |138089 |   2.4 |   160M |  46 |3500 | 823 |   0 |2742 |  0 |  17k|2916 | 6.735508e+04 | 6.734585e+04 |   0.01%|  58.40%
  130s| 57300 | 11680 |138263 |   2.4 |   160M |  46 |3500 | 814 | 174 |2742 |  1 |  17k|2921 | 6.735508e+04 | 6.734585e+04 |   0.01%|  58.44%
  130s| 57400 | 11701 |138449 |   2.4 |   160M |  46 |3500 | 833 | 171 |2742 |  1 |  17k|2921 | 6.735508e+04 | 6.734585e+04 |   0.01%|  58.45%
  131s| 57500 | 11722 |138648 |   2.4 |   160M |  46 |3500 | 859 |   0 |2744 |  0 |  17k|2924 | 6.735508e+04 | 6.734585e+04 |   0.01%|  58.47%
  131s| 57600 | 11746 |138962 |   2.4 |   160M |  46 |3500 | 882 | 169 |2744 |  1 |  17k|2927 | 6.735508e+04 | 6.734585e+04 |   0.01%|  58.47%
  131s| 57700 | 11757 |139148 |   2.4 |   161M |  46 |3500 | 875 | 172 |2750 |  1 |  17k|2930 | 6.735507e+04 | 6.734585e+04 |   0.01%|  58.48%
  131s| 57800 | 11775 |139278 |   2.4 |   161M |  46 |3500 | 865 | 174 |2750 |  1 |  17k|2930 | 6.735507e+04 | 6.734585e+04 |   0.01%|  58.51%
  131s| 57900 | 11772 |139511 |   2.4 |   161M |  46 |3500 | 860 | 174 |2750 |  1 |  17k|2930 | 6.735507e+04 | 6.734585e+04 |   0.01%|  58.54%
  131s| 58000 | 11779 |139657 |   2.4 |   161M |  46 |3500 | 873 |   0 |2755 |  0 |  17k|2931 | 6.735507e+04 | 6.734585e+04 |   0.01%|  58.54%
  132s| 58100 | 11786 |139747 |   2.4 |   161M |  46 |3500 | 884 | 172 |2755 |  1 |  17k|2932 | 6.735507e+04 | 6.734585e+04 |   0.01%|  58.54%
  132s| 58200 | 11793 |139853 |   2.4 |   161M |  46 |3500 | 866 | 172 |2755 |  1 |  17k|2933 | 6.735506e+04 | 6.734585e+04 |   0.01%|  58.54%
  132s| 58300 | 11796 |140017 |   2.4 |   161M |  46 |3500 | 900 |   0 |2755 |  0 |  17k|2934 | 6.735506e+04 | 6.734585e+04 |   0.01%|  58.55%
 time | node  | left  |LP iter|LP it/n|mem/heur|mdpt |vars |cons |rows |cuts |sepa|confs|strbr|  dualbound   | primalbound  |  gap   | compl. 
  132s| 58400 | 11797 |140187 |   2.4 |   161M |  46 |3500 | 884 |   0 |2755 |  0 |  17k|2935 | 6.735506e+04 | 6.734585e+04 |   0.01%|  58.56%
  132s| 58500 | 11813 |140361 |   2.4 |   161M |  46 |3500 | 890 |   0 |2760 |  0 |  17k|2935 | 6.735506e+04 | 6.734585e+04 |   0.01%|  58.58%
  132s| 58600 | 11817 |140523 |   2.4 |   161M |  46 |3500 | 899 | 170 |2760 |  1 |  17k|2938 | 6.735506e+04 | 6.734585e+04 |   0.01%|  58.58%
  132s| 58700 | 11819 |140742 |   2.4 |   161M |  46 |3500 | 911 | 173 |2762 |  1 |  17k|2944 | 6.735506e+04 | 6.734585e+04 |   0.01%|  58.59%
  133s| 58800 | 11832 |140964 |   2.4 |   161M |  46 |3500 | 891 | 173 |2762 |  0 |  17k|2944 | 6.735506e+04 | 6.734585e+04 |   0.01%|  58.59%
  133s| 58900 | 11843 |141081 |   2.4 |   161M |  46 |3500 | 901 |   0 |2762 |  0 |  17k|2944 | 6.735505e+04 | 6.734585e+04 |   0.01%|  58.59%
  133s| 59000 | 11852 |141321 |   2.4 |   161M |  46 |3500 | 933 |   0 |2774 |  0 |  17k|2952 | 6.735505e+04 | 6.734585e+04 |   0.01%|  58.60%
  133s| 59100 | 11859 |141480 |   2.4 |   161M |  46 |3500 | 951 |   0 |2777 |  0 |  17k|2952 | 6.735504e+04 | 6.734585e+04 |   0.01%|  58.63%
  133s| 59200 | 11860 |141631 |   2.4 |   161M |  46 |3500 | 970 |   0 |2778 |  0 |  18k|2956 | 6.735504e+04 | 6.734585e+04 |   0.01%|  58.65%
  134s| 59300 | 11877 |141831 |   2.4 |   161M |  46 |3500 | 964 | 174 |2779 |  1 |  18k|2956 | 6.735504e+04 | 6.734585e+04 |   0.01%|  58.67%
  134s| 59400 | 11890 |142046 |   2.4 |   161M |  46 |3500 | 930 |   0 |2789 |  0 |  18k|2956 | 6.735503e+04 | 6.734585e+04 |   0.01%|  58.71%
  134s| 59500 | 11904 |142199 |   2.4 |   162M |  46 |3500 | 930 | 174 |2789 |  1 |  18k|2956 | 6.735503e+04 | 6.734585e+04 |   0.01%|  58.71%
  134s| 59600 | 11913 |142318 |   2.4 |   162M |  46 |3500 | 943 |   0 |2789 |  0 |  18k|2956 | 6.735503e+04 | 6.734585e+04 |   0.01%|  58.71%
  134s| 59700 | 11929 |142496 |   2.4 |   162M |  46 |3500 | 946 | 172 |2795 |  1 |  18k|2956 | 6.735503e+04 | 6.734585e+04 |   0.01%|  58.71%
  134s| 59800 | 11936 |142643 |   2.4 |   162M |  46 |3500 | 968 |   0 |2795 |  0 |  18k|2956 | 6.735503e+04 | 6.734585e+04 |   0.01%|  58.74%
 time | node  | left  |LP iter|LP it/n|mem/heur|mdpt |vars |cons |rows |cuts |sepa|confs|strbr|  dualbound   | primalbound  |  gap   | compl. 
  135s| 59900 | 11957 |142844 |   2.4 |   162M |  46 |3500 | 939 | 172 |2795 |  0 |  18k|2958 | 6.735503e+04 | 6.734585e+04 |   0.01%|  58.75%
  135s| 60000 | 11979 |143039 |   2.4 |   162M |  46 |3500 | 959 | 169 |2797 |  1 |  18k|2962 | 6.735503e+04 | 6.734585e+04 |   0.01%|  58.75%
  135s| 60100 | 11977 |143180 |   2.4 |   162M |  46 |3500 |1003 |   0 |2799 |  0 |  18k|2962 | 6.735503e+04 | 6.734585e+04 |   0.01%|  58.76%
  135s| 60200 | 11987 |143374 |   2.4 |   162M |  46 |3500 |1015 |   0 |2805 |  0 |  18k|2965 | 6.735502e+04 | 6.734585e+04 |   0.01%|  58.77%
  135s| 60300 | 11997 |143518 |   2.4 |   162M |  46 |3500 |1025 | 176 |2808 |  1 |  18k|2967 | 6.735502e+04 | 6.734585e+04 |   0.01%|  58.80%
  135s| 60400 | 12009 |143625 |   2.4 |   162M |  46 |3500 |1019 | 175 |2810 |  1 |  18k|2967 | 6.735502e+04 | 6.734585e+04 |   0.01%|  58.80%
  136s| 60500 | 12019 |143797 |   2.4 |   162M |  46 |3500 |1041 | 175 |2810 |  1 |  18k|2968 | 6.735502e+04 | 6.734585e+04 |   0.01%|  58.81%
  136s| 60600 | 12026 |143977 |   2.4 |   162M |  46 |3500 |1054 | 175 |2815 |  1 |  18k|2969 | 6.735502e+04 | 6.734585e+04 |   0.01%|  58.83%
  136s| 60700 | 12036 |144139 |   2.4 |   162M |  46 |3500 |1065 | 174 |2816 |  2 |  18k|2969 | 6.735501e+04 | 6.734585e+04 |   0.01%|  58.85%
  136s| 60800 | 12054 |144327 |   2.4 |   162M |  46 |3500 |1070 | 174 |2817 |  1 |  18k|2970 | 6.735501e+04 | 6.734585e+04 |   0.01%|  58.86%
  136s| 60900 | 12058 |144573 |   2.4 |   162M |  46 |3500 |1023 |   0 |2817 |  0 |  18k|2972 | 6.735501e+04 | 6.734585e+04 |   0.01%|  58.90%
  136s| 61000 | 12069 |144741 |   2.4 |   162M |  46 |3500 |1048 |   0 |2820 |  0 |  18k|2972 | 6.735501e+04 | 6.734585e+04 |   0.01%|  58.90%
  136s| 61100 | 12071 |144861 |   2.4 |   162M |  46 |3500 |1034 | 177 |2821 |  1 |  18k|2973 | 6.735500e+04 | 6.734585e+04 |   0.01%|  58.91%
  137s| 61200 | 12069 |145032 |   2.4 |   162M |  46 |3500 |1033 | 175 |2828 |  0 |  18k|2973 | 6.735500e+04 | 6.734585e+04 |   0.01%|  58.93%
  137s| 61300 | 12090 |145211 |   2.4 |   162M |  46 |3500 |1009 | 174 |2829 |  1 |  18k|2974 | 6.735500e+04 | 6.734585e+04 |   0.01%|  58.95%
 time | node  | left  |LP iter|LP it/n|mem/heur|mdpt |vars |cons |rows |cuts |sepa|confs|strbr|  dualbound   | primalbound  |  gap   | compl. 
  137s| 61400 | 12091 |145403 |   2.4 |   162M |  46 |3500 |1013 | 174 |2831 |  1 |  18k|2976 | 6.735499e+04 | 6.734585e+04 |   0.01%|  59.00%
  137s| 61500 | 12091 |145560 |   2.4 |   163M |  46 |3500 |1017 | 174 |2831 |  1 |  18k|2981 | 6.735499e+04 | 6.734585e+04 |   0.01%|  59.03%
  137s| 61600 | 12095 |145747 |   2.4 |   163M |  46 |3500 |1024 |   0 |2833 |  0 |  18k|2982 | 6.735499e+04 | 6.734585e+04 |   0.01%|  59.04%
  138s| 61700 | 12126 |145968 |   2.4 |   163M |  46 |3500 | 999 | 173 |2836 |  1 |  18k|2982 | 6.735499e+04 | 6.734585e+04 |   0.01%|  59.05%
  138s| 61800 | 12149 |146105 |   2.4 |   163M |  46 |3500 |1017 | 173 |2836 |  1 |  18k|2982 | 6.735499e+04 | 6.734585e+04 |   0.01%|  59.05%
  138s| 61900 | 12158 |146261 |   2.4 |   163M |  46 |3500 |1030 |   0 |2837 |  0 |  18k|2982 | 6.735499e+04 | 6.734585e+04 |   0.01%|  59.06%
  138s| 62000 | 12195 |146449 |   2.4 |   163M |  46 |3500 |1025 | 173 |2839 |  1 |  18k|2984 | 6.735498e+04 | 6.734585e+04 |   0.01%|  59.06%
  138s| 62100 | 12249 |146651 |   2.4 |   163M |  46 |3500 |1067 | 173 |2839 |  1 |  18k|2984 | 6.735498e+04 | 6.734585e+04 |   0.01%|  59.07%
  138s| 62200 | 12267 |146768 |   2.4 |   163M |  46 |3500 |1101 |   0 |2839 |  0 |  19k|2984 | 6.735498e+04 | 6.734585e+04 |   0.01%|  59.09%
  139s| 62300 | 12296 |146908 |   2.4 |   163M |  46 |3500 |1109 |   0 |2839 |  0 |  19k|2984 | 6.735498e+04 | 6.734585e+04 |   0.01%|  59.09%
  139s| 62400 | 12333 |147060 |   2.4 |   163M |  46 |3500 |1149 | 173 |2841 |  1 |  19k|2984 | 6.735497e+04 | 6.734585e+04 |   0.01%|  59.10%
  139s| 62500 | 12360 |147258 |   2.4 |   163M |  46 |3500 |1186 |   0 |2845 |  0 |  19k|2986 | 6.735497e+04 | 6.734585e+04 |   0.01%|  59.10%
  139s| 62600 | 12384 |147373 |   2.4 |   163M |  46 |3500 |1186 | 173 |2846 |  1 |  19k|2986 | 6.735497e+04 | 6.734585e+04 |   0.01%|  59.10%
  139s| 62700 | 12385 |147547 |   2.3 |   163M |  46 |3500 |1208 |   0 |2849 |  0 |  19k|2988 | 6.735497e+04 | 6.734585e+04 |   0.01%|  59.10%
  139s| 62800 | 12396 |147676 |   2.3 |   163M |  46 |3500 |1194 | 174 |2852 |  1 |  19k|2988 | 6.735497e+04 | 6.734585e+04 |   0.01%|  59.10%
 time | node  | left  |LP iter|LP it/n|mem/heur|mdpt |vars |cons |rows |cuts |sepa|confs|strbr|  dualbound   | primalbound  |  gap   | compl. 
  140s| 62900 | 12414 |147819 |   2.3 |   163M |  46 |3500 |1185 | 173 |2852 |  1 |  19k|2989 | 6.735496e+04 | 6.734585e+04 |   0.01%|  59.10%
  140s| 63000 | 12424 |148023 |   2.3 |   163M |  46 |3500 |1155 | 176 |2857 |  2 |  19k|2995 | 6.735496e+04 | 6.734585e+04 |   0.01%|  59.11%
  140s| 63100 | 12437 |148154 |   2.3 |   163M |  46 |3500 |1202 | 173 |2859 |  1 |  19k|2997 | 6.735496e+04 | 6.734585e+04 |   0.01%|  59.11%
  140s| 63200 | 12450 |148295 |   2.3 |   164M |  46 |3500 |1223 |   0 |2860 |  0 |  19k|2997 | 6.735496e+04 | 6.734585e+04 |   0.01%|  59.11%
  140s| 63300 | 12457 |148378 |   2.3 |   166M |  46 |3500 |1244 | 173 |2860 |  0 |  19k|2997 | 6.735495e+04 | 6.734585e+04 |   0.01%|  59.11%
  140s| 63400 | 12474 |148517 |   2.3 |   166M |  46 |3500 |1247 | 173 |2860 |  1 |  19k|2998 | 6.735495e+04 | 6.734585e+04 |   0.01%|  59.12%
  141s| 63500 | 12471 |148665 |   2.3 |   166M |  46 |3500 |1271 | 173 |2862 |  1 |  19k|3000 | 6.735495e+04 | 6.734585e+04 |   0.01%|  59.12%
  141s| 63600 | 12467 |148815 |   2.3 |   166M |  46 |3500 |1232 |   0 |2862 |  0 |  19k|3011 | 6.735494e+04 | 6.734585e+04 |   0.01%|  59.17%
  141s| 63700 | 12503 |149068 |   2.3 |   166M |  46 |3500 |1249 | 172 |2862 |  1 |  19k|3020 | 6.735494e+04 | 6.734585e+04 |   0.01%|  59.17%
  141s| 63800 | 12518 |149254 |   2.3 |   166M |  46 |3500 |1240 | 173 |2862 |  1 |  20k|3023 | 6.735494e+04 | 6.734585e+04 |   0.01%|  59.20%
  141s| 63900 | 12529 |149420 |   2.3 |   166M |  46 |3500 |1244 |   0 |2863 |  0 |  20k|3024 | 6.735494e+04 | 6.734585e+04 |   0.01%|  59.21%
  142s| 64000 | 12535 |149667 |   2.3 |   166M |  46 |3500 |1209 | 173 |2868 |  1 |  20k|3026 | 6.735494e+04 | 6.734585e+04 |   0.01%|  59.23%
  142s| 64100 | 12549 |149930 |   2.3 |   166M |  46 |3500 |1207 | 171 |2872 |  1 |  20k|3027 | 6.735493e+04 | 6.734585e+04 |   0.01%|  59.23%
  142s| 64200 | 12555 |150137 |   2.3 |   166M |  46 |3500 |1190 | 176 |2874 |  1 |  20k|3030 | 6.735493e+04 | 6.734585e+04 |   0.01%|  59.26%
  142s| 64300 | 12561 |150325 |   2.3 |   166M |  46 |3500 |1123 |   0 |2876 |  0 |  20k|3033 | 6.735493e+04 | 6.734585e+04 |   0.01%|  59.26%
 time | node  | left  |LP iter|LP it/n|mem/heur|mdpt |vars |cons |rows |cuts |sepa|confs|strbr|  dualbound   | primalbound  |  gap   | compl. 
  142s| 64400 | 12567 |150521 |   2.3 |   166M |  46 |3500 |1064 |   0 |2876 |  0 |  20k|3034 | 6.735493e+04 | 6.734585e+04 |   0.01%|  59.29%
  143s| 64500 | 12591 |150877 |   2.3 |   166M |  46 |3500 |1064 | 176 |2876 |  1 |  20k|3037 | 6.735493e+04 | 6.734585e+04 |   0.01%|  59.31%
  143s| 64600 | 12601 |151037 |   2.3 |   166M |  46 |3500 |1113 | 175 |2876 |  2 |  20k|3040 | 6.735492e+04 | 6.734585e+04 |   0.01%|  59.34%
  143s| 64700 | 12627 |151246 |   2.3 |   166M |  46 |3500 |1124 |   0 |2876 |  0 |  20k|3043 | 6.735492e+04 | 6.734585e+04 |   0.01%|  59.36%
  143s| 64800 | 12635 |151391 |   2.3 |   166M |  46 |3500 |1093 |   0 |2879 |  0 |  20k|3045 | 6.735492e+04 | 6.734585e+04 |   0.01%|  59.37%
  143s| 64900 | 12665 |151655 |   2.3 |   166M |  46 |3500 |1093 | 173 |2880 |  1 |  20k|3045 | 6.735492e+04 | 6.734585e+04 |   0.01%|  59.37%
  143s| 65000 | 12678 |151825 |   2.3 |   167M |  46 |3500 |1112 | 178 |2880 |  1 |  20k|3045 | 6.735491e+04 | 6.734585e+04 |   0.01%|  59.37%
  144s| 65100 | 12706 |152093 |   2.3 |   167M |  46 |3500 |1089 | 171 |2884 |  2 |  20k|3047 | 6.735491e+04 | 6.734585e+04 |   0.01%|  59.38%
  144s| 65200 | 12733 |152314 |   2.3 |   168M |  46 |3500 |1109 | 171 |2895 |  1 |  20k|3047 | 6.735491e+04 | 6.734585e+04 |   0.01%|  59.38%
  144s| 65300 | 12747 |152530 |   2.3 |   168M |  46 |3500 |1114 | 171 |2899 |  1 |  20k|3047 | 6.735491e+04 | 6.734585e+04 |   0.01%|  59.38%
  144s| 65400 | 12768 |152784 |   2.3 |   169M |  46 |3500 |1108 | 171 |2905 |  1 |  20k|3047 | 6.735491e+04 | 6.734585e+04 |   0.01%|  59.38%
  144s| 65500 | 12780 |152991 |   2.3 |   169M |  46 |3500 |1101 |   0 |2905 |  0 |  20k|3048 | 6.735491e+04 | 6.734585e+04 |   0.01%|  59.38%
  145s| 65600 | 12796 |153245 |   2.3 |   169M |  46 |3500 |1105 | 172 |2905 |  1 |  20k|3055 | 6.735491e+04 | 6.734585e+04 |   0.01%|  59.39%
  145s| 65700 | 12821 |153416 |   2.3 |   169M |  46 |3500 |1134 | 174 |2905 |  1 |  20k|3060 | 6.735490e+04 | 6.734585e+04 |   0.01%|  59.40%
  145s| 65800 | 12818 |153605 |   2.3 |   169M |  46 |3500 |1124 | 173 |2905 |  0 |  20k|3064 | 6.735490e+04 | 6.734585e+04 |   0.01%|  59.41%
 time | node  | left  |LP iter|LP it/n|mem/heur|mdpt |vars |cons |rows |cuts |sepa|confs|strbr|  dualbound   | primalbound  |  gap   | compl. 
  145s| 65900 | 12834 |153888 |   2.3 |   169M |  46 |3500 |1082 | 172 |2905 |  1 |  20k|3067 | 6.735490e+04 | 6.734585e+04 |   0.01%|  59.43%
  145s| 66000 | 12842 |153999 |   2.3 |   169M |  46 |3500 |1070 |   0 |2905 |  0 |  20k|3069 | 6.735490e+04 | 6.734585e+04 |   0.01%|  59.44%
  146s| 66100 | 12859 |154157 |   2.3 |   169M |  46 |3500 |1064 | 178 |2907 |  1 |  20k|3069 | 6.735490e+04 | 6.734585e+04 |   0.01%|  59.44%
  146s| 66200 | 12865 |154308 |   2.3 |   169M |  46 |3500 |1077 |   0 |2912 |  0 |  20k|3072 | 6.735490e+04 | 6.734585e+04 |   0.01%|  59.45%
  146s| 66300 | 12883 |154491 |   2.3 |   169M |  46 |3500 |1080 |   0 |2914 |  0 |  20k|3074 | 6.735489e+04 | 6.734585e+04 |   0.01%|  59.46%
  146s| 66400 | 12893 |154667 |   2.3 |   169M |  46 |3500 |1109 | 173 |2919 |  1 |  20k|3077 | 6.735489e+04 | 6.734585e+04 |   0.01%|  59.48%
  146s| 66500 | 12901 |154797 |   2.3 |   169M |  46 |3500 |1116 | 173 |2919 |  1 |  20k|3078 | 6.735489e+04 | 6.734585e+04 |   0.01%|  59.49%
  147s| 66600 | 12917 |155036 |   2.3 |   169M |  46 |3500 |1114 |   0 |2920 |  0 |  20k|3079 | 6.735489e+04 | 6.734585e+04 |   0.01%|  59.52%
  147s| 66700 | 12922 |155220 |   2.3 |   169M |  46 |3500 |1116 |   0 |2924 |  0 |  20k|3086 | 6.735489e+04 | 6.734585e+04 |   0.01%|  59.52%
  147s| 66800 | 12934 |155423 |   2.3 |   169M |  46 |3500 |1120 | 171 |2924 |  0 |  21k|3090 | 6.735489e+04 | 6.734585e+04 |   0.01%|  59.56%
  147s| 66900 | 12950 |155636 |   2.3 |   169M |  46 |3500 |1111 | 169 |2924 |  1 |  21k|3097 | 6.735489e+04 | 6.734585e+04 |   0.01%|  59.57%
  147s| 67000 | 12956 |155754 |   2.3 |   169M |  46 |3500 |1177 | 172 |2926 |  1 |  21k|3101 | 6.735489e+04 | 6.734585e+04 |   0.01%|  59.57%
  147s| 67100 | 12960 |155898 |   2.3 |   169M |  46 |3500 |1167 | 173 |2929 |  1 |  21k|3105 | 6.735489e+04 | 6.734585e+04 |   0.01%|  59.59%
  148s| 67200 | 12978 |156097 |   2.3 |   169M |  46 |3500 |1210 | 174 |2937 |  1 |  21k|3108 | 6.735489e+04 | 6.734585e+04 |   0.01%|  59.60%
  148s| 67300 | 12987 |156217 |   2.3 |   169M |  46 |3500 |1195 | 172 |2937 |  1 |  21k|3109 | 6.735489e+04 | 6.734585e+04 |   0.01%|  59.60%
 time | node  | left  |LP iter|LP it/n|mem/heur|mdpt |vars |cons |rows |cuts |sepa|confs|strbr|  dualbound   | primalbound  |  gap   | compl. 
  148s| 67400 | 12991 |156492 |   2.3 |   169M |  46 |3500 |1194 | 174 |2942 |  1 |  21k|3113 | 6.735489e+04 | 6.734585e+04 |   0.01%|  59.61%
  148s| 67500 | 13001 |156679 |   2.3 |   169M |  46 |3500 |1193 | 169 |2944 |  1 |  21k|3117 | 6.735488e+04 | 6.734585e+04 |   0.01%|  59.63%
  148s| 67600 | 13002 |156804 |   2.3 |   169M |  46 |3500 |1202 |   0 |2945 |  0 |  21k|3118 | 6.735488e+04 | 6.734585e+04 |   0.01%|  59.65%
  149s| 67700 | 13032 |156998 |   2.3 |   169M |  46 |3500 |1165 | 171 |2945 |  0 |  21k|3120 | 6.735488e+04 | 6.734585e+04 |   0.01%|  59.65%
  149s| 67800 | 13064 |157157 |   2.3 |   169M |  46 |3500 |1186 | 172 |2948 |  1 |  21k|3120 | 6.735488e+04 | 6.734585e+04 |   0.01%|  59.65%
  149s| 67900 | 13079 |157401 |   2.3 |   169M |  46 |3500 |1189 |   0 |2948 |  0 |  21k|3120 | 6.735488e+04 | 6.734585e+04 |   0.01%|  59.67%
  149s| 68000 | 13088 |157591 |   2.3 |   169M |  46 |3500 |1191 |   0 |2949 |  0 |  21k|3121 | 6.735488e+04 | 6.734585e+04 |   0.01%|  59.68%
  149s| 68100 | 13099 |157708 |   2.3 |   169M |  46 |3500 |1271 | 172 |2949 |  1 |  21k|3124 | 6.735488e+04 | 6.734585e+04 |   0.01%|  59.68%
  150s| 68200 | 13105 |157926 |   2.3 |   169M |  46 |3500 |1309 | 178 |2949 |  1 |  21k|3126 | 6.735488e+04 | 6.734585e+04 |   0.01%|  59.70%
  150s| 68300 | 13148 |158156 |   2.3 |   169M |  46 |3500 |1338 | 174 |2952 |  1 |  21k|3126 | 6.735488e+04 | 6.734585e+04 |   0.01%|  59.70%
  150s| 68400 | 13152 |158287 |   2.3 |   169M |  46 |3500 |1366 | 179 |2952 |  1 |  21k|3126 | 6.735487e+04 | 6.734585e+04 |   0.01%|  59.72%
  150s| 68500 | 13166 |158479 |   2.3 |   169M |  46 |3500 |1364 | 174 |2956 |  1 |  21k|3127 | 6.735487e+04 | 6.734585e+04 |   0.01%|  59.73%
  150s| 68600 | 13191 |158758 |   2.3 |   169M |  46 |3500 |1357 | 171 |2959 |  1 |  21k|3129 | 6.735487e+04 | 6.734585e+04 |   0.01%|  59.76%

SCIP Status        : solving was interrupted [time limit reached]
Solving Time (sec) : 151.00
Solving Nodes      : 68682
Primal Bound       : +6.73458524579883e+04 (610 solutions)
Dual Bound         : +6.73548700109459e+04
Gap                : 0.01 %
[SCIP-SEQ] Solver status: timelimit
[SCIP-SEQ] Best objective (bestSol): 67345.85245798825
[SCIP-SEQ] Final relative gap: 0.00013389915827775767
[warmstart] 第 2 车完成：已分配 SKU 数=25，装载湿重=32.500000，本车目标值=67345.852458，剩余 SKU 数=149
[warmstart] 顺序配矿热启动解已生成：目标值=136612.833051, 已分配 SKU=51, 使用批次=3, 用时=300.742s
配置 SCIP 求解参数（整车整体 MIP）...
[progress]整车整体 MIP 阶段已禁用 run_epgap / run_epagap 提前停机，仅保留时间上限。
[progress]整车整体 MIP 阶段强制时间限制：300.0 秒（5.00 分钟），来源：--main-time-limit
[progress]warmstart 阶段实际耗时：300.742 秒；该耗时不会扣减整车整体 MIP 主求解阶段的时间上限。
[warmstart] 已向 SCIP 注入初始解：assigned_skus=51, used_vk_pairs=6, stored=True
[progress]项目目录包含非 ASCII 路径，SCIP 原生日志改为写入：D:\bld_scip_progress_logs\i200v2t300_pid24608_scip_raw.log
[progress]后续解析结果（CSV/图片）仍输出到：D:\研一上\研究课题\bld\bld_new\v_by_v_warmstart_parallel+timelimit_force\parallel_runs\outputs\i200v2t300_scip_progress
开始求解整体 MIP ...
1/1 feasible solution given by solution candidate storage, new primal bound 1.366128e+05

presolving:
   (0.0s) symmetry computation started: requiring (bin +, int +, cont +), (fixed: bin -, int -, cont -)
   (0.0s) symmetry computation finished: 2 generators found (max: 1500, log10 of symmetry group size: 0.60) (symcode time: 0.00)
dynamic symmetry handling statistics:
   orbitopal reduction:       no components
   orbital reduction:          1 components of sizes 2
   lexicographic reduction:    2 permutations with support sizes 80, 8040
handled 1 out of 1 symmetry components
presolving (0 rounds: 0 fast, 0 medium, 0 exhaustive):
 0 deleted vars, 0 deleted constraints, 0 added constraints, 0 tightened bounds, 0 added holes, 0 changed sides, 0 changed coefficients
 0 implications, 0 cliques
presolved problem has 8040 variables (8040 bin, 0 int, 0 impl, 0 cont) and 407 constraints
    407 constraints of type <linear>
Presolving Time: 0.00
transformed 1/1 original solutions to the transformed problem space

 time | node  | left  |LP iter|LP it/n|mem/heur|mdpt |vars |cons |rows |cuts |sepa|confs|strbr|  dualbound   | primalbound  |  gap   | compl. 
  0.0s|     1 |     0 |   242 |     - |   109M |   0 |8040 | 427 | 389 |   0 |  0 |  38 |   0 | 1.366465e+05 | 1.366128e+05 |   0.02%| unknown
  0.0s|     1 |     0 |   242 |     - |   109M |   0 |8040 | 427 | 181 |   0 |  0 |  38 |   0 | 1.366465e+05 | 1.366128e+05 |   0.02%| unknown
  0.0s|     1 |     0 |   249 |     - |   113M |   0 |8040 | 427 | 187 |   6 |  1 |  38 |   0 | 1.366465e+05 | 1.366128e+05 |   0.02%| unknown
  0.0s|     1 |     0 |   277 |     - |   113M |   0 |8040 | 427 | 193 |  12 |  2 |  38 |   0 | 1.366461e+05 | 1.366128e+05 |   0.02%| unknown
  0.0s|     1 |     0 |   277 |     - |   113M |   0 |8040 | 427 | 193 |  12 |  2 |  38 |   0 | 1.366461e+05 | 1.366128e+05 |   0.02%| unknown
  0.0s|     1 |     0 |   301 |     - |   114M |   0 |8040 | 427 | 199 |  18 |  3 |  38 |   0 | 1.366460e+05 | 1.366128e+05 |   0.02%| unknown
  0.0s|     1 |     0 |   301 |     - |   114M |   0 |8040 | 427 | 199 |  18 |  3 |  38 |   0 | 1.366460e+05 | 1.366128e+05 |   0.02%| unknown
  0.0s|     1 |     0 |   346 |     - |   114M |   0 |8040 | 427 | 205 |  24 |  4 |  38 |   0 | 1.366458e+05 | 1.366128e+05 |   0.02%| unknown
  0.0s|     1 |     0 |   346 |     - |   114M |   0 |8040 | 427 | 205 |  24 |  4 |  38 |   0 | 1.366458e+05 | 1.366128e+05 |   0.02%| unknown
  1.0s|     1 |     0 |   365 |     - |   114M |   0 |8040 | 427 | 210 |  29 |  5 |  38 |   0 | 1.366458e+05 | 1.366128e+05 |   0.02%| unknown
  1.0s|     1 |     0 |   365 |     - |   114M |   0 |8040 | 427 | 210 |  29 |  5 |  38 |   0 | 1.366458e+05 | 1.366128e+05 |   0.02%| unknown
  1.0s|     1 |     0 |   381 |     - |   115M |   0 |8040 | 427 | 215 |  34 |  6 |  38 |   0 | 1.366458e+05 | 1.366128e+05 |   0.02%| unknown
  1.0s|     1 |     0 |   393 |     - |   115M |   0 |8040 | 427 | 220 |  39 |  7 |  38 |   0 | 1.366458e+05 | 1.366128e+05 |   0.02%| unknown
  1.0s|     1 |     0 |   413 |     - |   115M |   0 |8040 | 427 | 224 |  43 |  8 |  38 |   0 | 1.366458e+05 | 1.366128e+05 |   0.02%| unknown
  1.0s|     1 |     0 |   442 |     - |   115M |   0 |8040 | 427 | 228 |  47 |  9 |  38 |   0 | 1.366457e+05 | 1.366128e+05 |   0.02%| unknown
 time | node  | left  |LP iter|LP it/n|mem/heur|mdpt |vars |cons |rows |cuts |sepa|confs|strbr|  dualbound   | primalbound  |  gap   | compl. 
  1.0s|     1 |     0 |   493 |     - |   115M |   0 |8040 | 427 | 234 |  53 | 10 |  38 |   0 | 1.366457e+05 | 1.366128e+05 |   0.02%| unknown
  1.0s|     1 |     0 |   524 |     - |   115M |   0 |8040 | 427 | 238 |  60 | 11 |  38 |   0 | 1.366457e+05 | 1.366128e+05 |   0.02%| unknown
  2.0s|     1 |     2 |  1478 |     - |   117M |   0 |8040 | 254 | 238 |  60 | 11 |  73 |  31 | 1.366444e+05 | 1.366128e+05 |   0.02%| unknown
  8.0s|   100 |    73 |  3201 |  27.0 |   124M |  33 |8040 | 260 | 215 |  78 |  1 | 114 | 713 | 1.366408e+05 | 1.366128e+05 |   0.02%|  47.59%
 11.0s|   200 |   157 |  5172 |  23.4 |   131M |  34 |8040 | 265 | 213 | 101 |  2 | 135 |1211 | 1.366408e+05 | 1.366128e+05 |   0.02%|  47.59%
 15.0s|   300 |   251 |  7782 |  24.3 |   139M |  34 |8040 | 279 | 212 | 144 |  1 | 185 |1886 | 1.366408e+05 | 1.366128e+05 |   0.02%|  47.61%
 17.0s|   400 |   351 |  9238 |  21.8 |   144M |  34 |8040 | 278 | 217 | 189 |  1 | 187 |1908 | 1.366407e+05 | 1.366128e+05 |   0.02%|  47.62%
 18.0s|   500 |   443 | 10306 |  19.6 |   149M |  34 |8040 | 281 | 216 | 232 |  1 | 191 |1928 | 1.366407e+05 | 1.366128e+05 |   0.02%|  47.62%
 21.0s|   600 |   539 | 11970 |  19.1 |   151M |  34 |8040 | 274 | 217 | 266 |  1 | 203 |2299 | 1.366407e+05 | 1.366128e+05 |   0.02%|  47.62%
 24.0s|   700 |   635 | 13874 |  19.1 |   153M |  34 |8040 | 331 | 219 | 318 |  2 | 269 |2787 | 1.366407e+05 | 1.366128e+05 |   0.02%|  47.62%
 25.0s|   800 |   733 | 15292 |  18.5 |   154M |  44 |8040 | 324 | 220 | 353 |  1 | 271 |2944 | 1.366407e+05 | 1.366128e+05 |   0.02%|  47.62%
 28.0s|   900 |   825 | 17251 |  18.6 |   154M |  51 |8040 | 315 | 214 | 374 |116 | 286 |3339 | 1.366407e+05 | 1.366128e+05 |   0.02%|  47.62%
 30.0s|  1000 |   921 | 18535 |  18.0 |   155M |  51 |8040 | 308 | 211 | 422 |  1 | 293 |3737 | 1.366407e+05 | 1.366128e+05 |   0.02%|  47.62%
 32.0s|  1100 |  1015 | 19607 |  17.4 |   156M |  51 |8040 | 310 | 214 | 448 |  2 | 309 |3816 | 1.366407e+05 | 1.366128e+05 |   0.02%|  47.65%
 33.0s|  1200 |  1115 | 20632 |  16.8 |   157M |  51 |8040 | 316 | 213 | 480 |  1 | 321 |3828 | 1.366407e+05 | 1.366128e+05 |   0.02%|  47.65%
 time | node  | left  |LP iter|LP it/n|mem/heur|mdpt |vars |cons |rows |cuts |sepa|confs|strbr|  dualbound   | primalbound  |  gap   | compl. 
 34.0s|  1300 |  1215 | 22412 |  16.8 |   158M |  51 |8040 | 313 | 215 | 500 |  1 | 323 |3841 | 1.366407e+05 | 1.366128e+05 |   0.02%|  47.65%
 36.0s|  1400 |  1315 | 23258 |  16.3 |   158M |  51 |8040 | 327 | 215 | 536 |  1 | 337 |3851 | 1.366407e+05 | 1.366128e+05 |   0.02%|  47.65%
 37.0s|  1500 |  1415 | 24184 |  15.8 |   158M |  51 |8040 | 334 | 220 | 563 |  1 | 351 |3870 | 1.366407e+05 | 1.366128e+05 |   0.02%|  47.65%
 38.0s|  1600 |  1515 | 24992 |  15.3 |   158M |  51 |8040 | 337 | 216 | 588 |  1 | 357 |3879 | 1.366407e+05 | 1.366128e+05 |   0.02%|  47.65%
 39.0s|  1700 |  1607 | 26031 |  15.0 |   159M |  51 |8040 | 334 | 216 | 622 |  1 | 362 |4045 | 1.366407e+05 | 1.366128e+05 |   0.02%|  47.65%
 40.0s|  1800 |  1703 | 27294 |  14.9 |   161M |  51 |8040 | 330 | 214 | 667 |  1 | 364 |4053 | 1.366407e+05 | 1.366128e+05 |   0.02%|  47.65%
 42.0s|  1900 |  1791 | 28310 |  14.6 |   163M |  51 |8040 | 357 | 221 | 693 |  1 | 397 |4151 | 1.366407e+05 | 1.366128e+05 |   0.02%|  47.65%
 43.0s|  2000 |  1883 | 29378 |  14.4 |   163M |  57 |8040 | 359 | 218 | 720 |  1 | 405 |4240 | 1.366407e+05 | 1.366128e+05 |   0.02%|  47.65%
 44.0s|  2100 |  1979 | 30690 |  14.4 |   164M |  57 |8040 | 357 | 216 | 745 |  1 | 418 |4360 | 1.366407e+05 | 1.366128e+05 |   0.02%|  47.65%
 46.0s|  2200 |  2069 | 31684 |  14.2 |   164M |  57 |8040 | 359 | 221 | 782 |  1 | 428 |4594 | 1.366407e+05 | 1.366128e+05 |   0.02%|  47.65%
 47.0s|  2300 |  2163 | 32399 |  13.9 |   164M |  57 |8040 | 366 | 212 | 816 |  1 | 439 |4597 | 1.366407e+05 | 1.366128e+05 |   0.02%|  47.65%
 48.0s|  2400 |  2263 | 33207 |  13.6 |   166M |  57 |8040 | 378 | 215 | 855 |  1 | 453 |4598 | 1.366407e+05 | 1.366128e+05 |   0.02%|  47.66%
 49.0s|  2500 |  2363 | 33994 |  13.4 |   169M |  57 |8040 | 374 | 232 | 895 |  2 | 455 |4602 | 1.366407e+05 | 1.366128e+05 |   0.02%|  47.66%
 56.0s|  2600 |  2463 | 37194 |  14.1 |   170M |  57 |8040 | 351 | 216 | 932 |  1 | 469 |5983 | 1.366407e+05 | 1.366128e+05 |   0.02%|  47.66%
Restart triggered after 50 consecutive estimations that the remaining tree will be large
 58.0s|  2700 |  2555 | 38077 |  13.9 |   171M |  57 |8040 | 354 | 218 | 961 |  2 | 477 |5987 | 1.366407e+05 | 1.366128e+05 |   0.02%|  47.66%
 time | node  | left  |LP iter|LP it/n|mem/heur|mdpt |vars |cons |rows |cuts |sepa|confs|strbr|  dualbound   | primalbound  |  gap   | compl. 
 60.0s|  2800 |  2655 | 39827 |  14.0 |   172M |  57 |8040 | 350 | 222 | 989 |  1 | 478 |6000 | 1.366407e+05 | 1.366128e+05 |   0.02%|  47.66%
 62.0s|  2900 |  2745 | 40884 |  13.9 |   173M |  57 |8040 | 362 | 216 |1031 |  1 | 504 |6195 | 1.366407e+05 | 1.366128e+05 |   0.02%|  47.66%
 64.0s|  3000 |  2843 | 42270 |  13.9 |   174M |  57 |8040 | 359 | 215 |1048 |  1 | 516 |6655 | 1.366407e+05 | 1.366128e+05 |   0.02%|  47.66%
 70.0s|  3100 |  2941 | 44361 |  14.1 |   201M |  57 |8040 | 360 | 216 |1270 |  1 | 520 |6806 | 1.366407e+05 | 1.366128e+05 |   0.02%|  47.66%
 76.0s|  3200 |  3033 | 47939 |  14.8 |   201M |  57 |8040 | 330 | 215 |1284 |  1 | 547 |8182 | 1.366407e+05 | 1.366128e+05 |   0.02%|  47.66%
 78.0s|  3300 |  3131 | 48940 |  14.7 |   201M |  57 |8040 | 334 | 212 |1318 |  1 | 555 |8186 | 1.366407e+05 | 1.366128e+05 |   0.02%|  47.66%
 79.0s|  3400 |  3223 | 50079 |  14.6 |   202M |  57 |8040 | 346 | 219 |1370 |  1 | 573 |8203 | 1.366407e+05 | 1.366128e+05 |   0.02%|  47.66%
 81.0s|  3500 |  3323 | 52061 |  14.7 |   203M |  57 |8040 | 338 | 216 |1397 |  1 | 578 |8513 | 1.366407e+05 | 1.366128e+05 |   0.02%|  47.66%
 85.0s|  3600 |  3419 | 54853 |  15.1 |   204M |  57 |8040 | 356 | 214 |1436 |  1 | 673 |9352 | 1.366407e+05 | 1.366128e+05 |   0.02%|  47.66%
 97.0s|  3700 |  3515 | 60838 |  16.3 |   217M |  57 |8040 | 387 | 216 |1744 |  1 | 773 |  10k| 1.366407e+05 | 1.366128e+05 |   0.02%|  47.66%
 98.0s|  3800 |  3615 | 61668 |  16.1 |   218M |  57 |8040 | 395 | 217 |1760 |  1 | 785 |  10k| 1.366407e+05 | 1.366128e+05 |   0.02%|  47.66%
 99.0s|  3900 |  3715 | 62583 |  15.9 |   218M |  57 |8040 | 396 | 219 |1779 |  1 | 800 |  10k| 1.366407e+05 | 1.366128e+05 |   0.02%|  47.66%
  100s|  4000 |  3815 | 63176 |  15.7 |   218M |  57 |8040 | 406 | 217 |1799 |  1 | 816 |  10k| 1.366407e+05 | 1.366128e+05 |   0.02%|  47.66%
  102s|  4100 |  3915 | 64809 |  15.7 |   219M |  57 |8040 | 397 | 214 |1819 |  1 | 823 |  11k| 1.366407e+05 | 1.366128e+05 |   0.02%|  47.66%
  104s|  4200 |  4015 | 66240 |  15.7 |   220M |  57 |8040 | 395 | 216 |1855 |  1 | 833 |  11k| 1.366407e+05 | 1.366128e+05 |   0.02%|  47.66%
 time | node  | left  |LP iter|LP it/n|mem/heur|mdpt |vars |cons |rows |cuts |sepa|confs|strbr|  dualbound   | primalbound  |  gap   | compl. 
  105s|  4300 |  4111 | 67384 |  15.6 |   220M |  57 |8040 | 408 | 223 |1886 |  1 | 860 |  11k| 1.366407e+05 | 1.366128e+05 |   0.02%|  47.66%
  106s|  4400 |  4211 | 68242 |  15.4 |   220M |  57 |8040 | 408 | 223 |1910 |  1 | 865 |  11k| 1.366407e+05 | 1.366128e+05 |   0.02%|  47.66%
  109s|  4500 |  4311 | 70523 |  15.6 |   220M |  57 |8040 | 393 | 225 |1938 |  1 | 882 |  11k| 1.366407e+05 | 1.366128e+05 |   0.02%|  47.66%
  112s|  4600 |  4405 | 74620 |  16.1 |   221M |  57 |8040 | 388 | 216 |1973 |  2 | 894 |  12k| 1.366407e+05 | 1.366128e+05 |   0.02%|  47.66%
  114s|  4700 |  4505 | 76322 |  16.1 |   223M |  57 |8040 | 380 | 225 |2002 |  1 | 905 |  12k| 1.366407e+05 | 1.366128e+05 |   0.02%|  47.66%
  117s|  4800 |  4601 | 79034 |  16.4 |   223M |  57 |8040 | 371 | 216 |2021 |  1 | 915 |  12k| 1.366407e+05 | 1.366128e+05 |   0.02%|  47.66%
  118s|  4900 |  4701 | 79912 |  16.2 |   224M |  57 |8040 | 373 | 216 |2044 |  1 | 920 |  12k| 1.366407e+05 | 1.366128e+05 |   0.02%|  47.66%
  119s|  5000 |  4801 | 81333 |  16.2 |   224M |  57 |8040 | 385 | 225 |2072 |  1 | 942 |  12k| 1.366407e+05 | 1.366128e+05 |   0.02%|  47.66%
  120s|  5100 |  4887 | 82196 |  16.0 |   225M |  57 |8040 | 391 | 224 |2103 |  1 | 953 |  12k| 1.366407e+05 | 1.366128e+05 |   0.02%|  47.66%
  123s|  5200 |  4987 | 84038 |  16.1 |   225M |  57 |8040 | 362 | 213 |2137 |  1 | 967 |  13k| 1.366407e+05 | 1.366128e+05 |   0.02%|  47.66%
  124s|  5300 |  5083 | 85361 |  16.0 |   226M |  57 |8040 | 365 | 215 |2168 |  2 | 990 |  13k| 1.366407e+05 | 1.366128e+05 |   0.02%|  47.66%
  126s|  5400 |  5177 | 87204 |  16.1 |   227M |  57 |8040 | 354 | 216 |2193 |  1 |1010 |  13k| 1.366407e+05 | 1.366128e+05 |   0.02%|  47.66%
  128s|  5500 |  5275 | 88495 |  16.0 |   227M |  57 |8040 | 354 | 226 |2206 |  1 |1022 |  13k| 1.366407e+05 | 1.366128e+05 |   0.02%|  47.66%
  129s|  5600 |  5375 | 89474 |  15.9 |   227M |  57 |8040 | 356 | 222 |2236 |  1 |1032 |  13k| 1.366407e+05 | 1.366128e+05 |   0.02%|  47.66%
  130s|  5700 |  5475 | 90391 |  15.8 |   227M |  57 |8040 | 350 | 225 |2257 |  1 |1036 |  13k| 1.366407e+05 | 1.366128e+05 |   0.02%|  47.66%
 time | node  | left  |LP iter|LP it/n|mem/heur|mdpt |vars |cons |rows |cuts |sepa|confs|strbr|  dualbound   | primalbound  |  gap   | compl. 
  131s|  5800 |  5573 | 91580 |  15.7 |   228M |  57 |8040 | 356 | 219 |2287 |  1 |1051 |  13k| 1.366407e+05 | 1.366128e+05 |   0.02%|  47.66%
  133s|  5900 |  5669 | 93374 |  15.7 |   229M |  57 |8040 | 352 | 212 |2332 | 88 |1079 |  14k| 1.366407e+05 | 1.366128e+05 |   0.02%|  47.66%
  135s|  6000 |  5767 | 94796 |  15.7 |   229M |  57 |8040 | 363 | 215 |2366 |  1 |1109 |  14k| 1.366407e+05 | 1.366128e+05 |   0.02%|  47.66%
  136s|  6100 |  5865 | 95897 |  15.6 |   231M |  57 |8040 | 360 | 221 |2400 |  1 |1121 |  14k| 1.366407e+05 | 1.366128e+05 |   0.02%|  47.66%
  139s|  6200 |  5957 | 97505 |  15.6 |   231M |  57 |8040 | 356 | 231 |2441 |  1 |1151 |  14k| 1.366407e+05 | 1.366128e+05 |   0.02%|  47.66%
  140s|  6300 |  6051 | 98795 |  15.6 |   231M |  57 |8040 | 359 | 220 |2473 |  2 |1166 |  14k| 1.366407e+05 | 1.366128e+05 |   0.02%|  47.66%
  142s|  6400 |  6147 |100065 |  15.6 |   233M |  57 |8040 | 350 | 225 |2502 |  1 |1172 |  15k| 1.366407e+05 | 1.366128e+05 |   0.02%|  47.66%
  144s|  6500 |  6245 |101674 |  15.6 |   235M |  57 |8040 | 375 | 222 |2558 |  1 |1206 |  15k| 1.366407e+05 | 1.366128e+05 |   0.02%|  47.66%
  148s|  6600 |  6341 |103584 |  15.6 |   235M |  57 |8040 | 359 | 215 |2595 |  1 |1223 |  15k| 1.366407e+05 | 1.366128e+05 |   0.02%|  47.66%
  149s|  6700 |  6441 |104357 |  15.5 |   235M |  57 |8040 | 353 | 217 |2616 |  1 |1224 |  15k| 1.366407e+05 | 1.366128e+05 |   0.02%|  47.66%
  153s|  6800 |  6535 |107086 |  15.7 |   235M |  57 |8040 | 347 | 213 |2636 |  1 |1290 |  17k| 1.366407e+05 | 1.366128e+05 |   0.02%|  47.66%
  155s|  6900 |  6629 |109574 |  15.8 |   235M |  57 |8040 | 341 |   0 |2649 |  0 |1305 |  17k| 1.366407e+05 | 1.366128e+05 |   0.02%|  47.66%
  156s|  7000 |  6725 |110399 |  15.7 |   236M |  57 |8040 | 355 | 217 |2674 |  1 |1320 |  17k| 1.366407e+05 | 1.366128e+05 |   0.02%|  47.66%
  158s|  7100 |  6813 |111695 |  15.7 |   236M |  70 |8040 | 340 | 215 |2674 |  1 |1334 |  17k| 1.366407e+05 | 1.366128e+05 |   0.02%|  47.66%
  160s|  7200 |  6905 |113242 |  15.7 |   237M |  70 |8040 | 331 | 214 |2698 |  1 |1373 |  17k| 1.366407e+05 | 1.366128e+05 |   0.02%|  47.66%
 time | node  | left  |LP iter|LP it/n|mem/heur|mdpt |vars |cons |rows |cuts |sepa|confs|strbr|  dualbound   | primalbound  |  gap   | compl. 
  162s|  7300 |  7001 |115169 |  15.7 |   237M |  70 |8040 | 318 | 213 |2745 |  0 |1390 |  17k| 1.366407e+05 | 1.366128e+05 |   0.02%|  47.66%
  164s|  7400 |  7075 |116260 |  15.6 |   237M |  70 |8040 | 321 | 219 |2768 |  2 |1413 |  17k| 1.366407e+05 | 1.366128e+05 |   0.02%|  47.67%
  165s|  7500 |  7175 |116975 |  15.5 |   238M |  70 |8040 | 313 | 220 |2796 |  1 |1418 |  18k| 1.366407e+05 | 1.366128e+05 |   0.02%|  47.67%
  167s|  7600 |  7273 |118037 |  15.5 |   239M |  70 |8040 | 318 | 217 |2827 |  1 |1437 |  18k| 1.366407e+05 | 1.366128e+05 |   0.02%|  47.67%
  168s|  7700 |  7369 |118879 |  15.4 |   240M |  70 |8040 | 316 | 216 |2857 |  1 |1443 |  18k| 1.366407e+05 | 1.366128e+05 |   0.02%|  47.67%
  169s|  7800 |  7465 |119626 |  15.3 |   240M |  70 |8040 | 320 | 221 |2868 |  1 |1464 |  18k| 1.366407e+05 | 1.366128e+05 |   0.02%|  47.67%
  170s|  7900 |  7553 |120844 |  15.2 |   240M |  70 |8040 | 314 | 214 |2882 |  1 |1473 |  18k| 1.366407e+05 | 1.366128e+05 |   0.02%|  47.67%
  171s|  8000 |  7645 |121572 |  15.1 |   240M |  70 |8040 | 324 | 217 |2902 |  1 |1491 |  18k| 1.366407e+05 | 1.366128e+05 |   0.02%|  47.67%
  173s|  8100 |  7741 |122830 |  15.1 |   240M |  70 |8040 | 333 | 221 |2914 |  1 |1526 |  18k| 1.366407e+05 | 1.366128e+05 |   0.02%|  47.67%
  174s|  8200 |  7837 |123622 |  15.0 |   241M |  70 |8040 | 328 | 223 |2936 |  1 |1532 |  18k| 1.366407e+05 | 1.366128e+05 |   0.02%|  47.67%
  175s|  8300 |  7931 |124424 |  14.9 |   242M |  70 |8040 | 320 | 218 |2949 |  1 |1550 |  18k| 1.366407e+05 | 1.366128e+05 |   0.02%|  47.67%
  177s|  8400 |  8017 |125345 |  14.9 |   242M |  70 |8040 | 308 | 214 |2992 |  1 |1553 |  18k| 1.366407e+05 | 1.366128e+05 |   0.02%|  47.67%
  178s|  8500 |  8117 |126590 |  14.8 |   243M |  70 |8040 | 292 | 222 |3021 |  1 |1556 |  18k| 1.366407e+05 | 1.366128e+05 |   0.02%|  47.67%
  180s|  8600 |  8215 |128070 |  14.8 |   243M |  70 |8040 | 298 | 219 |3042 |  1 |1581 |  19k| 1.366407e+05 | 1.366128e+05 |   0.02%|  47.67%
  182s|  8700 |  8309 |128888 |  14.8 |   243M |  70 |8040 | 294 | 220 |3074 |  1 |1585 |  19k| 1.366407e+05 | 1.366128e+05 |   0.02%|  47.67%
 time | node  | left  |LP iter|LP it/n|mem/heur|mdpt |vars |cons |rows |cuts |sepa|confs|strbr|  dualbound   | primalbound  |  gap   | compl. 
  183s|  8800 |  8405 |129839 |  14.7 |   244M |  70 |8040 | 301 | 215 |3102 |  1 |1599 |  19k| 1.366407e+05 | 1.366128e+05 |   0.02%|  47.67%
  186s|  8900 |  8487 |132152 |  14.8 |   244M |  70 |8040 | 288 | 214 |3112 |  1 |1614 |  19k| 1.366407e+05 | 1.366128e+05 |   0.02%|  47.67%
  188s|  9000 |  8583 |133270 |  14.8 |   246M |  70 |8040 | 290 | 222 |3184 |  1 |1630 |  19k| 1.366407e+05 | 1.366128e+05 |   0.02%|  47.67%
  190s|  9100 |  8675 |134512 |  14.7 |   247M |  70 |8040 | 295 | 216 |3260 |  1 |1666 |  19k| 1.366407e+05 | 1.366128e+05 |   0.02%|  47.67%
  192s|  9200 |  8767 |135468 |  14.7 |   247M |  70 |8040 | 288 | 221 |3289 |  1 |1678 |  19k| 1.366407e+05 | 1.366128e+05 |   0.02%|  47.67%
  193s|  9300 |  8865 |136550 |  14.6 |   247M |  70 |8040 | 288 | 220 |3311 |  1 |1684 |  19k| 1.366407e+05 | 1.366128e+05 |   0.02%|  47.67%
  195s|  9400 |  8963 |137868 |  14.6 |   247M |  70 |8040 | 299 | 228 |3339 |  1 |1713 |  19k| 1.366407e+05 | 1.366128e+05 |   0.02%|  47.67%
  197s|  9500 |  9059 |139119 |  14.6 |   249M |  70 |8040 | 298 | 222 |3356 |  1 |1742 |  20k| 1.366407e+05 | 1.366128e+05 |   0.02%|  47.67%
  199s|  9600 |  9151 |140679 |  14.6 |   249M |  70 |8040 | 275 | 219 |3385 |  1 |1752 |  20k| 1.366407e+05 | 1.366128e+05 |   0.02%|  47.67%
  200s|  9700 |  9239 |141749 |  14.6 |   249M |  70 |8040 | 272 | 217 |3405 |  1 |1757 |  20k| 1.366407e+05 | 1.366128e+05 |   0.02%|  47.67%
  202s|  9800 |  9333 |142837 |  14.5 |   249M |  70 |8040 | 285 | 215 |3441 |  1 |1784 |  20k| 1.366407e+05 | 1.366128e+05 |   0.02%|  47.67%
  204s|  9900 |  9427 |144421 |  14.5 |   250M |  70 |8040 | 295 | 214 |3460 |  1 |1834 |  20k| 1.366407e+05 | 1.366128e+05 |   0.02%|  47.67%
  206s| 10000 |  9515 |145806 |  14.5 |   250M |  70 |8040 | 285 | 219 |3482 |  1 |1850 |  21k| 1.366407e+05 | 1.366128e+05 |   0.02%|  47.67%
  208s| 10100 |  9611 |146812 |  14.5 |   251M |  70 |8040 | 281 | 217 |3509 |  1 |1856 |  21k| 1.366407e+05 | 1.366128e+05 |   0.02%|  47.67%
  210s| 10200 |  9705 |148340 |  14.5 |   251M |  70 |8040 | 262 | 213 |3522 |  1 |1875 |  21k| 1.366407e+05 | 1.366128e+05 |   0.02%|  47.67%
 time | node  | left  |LP iter|LP it/n|mem/heur|mdpt |vars |cons |rows |cuts |sepa|confs|strbr|  dualbound   | primalbound  |  gap   | compl. 
  212s| 10300 |  9789 |149371 |  14.5 |   252M |  70 |8040 | 316 | 217 |3558 |  1 |1938 |  21k| 1.366407e+05 | 1.366128e+05 |   0.02%|  47.67%
  213s| 10400 |  9885 |150497 |  14.4 |   253M |  70 |8040 | 329 | 220 |3594 |  1 |1967 |  21k| 1.366407e+05 | 1.366128e+05 |   0.02%|  47.67%
  214s| 10500 |  9969 |151388 |  14.4 |   253M |  70 |8040 | 315 | 219 |3614 |  1 |1975 |  21k| 1.366407e+05 | 1.366128e+05 |   0.02%|  47.67%
  216s| 10600 | 10057 |152708 |  14.4 |   253M |  70 |8040 | 323 | 216 |3643 |  1 |1998 |  21k| 1.366407e+05 | 1.366128e+05 |   0.02%|  47.67%
  218s| 10700 | 10157 |154013 |  14.3 |   254M |  70 |8040 | 275 | 222 |3709 |  1 |2007 |  21k| 1.366407e+05 | 1.366128e+05 |   0.02%|  47.67%
  221s| 10800 | 10241 |155457 |  14.3 |   255M |  70 |8040 | 286 | 218 |3763 |  1 |2040 |  21k| 1.366407e+05 | 1.366128e+05 |   0.02%|  47.67%
  223s| 10900 | 10337 |157598 |  14.4 |   255M |  70 |8040 | 282 | 218 |3793 |  2 |2055 |  21k| 1.366407e+05 | 1.366128e+05 |   0.02%|  47.67%
  225s| 11000 | 10425 |159183 |  14.4 |   255M |  70 |8040 | 272 | 217 |3816 | 23 |2087 |  21k| 1.366407e+05 | 1.366128e+05 |   0.02%|  47.67%
  227s| 11100 | 10509 |160338 |  14.4 |   255M |  70 |8040 | 257 | 224 |3855 |  2 |2116 |  22k| 1.366407e+05 | 1.366128e+05 |   0.02%|  47.67%
  228s| 11200 | 10609 |161230 |  14.4 |   255M |  70 |8040 | 254 | 216 |3874 |  1 |2119 |  22k| 1.366407e+05 | 1.366128e+05 |   0.02%|  47.67%
  229s| 11300 | 10709 |161927 |  14.3 |   257M |  70 |8040 | 256 | 220 |3893 |  1 |2123 |  22k| 1.366407e+05 | 1.366128e+05 |   0.02%|  47.67%
  231s| 11400 | 10797 |162846 |  14.2 |   257M |  70 |8040 | 268 | 223 |3908 |  1 |2142 |  22k| 1.366407e+05 | 1.366128e+05 |   0.02%|  47.67%
  232s| 11500 | 10893 |164137 |  14.2 |   257M |  70 |8040 | 288 | 222 |3942 |  1 |2196 |  22k| 1.366407e+05 | 1.366128e+05 |   0.02%|  47.67%
  233s| 11600 | 10985 |164903 |  14.2 |   257M |  70 |8040 | 291 | 226 |3964 |  1 |2215 |  22k| 1.366407e+05 | 1.366128e+05 |   0.02%|  47.67%
  235s| 11700 | 11081 |166000 |  14.1 |   257M |  70 |8040 | 275 | 217 |3989 |  1 |2234 |  22k| 1.366407e+05 | 1.366128e+05 |   0.02%|  47.67%
 time | node  | left  |LP iter|LP it/n|mem/heur|mdpt |vars |cons |rows |cuts |sepa|confs|strbr|  dualbound   | primalbound  |  gap   | compl. 
  237s| 11800 | 11169 |167141 |  14.1 |   257M |  70 |8040 | 268 | 218 |4035 |  1 |2265 |  22k| 1.366407e+05 | 1.366128e+05 |   0.02%|  47.67%
  238s| 11900 | 11247 |168649 |  14.1 |   259M |  70 |8040 | 270 | 217 |4054 |  1 |2295 |  22k| 1.366407e+05 | 1.366128e+05 |   0.02%|  47.67%
  239s| 12000 | 11345 |169376 |  14.1 |   259M |  70 |8040 | 272 | 233 |4103 |  2 |2309 |  22k| 1.366407e+05 | 1.366128e+05 |   0.02%|  47.67%
  241s| 12100 | 11421 |170463 |  14.0 |   259M |  70 |8040 | 259 | 225 |4140 |  1 |2337 |  22k| 1.366407e+05 | 1.366128e+05 |   0.02%|  47.67%
  242s| 12200 | 11507 |171230 |  14.0 |   259M |  70 |8040 | 262 | 223 |4172 |  1 |2346 |  22k| 1.366407e+05 | 1.366128e+05 |   0.02%|  47.67%
  243s| 12300 | 11607 |171962 |  13.9 |   259M |  70 |8040 | 271 | 223 |4196 |  1 |2360 |  22k| 1.366407e+05 | 1.366128e+05 |   0.02%|  47.67%
  244s| 12400 | 11705 |172868 |  13.9 |   259M |  70 |8040 | 302 | 224 |4231 |  1 |2396 |  22k| 1.366407e+05 | 1.366128e+05 |   0.02%|  47.67%
  245s| 12500 | 11797 |174018 |  13.9 |   260M |  70 |8040 | 281 | 215 |4264 |  1 |2422 |  22k| 1.366407e+05 | 1.366128e+05 |   0.02%|  47.67%
  247s| 12600 | 11887 |175077 |  13.9 |   262M |  70 |8040 | 261 | 219 |4297 |  1 |2435 |  22k| 1.366407e+05 | 1.366128e+05 |   0.02%|  47.67%
  248s| 12700 | 11977 |176160 |  13.8 |   262M |  70 |8040 | 263 | 222 |4328 |  1 |2449 |  22k| 1.366407e+05 | 1.366128e+05 |   0.02%|  47.67%
  249s| 12800 | 12069 |176860 |  13.8 |   262M |  70 |8040 | 278 | 226 |4360 |  1 |2472 |  22k| 1.366407e+05 | 1.366128e+05 |   0.02%|  47.67%
  250s| 12900 | 12165 |177723 |  13.7 |   262M |  70 |8040 | 290 | 218 |4408 |  3 |2490 |  22k| 1.366407e+05 | 1.366128e+05 |   0.02%|  47.67%
  252s| 13000 | 12255 |178913 |  13.7 |   262M |  70 |8040 | 282 | 214 |4433 |  1 |2502 |  22k| 1.366407e+05 | 1.366128e+05 |   0.02%|  47.67%
  253s| 13100 | 12353 |179670 |  13.7 |   263M |  70 |8040 | 283 | 223 |4461 |  1 |2507 |  22k| 1.366407e+05 | 1.366128e+05 |   0.02%|  47.67%
  254s| 13200 | 12439 |180676 |  13.6 |   264M |  70 |8040 | 294 | 216 |4487 |  1 |2532 |  22k| 1.366407e+05 | 1.366128e+05 |   0.02%|  47.67%
 time | node  | left  |LP iter|LP it/n|mem/heur|mdpt |vars |cons |rows |cuts |sepa|confs|strbr|  dualbound   | primalbound  |  gap   | compl. 
  255s| 13300 | 12533 |181867 |  13.6 |   264M |  70 |8040 | 288 | 221 |4509 |  1 |2550 |  22k| 1.366407e+05 | 1.366128e+05 |   0.02%|  47.68%
  256s| 13400 | 12611 |182817 |  13.6 |   264M |  70 |8040 | 283 | 218 |4525 |  1 |2556 |  22k| 1.366407e+05 | 1.366128e+05 |   0.02%|  47.68%
  257s| 13500 | 12709 |183804 |  13.6 |   265M |  70 |8040 | 278 | 222 |4561 |  1 |2561 |  22k| 1.366407e+05 | 1.366128e+05 |   0.02%|  47.68%
  258s| 13600 | 12805 |185298 |  13.6 |   265M |  70 |8040 | 286 | 215 |4598 |  1 |2579 |  22k| 1.366407e+05 | 1.366128e+05 |   0.02%|  47.68%
  259s| 13700 | 12899 |186492 |  13.6 |   265M |  70 |8040 | 275 | 221 |4617 |  1 |2597 |  22k| 1.366407e+05 | 1.366128e+05 |   0.02%|  47.68%
  260s| 13800 | 12995 |187359 |  13.5 |   266M |  70 |8040 | 266 | 218 |4638 |  1 |2601 |  22k| 1.366407e+05 | 1.366128e+05 |   0.02%|  47.68%
  261s| 13900 | 13075 |188393 |  13.5 |   267M |  70 |8040 | 261 | 222 |4668 |  1 |2612 |  22k| 1.366407e+05 | 1.366128e+05 |   0.02%|  47.68%
  263s| 14000 | 13167 |190650 |  13.6 |   268M |  70 |8040 | 259 | 223 |4707 |  3 |2630 |  22k| 1.366407e+05 | 1.366128e+05 |   0.02%|  47.68%
  264s| 14100 | 13249 |191710 |  13.6 |   268M |  70 |8040 | 257 | 225 |4728 |  1 |2641 |  22k| 1.366407e+05 | 1.366128e+05 |   0.02%|  47.68%
  265s| 14200 | 13325 |193099 |  13.6 |   268M |  70 |8040 | 285 | 217 |4746 |  1 |2674 |  22k| 1.366407e+05 | 1.366128e+05 |   0.02%|  47.68%
  266s| 14300 | 13415 |194351 |  13.6 |   268M |  70 |8040 | 276 | 223 |4763 |  1 |2686 |  22k| 1.366407e+05 | 1.366128e+05 |   0.02%|  47.68%
  267s| 14400 | 13497 |195226 |  13.5 |   269M |  70 |8040 | 268 | 214 |4790 |  0 |2705 |  22k| 1.366407e+05 | 1.366128e+05 |   0.02%|  47.68%
  268s| 14500 | 13593 |196101 |  13.5 |   270M |  70 |8040 | 259 | 218 |4803 |  3 |2709 |  22k| 1.366407e+05 | 1.366128e+05 |   0.02%|  47.69%
  269s| 14600 | 13693 |197462 |  13.5 |   270M |  70 |8040 | 257 | 221 |4822 |  1 |2722 |  22k| 1.366407e+05 | 1.366128e+05 |   0.02%|  47.69%
  271s| 14700 | 13775 |198822 |  13.5 |   270M |  70 |8040 | 263 | 225 |4857 |  1 |2741 |  22k| 1.366407e+05 | 1.366128e+05 |   0.02%|  47.70%
 time | node  | left  |LP iter|LP it/n|mem/heur|mdpt |vars |cons |rows |cuts |sepa|confs|strbr|  dualbound   | primalbound  |  gap   | compl. 
  272s| 14800 | 13869 |199728 |  13.5 |   271M |  70 |8040 | 277 | 222 |4881 |  1 |2762 |  22k| 1.366407e+05 | 1.366128e+05 |   0.02%|  47.70%
  273s| 14900 | 13953 |200567 |  13.4 |   271M |  70 |8040 | 273 | 220 |4907 |  1 |2769 |  22k| 1.366407e+05 | 1.366128e+05 |   0.02%|  47.70%
  274s| 15000 | 14045 |201674 |  13.4 |   271M |  70 |8040 | 264 | 220 |4924 |  1 |2773 |  22k| 1.366407e+05 | 1.366128e+05 |   0.02%|  47.70%
  275s| 15100 | 14135 |202574 |  13.4 |   271M |  70 |8040 | 267 | 215 |4948 |  1 |2788 |  22k| 1.366407e+05 | 1.366128e+05 |   0.02%|  47.70%
  276s| 15200 | 14223 |203650 |  13.4 |   274M |  70 |8040 | 276 | 228 |4995 |  1 |2809 |  22k| 1.366407e+05 | 1.366128e+05 |   0.02%|  47.70%
  277s| 15300 | 14301 |204799 |  13.4 |   274M |  70 |8040 | 284 | 220 |5005 |  1 |2836 |  22k| 1.366407e+05 | 1.366128e+05 |   0.02%|  47.70%
  278s| 15400 | 14399 |205912 |  13.3 |   274M |  70 |8040 | 308 | 223 |5040 |  1 |2873 |  22k| 1.366407e+05 | 1.366128e+05 |   0.02%|  47.70%
  280s| 15500 | 14495 |207027 |  13.3 |   274M |  70 |8040 | 310 | 222 |5080 |  1 |2885 |  22k| 1.366407e+05 | 1.366128e+05 |   0.02%|  47.70%
  281s| 15600 | 14591 |208283 |  13.3 |   275M |  70 |8040 | 300 | 221 |5111 |  1 |2889 |  22k| 1.366407e+05 | 1.366128e+05 |   0.02%|  47.70%
  282s| 15700 | 14681 |209526 |  13.3 |   275M |  70 |8040 | 303 | 222 |5157 |  1 |2906 |  22k| 1.366407e+05 | 1.366128e+05 |   0.02%|  47.70%
  284s| 15800 | 14781 |210895 |  13.3 |   279M |  70 |8040 | 341 | 222 |5208 |  1 |2949 |  22k| 1.366407e+05 | 1.366128e+05 |   0.02%|  47.70%
  285s| 15900 | 14865 |212123 |  13.3 |   279M |  70 |8040 | 337 | 223 |5282 |  2 |2971 |  22k| 1.366407e+05 | 1.366128e+05 |   0.02%|  47.71%
  287s| 16000 | 14963 |213404 |  13.3 |   279M |  70 |8040 | 357 | 221 |5342 |  1 |3009 |  22k| 1.366407e+05 | 1.366128e+05 |   0.02%|  47.71%
  288s| 16100 | 15061 |214810 |  13.3 |   279M |  70 |8040 | 349 | 224 |5377 |  1 |3047 |  22k| 1.366407e+05 | 1.366128e+05 |   0.02%|  47.72%
  289s| 16200 | 15155 |215696 |  13.3 |   280M |  70 |8040 | 345 | 226 |5420 |  1 |3061 |  22k| 1.366407e+05 | 1.366128e+05 |   0.02%|  47.73%
 time | node  | left  |LP iter|LP it/n|mem/heur|mdpt |vars |cons |rows |cuts |sepa|confs|strbr|  dualbound   | primalbound  |  gap   | compl. 
  291s| 16300 | 15251 |217271 |  13.3 |   281M |  70 |8040 | 346 | 219 |5479 |  1 |3082 |  22k| 1.366407e+05 | 1.366128e+05 |   0.02%|  47.73%
  293s| 16400 | 15347 |218814 |  13.3 |   283M |  70 |8040 | 344 | 228 |5547 |  2 |3095 |  22k| 1.366407e+05 | 1.366128e+05 |   0.02%|  47.73%
  294s| 16500 | 15431 |219760 |  13.3 |   283M |  70 |8040 | 389 | 223 |5569 |  1 |3171 |  22k| 1.366407e+05 | 1.366128e+05 |   0.02%|  47.73%
  295s| 16600 | 15529 |220518 |  13.3 |   283M |  70 |8040 | 347 | 217 |5590 |  2 |3186 |  22k| 1.366407e+05 | 1.366128e+05 |   0.02%|  47.73%
  296s| 16700 | 15615 |221663 |  13.2 |   283M |  70 |8040 | 309 | 217 |5630 |  1 |3194 |  22k| 1.366407e+05 | 1.366128e+05 |   0.02%|  47.74%
  297s| 16800 | 15709 |222844 |  13.2 |   283M |  70 |8040 | 297 | 218 |5644 |  1 |3213 |  22k| 1.366407e+05 | 1.366128e+05 |   0.02%|  47.74%
  298s| 16900 | 15801 |224235 |  13.2 |   283M |  70 |8040 | 314 | 220 |5655 |  2 |3256 |  22k| 1.366407e+05 | 1.366128e+05 |   0.02%|  47.74%
  299s| 17000 | 15895 |225976 |  13.3 |   283M |  70 |8040 | 317 | 224 |5662 |  1 |3274 |  22k| 1.366407e+05 | 1.366128e+05 |   0.02%|  47.74%

SCIP Status        : solving was interrupted [time limit reached]
Solving Time (sec) : 300.00
Solving Nodes      : 17025
Primal Bound       : +1.36612833050989e+05 (599 solutions)
Dual Bound         : +1.36640694832797e+05
Gap                : 0.02 %
[progress]已将整车整体 MIP 原生日志复制回输出目录：D:\研一上\研究课题\bld\bld_new\v_by_v_warmstart_parallel+timelimit_force\parallel_runs\outputs\i200v2t300_scip_progress\scip_raw.log

=== 整车整体 MIP 过程指标时间序列 ===
[progress] t=0.000s, gap=0.020000%, objective=136612.800000, delta_gap=0.000000%, delta_objective=0.000000
[progress] t=0.000s, gap=0.020000%, objective=136612.800000, delta_gap=0.000000%, delta_objective=0.000000
[progress] t=0.000s, gap=0.020000%, objective=136612.800000, delta_gap=0.000000%, delta_objective=0.000000
[progress] t=0.000s, gap=0.020000%, objective=136612.800000, delta_gap=0.000000%, delta_objective=0.000000
[progress] t=0.000s, gap=0.020000%, objective=136612.800000, delta_gap=0.000000%, delta_objective=0.000000
[progress] t=0.000s, gap=0.020000%, objective=136612.800000, delta_gap=0.000000%, delta_objective=0.000000
[progress] t=0.000s, gap=0.020000%, objective=136612.800000, delta_gap=0.000000%, delta_objective=0.000000
[progress] t=0.000s, gap=0.020000%, objective=136612.800000, delta_gap=0.000000%, delta_objective=0.000000
[progress] t=0.000s, gap=0.020000%, objective=136612.800000, delta_gap=0.000000%, delta_objective=0.000000
[progress] t=1.000s, gap=0.020000%, objective=136612.800000, delta_gap=0.000000%, delta_objective=0.000000
[progress] t=1.000s, gap=0.020000%, objective=136612.800000, delta_gap=0.000000%, delta_objective=0.000000
[progress] t=1.000s, gap=0.020000%, objective=136612.800000, delta_gap=0.000000%, delta_objective=0.000000
[progress] t=1.000s, gap=0.020000%, objective=136612.800000, delta_gap=0.000000%, delta_objective=0.000000
[progress] t=1.000s, gap=0.020000%, objective=136612.800000, delta_gap=0.000000%, delta_objective=0.000000
[progress] t=1.000s, gap=0.020000%, objective=136612.800000, delta_gap=0.000000%, delta_objective=0.000000
[progress] t=1.000s, gap=0.020000%, objective=136612.800000, delta_gap=0.000000%, delta_objective=0.000000
[progress] t=1.000s, gap=0.020000%, objective=136612.800000, delta_gap=0.000000%, delta_objective=0.000000
[progress] t=2.000s, gap=0.020000%, objective=136612.800000, delta_gap=0.000000%, delta_objective=0.000000
[progress] t=8.000s, gap=0.020000%, objective=136612.800000, delta_gap=0.000000%, delta_objective=0.000000
[progress] t=11.000s, gap=0.020000%, objective=136612.800000, delta_gap=0.000000%, delta_objective=0.000000
[progress] t=15.000s, gap=0.020000%, objective=136612.800000, delta_gap=0.000000%, delta_objective=0.000000
[progress] t=17.000s, gap=0.020000%, objective=136612.800000, delta_gap=0.000000%, delta_objective=0.000000
[progress] t=18.000s, gap=0.020000%, objective=136612.800000, delta_gap=0.000000%, delta_objective=0.000000
[progress] t=21.000s, gap=0.020000%, objective=136612.800000, delta_gap=0.000000%, delta_objective=0.000000
[progress] t=24.000s, gap=0.020000%, objective=136612.800000, delta_gap=0.000000%, delta_objective=0.000000
[progress] t=25.000s, gap=0.020000%, objective=136612.800000, delta_gap=0.000000%, delta_objective=0.000000
[progress] t=28.000s, gap=0.020000%, objective=136612.800000, delta_gap=0.000000%, delta_objective=0.000000
[progress] t=30.000s, gap=0.020000%, objective=136612.800000, delta_gap=0.000000%, delta_objective=0.000000
[progress] t=32.000s, gap=0.020000%, objective=136612.800000, delta_gap=0.000000%, delta_objective=0.000000
[progress] t=33.000s, gap=0.020000%, objective=136612.800000, delta_gap=0.000000%, delta_objective=0.000000
[progress] t=34.000s, gap=0.020000%, objective=136612.800000, delta_gap=0.000000%, delta_objective=0.000000
[progress] t=36.000s, gap=0.020000%, objective=136612.800000, delta_gap=0.000000%, delta_objective=0.000000
[progress] t=37.000s, gap=0.020000%, objective=136612.800000, delta_gap=0.000000%, delta_objective=0.000000
[progress] t=38.000s, gap=0.020000%, objective=136612.800000, delta_gap=0.000000%, delta_objective=0.000000
[progress] t=39.000s, gap=0.020000%, objective=136612.800000, delta_gap=0.000000%, delta_objective=0.000000
[progress] t=40.000s, gap=0.020000%, objective=136612.800000, delta_gap=0.000000%, delta_objective=0.000000
[progress] t=42.000s, gap=0.020000%, objective=136612.800000, delta_gap=0.000000%, delta_objective=0.000000
[progress] t=43.000s, gap=0.020000%, objective=136612.800000, delta_gap=0.000000%, delta_objective=0.000000
[progress] t=44.000s, gap=0.020000%, objective=136612.800000, delta_gap=0.000000%, delta_objective=0.000000
[progress] t=46.000s, gap=0.020000%, objective=136612.800000, delta_gap=0.000000%, delta_objective=0.000000
[progress] t=47.000s, gap=0.020000%, objective=136612.800000, delta_gap=0.000000%, delta_objective=0.000000
[progress] t=48.000s, gap=0.020000%, objective=136612.800000, delta_gap=0.000000%, delta_objective=0.000000
[progress] t=49.000s, gap=0.020000%, objective=136612.800000, delta_gap=0.000000%, delta_objective=0.000000
[progress] t=56.000s, gap=0.020000%, objective=136612.800000, delta_gap=0.000000%, delta_objective=0.000000
[progress] t=58.000s, gap=0.020000%, objective=136612.800000, delta_gap=0.000000%, delta_objective=0.000000
[progress] t=60.000s, gap=0.020000%, objective=136612.800000, delta_gap=0.000000%, delta_objective=0.000000
[progress] t=62.000s, gap=0.020000%, objective=136612.800000, delta_gap=0.000000%, delta_objective=0.000000
[progress] t=64.000s, gap=0.020000%, objective=136612.800000, delta_gap=0.000000%, delta_objective=0.000000
[progress] t=70.000s, gap=0.020000%, objective=136612.800000, delta_gap=0.000000%, delta_objective=0.000000
[progress] t=76.000s, gap=0.020000%, objective=136612.800000, delta_gap=0.000000%, delta_objective=0.000000
[progress] t=78.000s, gap=0.020000%, objective=136612.800000, delta_gap=0.000000%, delta_objective=0.000000
[progress] t=79.000s, gap=0.020000%, objective=136612.800000, delta_gap=0.000000%, delta_objective=0.000000
[progress] t=81.000s, gap=0.020000%, objective=136612.800000, delta_gap=0.000000%, delta_objective=0.000000
[progress] t=85.000s, gap=0.020000%, objective=136612.800000, delta_gap=0.000000%, delta_objective=0.000000
[progress] t=97.000s, gap=0.020000%, objective=136612.800000, delta_gap=0.000000%, delta_objective=0.000000
[progress] t=98.000s, gap=0.020000%, objective=136612.800000, delta_gap=0.000000%, delta_objective=0.000000
[progress] t=99.000s, gap=0.020000%, objective=136612.800000, delta_gap=0.000000%, delta_objective=0.000000
[progress] t=100.000s, gap=0.020000%, objective=136612.800000, delta_gap=0.000000%, delta_objective=0.000000
[progress] t=102.000s, gap=0.020000%, objective=136612.800000, delta_gap=0.000000%, delta_objective=0.000000
[progress] t=104.000s, gap=0.020000%, objective=136612.800000, delta_gap=0.000000%, delta_objective=0.000000
[progress] t=105.000s, gap=0.020000%, objective=136612.800000, delta_gap=0.000000%, delta_objective=0.000000
[progress] t=106.000s, gap=0.020000%, objective=136612.800000, delta_gap=0.000000%, delta_objective=0.000000
[progress] t=109.000s, gap=0.020000%, objective=136612.800000, delta_gap=0.000000%, delta_objective=0.000000
[progress] t=112.000s, gap=0.020000%, objective=136612.800000, delta_gap=0.000000%, delta_objective=0.000000
[progress] t=114.000s, gap=0.020000%, objective=136612.800000, delta_gap=0.000000%, delta_objective=0.000000
[progress] t=117.000s, gap=0.020000%, objective=136612.800000, delta_gap=0.000000%, delta_objective=0.000000
[progress] t=118.000s, gap=0.020000%, objective=136612.800000, delta_gap=0.000000%, delta_objective=0.000000
[progress] t=119.000s, gap=0.020000%, objective=136612.800000, delta_gap=0.000000%, delta_objective=0.000000
[progress] t=120.000s, gap=0.020000%, objective=136612.800000, delta_gap=0.000000%, delta_objective=0.000000
[progress] t=123.000s, gap=0.020000%, objective=136612.800000, delta_gap=0.000000%, delta_objective=0.000000
[progress] t=124.000s, gap=0.020000%, objective=136612.800000, delta_gap=0.000000%, delta_objective=0.000000
[progress] t=126.000s, gap=0.020000%, objective=136612.800000, delta_gap=0.000000%, delta_objective=0.000000
[progress] t=128.000s, gap=0.020000%, objective=136612.800000, delta_gap=0.000000%, delta_objective=0.000000
[progress] t=129.000s, gap=0.020000%, objective=136612.800000, delta_gap=0.000000%, delta_objective=0.000000
[progress] t=130.000s, gap=0.020000%, objective=136612.800000, delta_gap=0.000000%, delta_objective=0.000000
[progress] t=131.000s, gap=0.020000%, objective=136612.800000, delta_gap=0.000000%, delta_objective=0.000000
[progress] t=133.000s, gap=0.020000%, objective=136612.800000, delta_gap=0.000000%, delta_objective=0.000000
[progress] t=135.000s, gap=0.020000%, objective=136612.800000, delta_gap=0.000000%, delta_objective=0.000000
[progress] t=136.000s, gap=0.020000%, objective=136612.800000, delta_gap=0.000000%, delta_objective=0.000000
[progress] t=139.000s, gap=0.020000%, objective=136612.800000, delta_gap=0.000000%, delta_objective=0.000000
[progress] t=140.000s, gap=0.020000%, objective=136612.800000, delta_gap=0.000000%, delta_objective=0.000000
[progress] t=142.000s, gap=0.020000%, objective=136612.800000, delta_gap=0.000000%, delta_objective=0.000000
[progress] t=144.000s, gap=0.020000%, objective=136612.800000, delta_gap=0.000000%, delta_objective=0.000000
[progress] t=148.000s, gap=0.020000%, objective=136612.800000, delta_gap=0.000000%, delta_objective=0.000000
[progress] t=149.000s, gap=0.020000%, objective=136612.800000, delta_gap=0.000000%, delta_objective=0.000000
[progress] t=153.000s, gap=0.020000%, objective=136612.800000, delta_gap=0.000000%, delta_objective=0.000000
[progress] t=155.000s, gap=0.020000%, objective=136612.800000, delta_gap=0.000000%, delta_objective=0.000000
[progress] t=156.000s, gap=0.020000%, objective=136612.800000, delta_gap=0.000000%, delta_objective=0.000000
[progress] t=158.000s, gap=0.020000%, objective=136612.800000, delta_gap=0.000000%, delta_objective=0.000000
[progress] t=160.000s, gap=0.020000%, objective=136612.800000, delta_gap=0.000000%, delta_objective=0.000000
[progress] t=162.000s, gap=0.020000%, objective=136612.800000, delta_gap=0.000000%, delta_objective=0.000000
[progress] t=164.000s, gap=0.020000%, objective=136612.800000, delta_gap=0.000000%, delta_objective=0.000000
[progress] t=165.000s, gap=0.020000%, objective=136612.800000, delta_gap=0.000000%, delta_objective=0.000000
[progress] t=167.000s, gap=0.020000%, objective=136612.800000, delta_gap=0.000000%, delta_objective=0.000000
[progress] t=168.000s, gap=0.020000%, objective=136612.800000, delta_gap=0.000000%, delta_objective=0.000000
[progress] t=169.000s, gap=0.020000%, objective=136612.800000, delta_gap=0.000000%, delta_objective=0.000000
[progress] t=170.000s, gap=0.020000%, objective=136612.800000, delta_gap=0.000000%, delta_objective=0.000000
[progress] t=171.000s, gap=0.020000%, objective=136612.800000, delta_gap=0.000000%, delta_objective=0.000000
[progress] t=173.000s, gap=0.020000%, objective=136612.800000, delta_gap=0.000000%, delta_objective=0.000000
[progress] t=174.000s, gap=0.020000%, objective=136612.800000, delta_gap=0.000000%, delta_objective=0.000000
[progress] t=175.000s, gap=0.020000%, objective=136612.800000, delta_gap=0.000000%, delta_objective=0.000000
[progress] t=177.000s, gap=0.020000%, objective=136612.800000, delta_gap=0.000000%, delta_objective=0.000000
[progress] t=178.000s, gap=0.020000%, objective=136612.800000, delta_gap=0.000000%, delta_objective=0.000000
[progress] t=180.000s, gap=0.020000%, objective=136612.800000, delta_gap=0.000000%, delta_objective=0.000000
[progress] t=182.000s, gap=0.020000%, objective=136612.800000, delta_gap=0.000000%, delta_objective=0.000000
[progress] t=183.000s, gap=0.020000%, objective=136612.800000, delta_gap=0.000000%, delta_objective=0.000000
[progress] t=186.000s, gap=0.020000%, objective=136612.800000, delta_gap=0.000000%, delta_objective=0.000000
[progress] t=188.000s, gap=0.020000%, objective=136612.800000, delta_gap=0.000000%, delta_objective=0.000000
[progress] t=190.000s, gap=0.020000%, objective=136612.800000, delta_gap=0.000000%, delta_objective=0.000000
[progress] t=192.000s, gap=0.020000%, objective=136612.800000, delta_gap=0.000000%, delta_objective=0.000000
[progress] t=193.000s, gap=0.020000%, objective=136612.800000, delta_gap=0.000000%, delta_objective=0.000000
[progress] t=195.000s, gap=0.020000%, objective=136612.800000, delta_gap=0.000000%, delta_objective=0.000000
[progress] t=197.000s, gap=0.020000%, objective=136612.800000, delta_gap=0.000000%, delta_objective=0.000000
[progress] t=199.000s, gap=0.020000%, objective=136612.800000, delta_gap=0.000000%, delta_objective=0.000000
[progress] t=200.000s, gap=0.020000%, objective=136612.800000, delta_gap=0.000000%, delta_objective=0.000000
[progress] t=202.000s, gap=0.020000%, objective=136612.800000, delta_gap=0.000000%, delta_objective=0.000000
[progress] t=204.000s, gap=0.020000%, objective=136612.800000, delta_gap=0.000000%, delta_objective=0.000000
[progress] t=206.000s, gap=0.020000%, objective=136612.800000, delta_gap=0.000000%, delta_objective=0.000000
[progress] t=208.000s, gap=0.020000%, objective=136612.800000, delta_gap=0.000000%, delta_objective=0.000000
[progress] t=210.000s, gap=0.020000%, objective=136612.800000, delta_gap=0.000000%, delta_objective=0.000000
[progress] t=212.000s, gap=0.020000%, objective=136612.800000, delta_gap=0.000000%, delta_objective=0.000000
[progress] t=213.000s, gap=0.020000%, objective=136612.800000, delta_gap=0.000000%, delta_objective=0.000000
[progress] t=214.000s, gap=0.020000%, objective=136612.800000, delta_gap=0.000000%, delta_objective=0.000000
[progress] t=216.000s, gap=0.020000%, objective=136612.800000, delta_gap=0.000000%, delta_objective=0.000000
[progress] t=218.000s, gap=0.020000%, objective=136612.800000, delta_gap=0.000000%, delta_objective=0.000000
[progress] t=221.000s, gap=0.020000%, objective=136612.800000, delta_gap=0.000000%, delta_objective=0.000000
[progress] t=223.000s, gap=0.020000%, objective=136612.800000, delta_gap=0.000000%, delta_objective=0.000000
[progress] t=225.000s, gap=0.020000%, objective=136612.800000, delta_gap=0.000000%, delta_objective=0.000000
[progress] t=227.000s, gap=0.020000%, objective=136612.800000, delta_gap=0.000000%, delta_objective=0.000000
[progress] t=228.000s, gap=0.020000%, objective=136612.800000, delta_gap=0.000000%, delta_objective=0.000000
[progress] t=229.000s, gap=0.020000%, objective=136612.800000, delta_gap=0.000000%, delta_objective=0.000000
[progress] t=231.000s, gap=0.020000%, objective=136612.800000, delta_gap=0.000000%, delta_objective=0.000000
[progress] t=232.000s, gap=0.020000%, objective=136612.800000, delta_gap=0.000000%, delta_objective=0.000000
[progress] t=233.000s, gap=0.020000%, objective=136612.800000, delta_gap=0.000000%, delta_objective=0.000000
[progress] t=235.000s, gap=0.020000%, objective=136612.800000, delta_gap=0.000000%, delta_objective=0.000000
[progress] t=237.000s, gap=0.020000%, objective=136612.800000, delta_gap=0.000000%, delta_objective=0.000000
[progress] t=238.000s, gap=0.020000%, objective=136612.800000, delta_gap=0.000000%, delta_objective=0.000000
[progress] t=239.000s, gap=0.020000%, objective=136612.800000, delta_gap=0.000000%, delta_objective=0.000000
[progress] t=241.000s, gap=0.020000%, objective=136612.800000, delta_gap=0.000000%, delta_objective=0.000000
[progress] t=242.000s, gap=0.020000%, objective=136612.800000, delta_gap=0.000000%, delta_objective=0.000000
[progress] t=243.000s, gap=0.020000%, objective=136612.800000, delta_gap=0.000000%, delta_objective=0.000000
[progress] t=244.000s, gap=0.020000%, objective=136612.800000, delta_gap=0.000000%, delta_objective=0.000000
[progress] t=245.000s, gap=0.020000%, objective=136612.800000, delta_gap=0.000000%, delta_objective=0.000000
[progress] t=247.000s, gap=0.020000%, objective=136612.800000, delta_gap=0.000000%, delta_objective=0.000000
[progress] t=248.000s, gap=0.020000%, objective=136612.800000, delta_gap=0.000000%, delta_objective=0.000000
[progress] t=249.000s, gap=0.020000%, objective=136612.800000, delta_gap=0.000000%, delta_objective=0.000000
[progress] t=250.000s, gap=0.020000%, objective=136612.800000, delta_gap=0.000000%, delta_objective=0.000000
[progress] t=252.000s, gap=0.020000%, objective=136612.800000, delta_gap=0.000000%, delta_objective=0.000000
[progress] t=253.000s, gap=0.020000%, objective=136612.800000, delta_gap=0.000000%, delta_objective=0.000000
[progress] t=254.000s, gap=0.020000%, objective=136612.800000, delta_gap=0.000000%, delta_objective=0.000000
[progress] t=255.000s, gap=0.020000%, objective=136612.800000, delta_gap=0.000000%, delta_objective=0.000000
[progress] t=256.000s, gap=0.020000%, objective=136612.800000, delta_gap=0.000000%, delta_objective=0.000000
[progress] t=257.000s, gap=0.020000%, objective=136612.800000, delta_gap=0.000000%, delta_objective=0.000000
[progress] t=258.000s, gap=0.020000%, objective=136612.800000, delta_gap=0.000000%, delta_objective=0.000000
[progress] t=259.000s, gap=0.020000%, objective=136612.800000, delta_gap=0.000000%, delta_objective=0.000000
[progress] t=260.000s, gap=0.020000%, objective=136612.800000, delta_gap=0.000000%, delta_objective=0.000000
[progress] t=261.000s, gap=0.020000%, objective=136612.800000, delta_gap=0.000000%, delta_objective=0.000000
[progress] t=263.000s, gap=0.020000%, objective=136612.800000, delta_gap=0.000000%, delta_objective=0.000000
[progress] t=264.000s, gap=0.020000%, objective=136612.800000, delta_gap=0.000000%, delta_objective=0.000000
[progress] t=265.000s, gap=0.020000%, objective=136612.800000, delta_gap=0.000000%, delta_objective=0.000000
[progress] t=266.000s, gap=0.020000%, objective=136612.800000, delta_gap=0.000000%, delta_objective=0.000000
[progress] t=267.000s, gap=0.020000%, objective=136612.800000, delta_gap=0.000000%, delta_objective=0.000000
[progress] t=268.000s, gap=0.020000%, objective=136612.800000, delta_gap=0.000000%, delta_objective=0.000000
[progress] t=269.000s, gap=0.020000%, objective=136612.800000, delta_gap=0.000000%, delta_objective=0.000000
[progress] t=271.000s, gap=0.020000%, objective=136612.800000, delta_gap=0.000000%, delta_objective=0.000000
[progress] t=272.000s, gap=0.020000%, objective=136612.800000, delta_gap=0.000000%, delta_objective=0.000000
[progress] t=273.000s, gap=0.020000%, objective=136612.800000, delta_gap=0.000000%, delta_objective=0.000000
[progress] t=274.000s, gap=0.020000%, objective=136612.800000, delta_gap=0.000000%, delta_objective=0.000000
[progress] t=275.000s, gap=0.020000%, objective=136612.800000, delta_gap=0.000000%, delta_objective=0.000000
[progress] t=276.000s, gap=0.020000%, objective=136612.800000, delta_gap=0.000000%, delta_objective=0.000000
[progress] t=277.000s, gap=0.020000%, objective=136612.800000, delta_gap=0.000000%, delta_objective=0.000000
[progress] t=278.000s, gap=0.020000%, objective=136612.800000, delta_gap=0.000000%, delta_objective=0.000000
[progress] t=280.000s, gap=0.020000%, objective=136612.800000, delta_gap=0.000000%, delta_objective=0.000000
[progress] t=281.000s, gap=0.020000%, objective=136612.800000, delta_gap=0.000000%, delta_objective=0.000000
[progress] t=282.000s, gap=0.020000%, objective=136612.800000, delta_gap=0.000000%, delta_objective=0.000000
[progress] t=284.000s, gap=0.020000%, objective=136612.800000, delta_gap=0.000000%, delta_objective=0.000000
[progress] t=285.000s, gap=0.020000%, objective=136612.800000, delta_gap=0.000000%, delta_objective=0.000000
[progress] t=287.000s, gap=0.020000%, objective=136612.800000, delta_gap=0.000000%, delta_objective=0.000000
[progress] t=288.000s, gap=0.020000%, objective=136612.800000, delta_gap=0.000000%, delta_objective=0.000000
[progress] t=289.000s, gap=0.020000%, objective=136612.800000, delta_gap=0.000000%, delta_objective=0.000000
[progress] t=291.000s, gap=0.020000%, objective=136612.800000, delta_gap=0.000000%, delta_objective=0.000000
[progress] t=293.000s, gap=0.020000%, objective=136612.800000, delta_gap=0.000000%, delta_objective=0.000000
[progress] t=294.000s, gap=0.020000%, objective=136612.800000, delta_gap=0.000000%, delta_objective=0.000000
[progress] t=295.000s, gap=0.020000%, objective=136612.800000, delta_gap=0.000000%, delta_objective=0.000000
[progress] t=296.000s, gap=0.020000%, objective=136612.800000, delta_gap=0.000000%, delta_objective=0.000000
[progress] t=297.000s, gap=0.020000%, objective=136612.800000, delta_gap=0.000000%, delta_objective=0.000000
[progress] t=298.000s, gap=0.020000%, objective=136612.800000, delta_gap=0.000000%, delta_objective=0.000000
[progress] t=299.000s, gap=0.020000%, objective=136612.800000, delta_gap=0.000000%, delta_objective=0.000000
[progress]过程数据与图片输出目录：D:\研一上\研究课题\bld\bld_new\v_by_v_warmstart_parallel+timelimit_force\parallel_runs\outputs\i200v2t300_scip_progress
[progress]整车整体 MIP 原生日志：D:\研一上\研究课题\bld\bld_new\v_by_v_warmstart_parallel+timelimit_force\parallel_runs\outputs\i200v2t300_scip_progress\scip_raw.log
[progress]过程数据 CSV：D:\研一上\研究课题\bld\bld_new\v_by_v_warmstart_parallel+timelimit_force\parallel_runs\outputs\i200v2t300_scip_progress\scip_progress_data.csv
[progress]图1 Gap 全程曲线（分钟制）：D:\研一上\研究课题\bld\bld_new\v_by_v_warmstart_parallel+timelimit_force\parallel_runs\outputs\i200v2t300_scip_progress\gap_vs_time.png
[progress]图2 目标值全程曲线（分钟制）：D:\研一上\研究课题\bld\bld_new\v_by_v_warmstart_parallel+timelimit_force\parallel_runs\outputs\i200v2t300_scip_progress\objective_vs_time.png
[progress]图3 Delta Gap 散点图（首次可行解后）：D:\研一上\研究课题\bld\bld_new\v_by_v_warmstart_parallel+timelimit_force\parallel_runs\outputs\i200v2t300_scip_progress\delta_gap_vs_time.png
[progress]图4 Delta 目标值散点图（首次可行解后）：D:\研一上\研究课题\bld\bld_new\v_by_v_warmstart_parallel+timelimit_force\parallel_runs\outputs\i200v2t300_scip_progress\delta_objective_vs_time.png
[progress]图5 Gap 聚焦曲线（首次可行解后）：D:\研一上\研究课题\bld\bld_new\v_by_v_warmstart_parallel+timelimit_force\parallel_runs\outputs\i200v2t300_scip_progress\gap_vs_time_post_feasible.png
[progress]图6 目标值聚焦曲线（首次可行解后）：D:\研一上\研究课题\bld\bld_new\v_by_v_warmstart_parallel+timelimit_force\parallel_runs\outputs\i200v2t300_scip_progress\objective_vs_time_post_feasible.png
[progress]图7 Delta Gap 聚焦散点图：D:\研一上\研究课题\bld\bld_new\v_by_v_warmstart_parallel+timelimit_force\parallel_runs\outputs\i200v2t300_scip_progress\delta_gap_vs_time_post_feasible.png
[progress]图8 Delta 目标值聚焦散点图：D:\研一上\研究课题\bld\bld_new\v_by_v_warmstart_parallel+timelimit_force\parallel_runs\outputs\i200v2t300_scip_progress\delta_objective_vs_time_post_feasible.png
[SCIP] Solver status: timelimit
[debug] n_sols = 100
[debug] best_sol_is_none = False
[debug] warmstart_loaded = True
[debug] main_runtime_sec = 299.708
[debug] total_runtime_sec = 600.450
[SCIP] Best objective (bestSol): 136612.83305098893
[SCIP] Final relative gap: 0.00020394703180917078

=== 求解结果摘要 ===
[result]运行时间：600.450 s
[result]求解状态：timelimit
[result]目标值：136612.833051
[result]使用批次数量：3
[result]使用批次钼品位区间：0.5–0.55
[result]使用批次铜品位区间：0–0.005; 0.005–0.01; 0.01–0.015
[result]使用车次数量：2
[result]使用SKU数量：51
[result]结果文件：D:\研一上\研究课题\bld\bld_new\v_by_v_warmstart_parallel+timelimit_force\parallel_runs\outputs\i200v2t300.xlsx
[success]求解完成! 结果已保存到 D:\研一上\研究课题\bld\bld_new\v_by_v_warmstart_parallel+timelimit_force\parallel_runs\outputs\i200v2t300.xlsx
